meeting_key,session_key,stint_number,driver_number,lap_start,lap_end,compound,tyre_age_at_start
1229,9468,1,55,1.0,4.0,MEDIUM,0
1229,9468,1,16,1.0,4.0,MEDIUM,0
1229,9468,1,31,1.0,4.0,MEDIUM,0
1229,9468,1,10,1.0,4.0,MEDIUM,0
1229,9468,1,23,1.0,4.0,SOFT,0
1229,9468,1,3,1.0,4.0,SOFT,0
1229,9468,1,27,1.0,4.0,SOFT,0
1229,9468,1,2,1.0,4.0,SOFT,0
1229,9468,1,22,1.0,4.0,SOFT,0
1229,9468,1,24,1.0,4.0,SOFT,0
1229,9468,1,20,1.0,4.0,SOFT,0
1229,9468,1,77,1.0,4.0,SOFT,0
1229,9468,1,81,1.0,4.0,SOFT,0
1229,9468,1,18,1.0,4.0,SOFT,0
1229,9468,1,4,1.0,4.0,SOFT,0
1229,9468,1,14,1.0,4.0,SOFT,0
1229,9468,1,1,1.0,4.0,SOFT,0
1229,9468,1,63,1.0,4.0,SOFT,0
1229,9468,1,44,1.0,4.0,SOFT,0
1229,9468,1,11,1.0,4.0,SOFT,0
1229,9468,2,16,4.0,7.0,SOFT,0
1229,9468,2,31,4.0,7.0,SOFT,0
1229,9468,2,55,4.0,7.0,SOFT,0
1229,9468,2,10,4.0,7.0,SOFT,0
1229,9468,2,24,4.0,6.0,SOFT,0
1229,9468,2,27,4.0,7.0,SOFT,0
1229,9468,2,81,4.0,7.0,SOFT,0
1229,9468,2,20,4.0,7.0,SOFT,0
1229,9468,2,77,4.0,6.0,SOFT,0
1229,9468,2,23,4.0,7.0,SOFT,0
1229,9468,2,2,4.0,6.0,SOFT,0
1229,9468,2,22,4.0,7.0,SOFT,0
1229,9468,2,3,4.0,7.0,SOFT,0
1229,9468,2,18,4.0,7.0,SOFT,0
1229,9468,2,44,4.0,7.0,SOFT,0
1229,9468,2,63,4.0,6.0,SOFT,3
1229,9468,2,14,4.0,6.0,SOFT,3
1229,9468,3,31,7.0,9.0,SOFT,0
1229,9468,3,16,7.0,8.0,SOFT,0
1229,9468,2,4,4.0,5.0,SOFT,0
1229,9468,2,1,4.0,7.0,SOFT,3
1229,9468,2,11,4.0,7.0,SOFT,3
1229,9468,3,10,7.0,9.0,SOFT,0
1229,9468,3,20,7.0,10.0,SOFT,3
1229,9468,3,27,7.0,10.0,SOFT,3
1229,9468,3,81,7.0,10.0,SOFT,3
1229,9468,3,4,5.0,8.0,SOFT,1
1229,9468,3,18,7.0,10.0,SOFT,3
1229,9468,3,3,7.0,10.0,SOFT,3
1229,9468,3,22,7.0,10.0,SOFT,3
1229,9468,3,14,6.0,9.0,SOFT,0
1229,9468,3,23,7.0,10.0,SOFT,3
1229,9468,3,55,7.0,10.0,SOFT,0
1229,9468,4,16,8.0,11.0,SOFT,3
1229,9468,3,1,7.0,10.0,SOFT,0
1229,9468,3,11,7.0,10.0,SOFT,0
1229,9468,3,63,6.0,9.0,SOFT,5
1229,9468,3,44,7.0,10.0,SOFT,3
1229,9468,4,27,10.0,13.0,SOFT,0
1229,9468,4,81,10.0,13.0,SOFT,0
1229,9468,4,20,10.0,12.0,SOFT,0
1229,9468,4,23,10.0,12.0,SOFT,0
1229,9468,4,18,10.0,12.0,SOFT,0
1229,9468,4,3,10.0,12.0,SOFT,0
1229,9468,4,22,10.0,12.0,SOFT,0
1229,9468,4,14,9.0,12.0,SOFT,0
1229,9468,4,55,10.0,13.0,SOFT,0
1229,9468,5,16,11.0,14.0,SOFT,0
1229,9468,4,1,10.0,12.0,SOFT,3
1229,9468,4,11,10.0,12.0,SOFT,0
1229,9468,4,4,8.0,10.0,SOFT,0
1229,9468,4,63,9.0,12.0,SOFT,0
1229,9468,4,44,10.0,13.0,SOFT,0
1229,9468,5,27,13.0,16.0,SOFT,3
1229,9468,5,4,10.0,13.0,SOFT,2
1229,9468,5,81,13.0,16.0,SOFT,3
1229,9468,5,63,12.0,15.0,SOFT,0
1229,9468,5,1,12.0,15.0,SOFT,0
1229,9468,5,44,13.0,16.0,SOFT,3
1229,9468,5,11,12.0,15.0,SOFT,2
1229,9468,5,55,13.0,16.0,SOFT,0
1229,9468,6,16,14.0,16.0,SOFT,1
1229,9468,5,14,12.0,14.0,SOFT,0
1229,9468,6,81,16.0,18.0,SOFT,0
1229,9468,6,4,13.0,15.0,SOFT,0
1229,9468,6,27,16.0,18.0,SOFT,3
1229,9468,6,63,15.0,17.0,SOFT,0
1229,9468,6,44,16.0,18.0,SOFT,0
1229,9468,6,1,15.0,17.0,SOFT,0
1229,9468,7,16,17.0,19.0,SOFT,0
1229,9468,6,55,16.0,18.0,SOFT,0
1229,9468,6,11,15.0,17.0,SOFT,0
1229,9472,1,1,1.0,17.0,SOFT,3
1229,9472,1,3,1.0,13.0,SOFT,3
1229,9472,1,14,1.0,15.0,SOFT,3
1229,9472,1,10,1.0,12.0,SOFT,0
1229,9472,1,81,1.0,12.0,SOFT,3
1229,9472,1,18,1.0,9.0,SOFT,0
1229,9472,1,27,1.0,1.0,SOFT,0
1229,9472,1,22,1.0,14.0,SOFT,0
1229,9472,1,31,1.0,10.0,SOFT,0
1229,9472,1,4,1.0,13.0,SOFT,3
1229,9472,1,2,1.0,10.0,SOFT,0
1229,9472,1,77,1.0,12.0,SOFT,0
1229,9472,1,63,1.0,11.0,SOFT,3
1229,9472,1,23,1.0,15.0,SOFT,0
1229,9472,1,16,1.0,11.0,SOFT,3
1229,9472,1,44,1.0,12.0,SOFT,3
1229,9472,1,20,1.0,11.0,SOFT,0
1229,9472,1,11,1.0,12.0,SOFT,3
1229,9472,1,24,1.0,9.0,SOFT,0
1229,9472,1,55,1.0,14.0,SOFT,3
1229,9472,2,27,2.0,20.0,HARD,0
1229,9472,2,24,10.0,28.0,HARD,0
1229,9472,2,18,10.0,27.0,HARD,0
1229,9472,2,31,11.0,30.0,HARD,0
1229,9472,2,2,11.0,28.0,HARD,0
1229,9472,2,63,12.0,31.0,HARD,0
1229,9472,2,16,12.0,34.0,HARD,0
1229,9472,2,20,12.0,32.0,HARD,0
1229,9472,2,11,13.0,36.0,HARD,0
1229,9472,2,81,13.0,34.0,HARD,0
1229,9472,2,44,13.0,33.0,HARD,0
1229,9472,2,77,13.0,30.0,HARD,0
1229,9472,2,10,13.0,31.0,HARD,0
1229,9472,2,4,14.0,33.0,HARD,0
1229,9472,2,3,14.0,35.0,HARD,0
1229,9472,2,55,15.0,35.0,HARD,0
1229,9472,2,22,15.0,34.0,HARD,0
1229,9472,2,14,16.0,41.0,HARD,0
1229,9472,2,23,16.0,36.0,HARD,0
1229,9472,2,1,18.0,37.0,HARD,0
1229,9472,3,27,21.0,41.0,HARD,0
1229,9472,3,18,28.0,57.0,HARD,0
1229,9472,3,24,29.0,56.0,HARD,0
1229,9472,3,2,29.0,40.0,HARD,0
1229,9472,3,31,31.0,56.0,HARD,0
1229,9472,3,63,32.0,57.0,HARD,0
1229,9472,3,77,31.0,56.0,HARD,0
1229,9472,3,10,32.0,43.0,HARD,0
1229,9472,3,20,33.0,56.0,HARD,0
1229,9472,3,4,34.0,57.0,HARD,0
1229,9472,3,44,34.0,57.0,HARD,0
1229,9472,3,16,35.0,57.0,HARD,0
1229,9472,3,81,35.0,57.0,HARD,0
1229,9472,3,22,35.0,56.0,HARD,0
1229,9472,3,55,36.0,57.0,HARD,0
1229,9472,3,3,36.0,56.0,SOFT,0
1229,9472,3,11,37.0,57.0,SOFT,0
1229,9472,3,23,37.0,56.0,HARD,0
1229,9472,3,1,38.0,57.0,SOFT,0
1229,9472,3,14,42.0,57.0,HARD,0
1229,9472,4,2,41.0,55.0,SOFT,0
1229,9472,4,27,42.0,56.0,SOFT,0
1229,9472,4,10,44.0,56.0,SOFT,0
1230,9476,1,20,1.0,6.0,SOFT,0
1230,9476,1,2,1.0,7.0,SOFT,0
1230,9476,1,27,1.0,6.0,SOFT,0
1230,9476,1,77,1.0,6.0,SOFT,0
1230,9476,1,31,1.0,7.0,SOFT,0
1230,9476,1,10,1.0,7.0,SOFT,0
1230,9476,1,81,1.0,6.0,SOFT,0
1230,9476,1,23,1.0,6.0,SOFT,0
1230,9476,1,4,1.0,6.0,SOFT,0
1230,9476,1,14,1.0,7.0,SOFT,0
1230,9476,1,18,1.0,6.0,SOFT,0
1230,9476,1,38,1.0,8.0,SOFT,0
1230,9476,1,44,1.0,4.0,MEDIUM,0
1230,9476,1,63,1.0,4.0,MEDIUM,0
1230,9476,1,16,1.0,9.0,SOFT,0
1230,9476,1,11,1.0,4.0,SOFT,0
1230,9476,1,1,1.0,4.0,SOFT,0
1230,9476,1,3,1.0,4.0,SOFT,0
1230,9476,1,22,1.0,4.0,SOFT,0
1230,9476,2,44,4.0,10.0,SOFT,0
1230,9476,2,63,4.0,9.0,SOFT,0
1230,9476,2,20,6.0,9.0,SOFT,0
1230,9476,2,27,6.0,9.0,SOFT,0
1230,9476,2,77,6.0,9.0,SOFT,0
1230,9476,2,4,6.0,9.0,SOFT,5
1230,9476,2,81,6.0,9.0,SOFT,5
1230,9476,2,10,7.0,9.0,SOFT,0
1230,9476,2,31,7.0,10.0,SOFT,0
1230,9476,2,23,6.0,9.0,SOFT,0
1230,9476,2,2,7.0,9.0,SOFT,0
1230,9476,2,11,4.0,7.0,SOFT,3
1230,9476,2,1,4.0,7.0,SOFT,3
1230,9476,2,3,4.0,7.0,SOFT,0
1230,9476,2,22,4.0,7.0,SOFT,0
1230,9476,2,18,6.0,9.0,SOFT,0
1230,9476,2,38,8.0,10.0,SOFT,0
1230,9476,2,14,7.0,9.0,SOFT,6
1230,9476,1,24,1.0,2.0,SOFT,0
1230,9476,3,20,9.0,12.0,SOFT,0
1230,9476,3,27,9.0,10.0,SOFT,0
1230,9476,3,44,10.0,13.0,SOFT,0
1230,9476,3,63,9.0,12.0,SOFT,0
1230,9476,3,81,9.0,12.0,SOFT,0
1230,9476,3,4,9.0,12.0,SOFT,0
1230,9476,3,38,10.0,12.0,SOFT,2
1230,9476,2,16,9.0,11.0,SOFT,0
1230,9476,3,23,9.0,11.0,SOFT,3
1230,9476,3,11,7.0,8.0,SOFT,0
1230,9476,4,38,12.0,14.0,SOFT,0
1230,9476,4,44,13.0,16.0,SOFT,3
1230,9476,4,63,12.0,15.0,SOFT,3
1230,9476,3,3,7.0,10.0,SOFT,0
1230,9476,4,11,8.0,11.0,SOFT,1
1230,9476,3,18,9.0,12.0,SOFT,0
1230,9476,3,14,9.0,12.0,SOFT,0
1230,9476,3,1,7.0,10.0,SOFT,0
1230,9476,4,20,12.0,15.0,SOFT,3
1230,9476,3,22,7.0,10.0,SOFT,0
1230,9476,3,16,11.0,14.0,SOFT,2
1230,9476,4,23,11.0,14.0,SOFT,5
1230,9476,4,81,12.0,17.0,SOFT,0
1230,9476,4,4,12.0,17.0,SOFT,0
1230,9476,5,38,14.0,18.0,SOFT,0
1230,9476,5,23,14.0,16.0,SOFT,8
1230,9476,5,20,15.0,17.0,SOFT,0
1230,9476,5,44,16.0,19.0,SOFT,0
1230,9476,5,63,15.0,18.0,SOFT,0
1230,9476,5,11,11.0,14.0,SOFT,4
1230,9476,4,22,10.0,13.0,SOFT,0
1230,9476,4,3,10.0,12.0,SOFT,0
1230,9476,4,1,10.0,13.0,SOFT,3
1230,9476,4,16,14.0,17.0,SOFT,0
1230,9476,4,18,12.0,14.0,SOFT,0
1230,9476,5,16,17.0,21.0,SOFT,0
1230,9476,6,44,19.0,22.0,SOFT,6
1230,9476,6,63,18.0,21.0,SOFT,3
1230,9476,5,81,17.0,20.0,SOFT,0
1230,9476,5,4,17.0,20.0,SOFT,3
1230,9476,5,22,13.0,16.0,SOFT,3
1230,9476,6,11,14.0,17.0,SOFT,0
1230,9476,4,14,12.0,15.0,SOFT,0
1230,9476,5,1,13.0,16.0,SOFT,0
1230,9476,5,18,14.0,17.0,SOFT,2
1230,9476,7,44,22.0,24.0,SOFT,0
1230,9476,7,63,21.0,22.0,SOFT,0
1230,9476,6,4,20.0,22.0,SOFT,0
1230,9476,6,81,20.0,22.0,SOFT,0
1230,9476,6,1,16.0,18.0,SOFT,0
1230,9476,7,11,17.0,19.0,SOFT,0
1230,9476,6,22,16.0,18.0,SOFT,0
1230,9476,6,16,21.0,23.0,SOFT,0
1230,9476,6,18,17.0,19.0,SOFT,0
1230,9476,5,14,15.0,17.0,SOFT,0
1230,9480,1,22,1.0,7.0,MEDIUM,0
1230,9480,1,2,1.0,7.0,MEDIUM,0
1230,9480,1,11,1.0,7.0,MEDIUM,0
1230,9480,1,23,1.0,7.0,MEDIUM,0
1230,9480,1,63,1.0,7.0,MEDIUM,0
1230,9480,1,18,1.0,5.0,MEDIUM,1
1230,9480,1,44,1.0,36.0,MEDIUM,0
1230,9480,1,3,1.0,7.0,MEDIUM,0
1230,9480,1,14,1.0,7.0,MEDIUM,1
1230,9480,1,4,1.0,37.0,MEDIUM,0
1230,9480,1,24,1.0,41.0,MEDIUM,0
1230,9480,1,10,1.0,1.0,MEDIUM,0
1230,9480,1,81,1.0,7.0,MEDIUM,0
1230,9480,1,20,1.0,7.0,MEDIUM,0
1230,9480,1,31,1.0,7.0,MEDIUM,0
1230,9480,1,77,1.0,7.0,SOFT,0
1230,9480,1,1,1.0,7.0,MEDIUM,0
1230,9480,1,27,1.0,33.0,MEDIUM,0
1230,9480,1,16,1.0,7.0,MEDIUM,0
1230,9480,1,38,1.0,7.0,SOFT,0
1230,9480,2,1,8.0,50.0,HARD,0
1230,9480,2,11,8.0,50.0,HARD,0
1230,9480,2,16,8.0,50.0,HARD,0
1230,9480,2,14,8.0,50.0,HARD,1
1230,9480,2,81,8.0,50.0,HARD,1
1230,9480,2,63,8.0,50.0,HARD,0
1230,9480,2,20,8.0,50.0,HARD,0
1230,9480,2,22,8.0,49.0,HARD,0
1230,9480,2,38,8.0,50.0,HARD,0
1230,9480,2,23,8.0,50.0,HARD,0
1230,9480,2,77,8.0,35.0,HARD,0
1230,9480,2,2,8.0,49.0,HARD,0
1230,9480,2,31,8.0,49.0,HARD,0
1230,9480,2,3,8.0,49.0,HARD,0
1230,9480,2,27,34.0,50.0,HARD,0
1230,9480,3,77,36.0,49.0,SOFT,0
1230,9480,2,44,37.0,50.0,SOFT,3
1230,9480,2,4,38.0,50.0,SOFT,1
1230,9480,2,24,42.0,49.0,SOFT,0
1231,9484,1,23,1.0,7.0,SOFT,0
1231,9484,1,31,1.0,5.0,SOFT,0
1231,9484,1,10,1.0,5.0,SOFT,0
1231,9484,1,27,1.0,6.0,SOFT,0
1231,9484,1,20,1.0,5.0,SOFT,0
1231,9484,1,77,1.0,7.0,SOFT,0
1231,9484,1,24,1.0,7.0,SOFT,0
1231,9484,1,1,1.0,4.0,SOFT,0
1231,9484,1,11,1.0,7.0,SOFT,0
1231,9484,1,18,1.0,7.0,SOFT,0
1231,9484,1,14,1.0,7.0,SOFT,0
1231,9484,1,55,1.0,7.0,SOFT,0
1231,9484,1,16,1.0,7.0,SOFT,0
1231,9484,1,4,1.0,6.0,SOFT,0
1231,9484,1,81,1.0,6.0,SOFT,0
1231,9484,1,63,1.0,7.0,SOFT,0
1231,9484,1,44,1.0,10.0,SOFT,0
1231,9484,1,22,1.0,4.0,SOFT,0
1231,9484,1,3,1.0,4.0,SOFT,0
1231,9484,2,1,4.0,7.0,SOFT,0
1231,9484,2,10,5.0,11.0,SOFT,0
1231,9484,2,31,5.0,12.0,SOFT,0
1231,9484,2,11,7.0,10.0,SOFT,6
1231,9484,2,23,7.0,10.0,SOFT,0
1231,9484,3,1,7.0,10.0,SOFT,6
1231,9484,2,27,6.0,8.0,SOFT,0
1231,9484,2,20,5.0,8.0,SOFT,0
1231,9484,2,3,4.0,6.0,SOFT,0
1231,9484,2,18,7.0,10.0,SOFT,0
1231,9484,2,77,7.0,10.0,SOFT,0
1231,9484,2,24,7.0,9.0,SOFT,0
1231,9484,2,81,6.0,8.0,SOFT,5
1231,9484,2,22,4.0,7.0,SOFT,0
1231,9484,2,63,7.0,10.0,SOFT,6
1231,9484,2,4,6.0,8.0,SOFT,0
1231,9484,2,55,7.0,10.0,SOFT,0
1231,9484,3,31,12.0,15.0,SOFT,6
1231,9484,4,1,10.0,13.0,SOFT,0
1231,9484,2,16,7.0,10.0,SOFT,5
1231,9484,3,23,10.0,13.0,SOFT,0
1231,9484,3,18,10.0,14.0,SOFT,0
1231,9484,2,14,7.0,11.0,SOFT,0
1231,9484,3,11,10.0,13.0,SOFT,0
1231,9484,3,4,8.0,11.0,SOFT,0
1231,9484,2,44,10.0,13.0,SOFT,0
1231,9484,3,63,10.0,14.0,SOFT,0
1231,9484,3,81,8.0,11.0,SOFT,0
1231,9484,3,77,10.0,13.0,SOFT,2
1231,9484,3,22,7.0,10.0,SOFT,3
1231,9484,3,20,8.0,11.0,SOFT,3
1231,9484,5,1,13.0,16.0,SOFT,3
1231,9484,4,31,15.0,21.0,SOFT,0
1231,9484,3,55,10.0,13.0,SOFT,0
1231,9484,4,11,13.0,16.0,SOFT,3
1231,9484,3,16,10.0,13.0,SOFT,0
1231,9484,4,23,13.0,15.0,SOFT,0
1231,9484,3,14,11.0,16.0,SOFT,0
1231,9484,4,18,14.0,19.0,SOFT,0
1231,9484,3,44,13.0,15.0,SOFT,0
1231,9484,4,20,11.0,13.0,SOFT,0
1231,9484,4,77,13.0,15.0,SOFT,0
1231,9484,4,63,14.0,17.0,SOFT,0
1231,9484,4,22,10.0,13.0,SOFT,0
1231,9484,4,16,13.0,16.0,SOFT,3
1231,9484,4,4,11.0,14.0,SOFT,0
1231,9484,4,81,11.0,13.0,SOFT,0
1231,9484,5,11,16.0,17.0,SOFT,6
1231,9484,4,55,13.0,16.0,SOFT,0
1231,9484,4,14,16.0,18.0,SOFT,4
1231,9484,5,63,17.0,20.0,SOFT,3
1231,9484,5,16,16.0,19.0,SOFT,0
1231,9484,5,22,13.0,16.0,SOFT,0
1231,9484,5,81,13.0,16.0,SOFT,0
1231,9484,6,1,16.0,19.0,SOFT,0
1231,9484,5,4,14.0,17.0,SOFT,0
1231,9484,6,11,17.0,20.0,SOFT,0
1231,9484,5,18,19.0,23.0,SOFT,0
1231,9484,6,63,20.0,23.0,SOFT,0
1231,9484,5,14,18.0,21.0,SOFT,0
1231,9484,7,1,19.0,21.0,SOFT,0
1231,9484,7,11,20.0,22.0,SOFT,0
1231,9484,6,81,16.0,18.0,SOFT,0
1231,9484,5,55,16.0,18.0,SOFT,0
1231,9484,6,4,17.0,19.0,SOFT,0
1231,9484,6,16,19.0,20.0,SOFT,0
1231,9484,6,22,16.0,18.0,SOFT,0
1231,9488,1,27,1.0,17.0,HARD,0
1231,9488,1,16,1.0,9.0,MEDIUM,0
1231,9488,1,11,1.0,14.0,MEDIUM,0
1231,9488,1,22,1.0,9.0,MEDIUM,0
1231,9488,1,63,1.0,8.0,MEDIUM,0
1231,9488,1,18,1.0,8.0,MEDIUM,1
1231,9488,1,14,1.0,17.0,HARD,1
1231,9488,1,23,1.0,6.0,MEDIUM,0
1231,9488,1,3,1.0,5.0,SOFT,0
1231,9488,1,4,1.0,14.0,MEDIUM,0
1231,9488,1,24,1.0,6.0,SOFT,1
1231,9488,1,55,1.0,16.0,MEDIUM,0
1231,9488,1,44,1.0,7.0,SOFT,0
1231,9488,1,10,1.0,17.0,MEDIUM,0
1231,9488,1,81,1.0,9.0,MEDIUM,0
1231,9488,1,20,1.0,7.0,MEDIUM,0
1231,9488,1,31,1.0,9.0,MEDIUM,0
1231,9488,1,77,1.0,8.0,MEDIUM,1
1231,9488,1,1,1.0,3.0,MEDIUM,0
1231,9488,2,3,5.0,29.0,HARD,0
1231,9488,2,23,6.0,27.0,HARD,0
1231,9488,2,24,6.0,35.0,HARD,1
1231,9488,2,44,7.0,15.0,HARD,0
1231,9488,2,20,7.0,33.0,HARD,0
1231,9488,2,63,8.0,45.0,HARD,0
1231,9488,2,18,8.0,37.0,HARD,1
1231,9488,2,77,8.0,36.0,HARD,0
1231,9488,2,81,9.0,39.0,HARD,1
1231,9488,2,16,9.0,34.0,HARD,0
1231,9488,2,22,9.0,36.0,HARD,0
1231,9488,2,31,9.0,16.0,HARD,0
1231,9488,2,4,14.0,40.0,HARD,1
1231,9488,2,11,14.0,35.0,HARD,0
1231,9488,2,55,16.0,41.0,HARD,0
1231,9488,3,31,16.0,42.0,HARD,0
1231,9488,2,14,17.0,41.0,MEDIUM,1
1231,9488,2,27,17.0,35.0,MEDIUM,0
1231,9488,2,10,17.0,41.0,HARD,0
1231,9488,3,23,27.0,57.0,HARD,0
1231,9488,3,3,29.0,57.0,HARD,0
1231,9488,3,20,33.0,57.0,HARD,0
1231,9488,3,16,34.0,58.0,HARD,0
1231,9488,3,11,35.0,58.0,HARD,0
1231,9488,3,27,35.0,58.0,HARD,0
1231,9488,3,24,35.0,57.0,HARD,0
1231,9488,3,22,36.0,58.0,HARD,0
1231,9488,3,77,36.0,57.0,HARD,0
1231,9488,3,18,37.0,58.0,HARD,0
1231,9488,3,81,39.0,58.0,HARD,1
1231,9488,3,4,40.0,58.0,HARD,1
1231,9488,3,55,41.0,58.0,HARD,0
1231,9488,3,14,41.0,58.0,HARD,1
1231,9488,3,10,41.0,57.0,HARD,0
1231,9488,4,31,42.0,57.0,HARD,7
1231,9488,3,63,45.0,56.0,HARD,0
1232,9492,1,20,1.0,4.0,SOFT,0
1232,9492,1,2,1.0,4.0,SOFT,0
1232,9492,1,23,1.0,4.0,SOFT,0
1232,9492,1,11,1.0,4.0,SOFT,0
1232,9492,1,1,1.0,4.0,SOFT,0
1232,9492,1,16,1.0,4.0,SOFT,0
1232,9492,1,55,1.0,4.0,SOFT,0
1232,9492,1,44,1.0,4.0,SOFT,0
1232,9492,1,63,1.0,4.0,SOFT,0
1232,9492,1,81,1.0,4.0,SOFT,0
1232,9492,1,14,1.0,4.0,SOFT,0
1232,9492,1,18,1.0,4.0,SOFT,0
1232,9492,1,31,1.0,4.0,SOFT,0
1232,9492,1,3,1.0,4.0,SOFT,0
1232,9492,1,10,1.0,4.0,SOFT,0
1232,9492,1,27,1.0,4.0,SOFT,0
1232,9492,1,22,1.0,4.0,SOFT,0
1232,9492,1,77,1.0,4.0,SOFT,0
1232,9492,1,24,1.0,4.0,SOFT,0
1232,9492,1,4,1.0,4.0,SOFT,0
1232,9492,2,20,4.0,7.0,SOFT,0
1232,9492,2,23,4.0,7.0,SOFT,0
1232,9492,2,2,4.0,6.0,SOFT,0
1232,9492,2,10,4.0,6.0,SOFT,0
1232,9492,2,16,4.0,7.0,SOFT,0
1232,9492,3,20,7.0,9.0,SOFT,0
1232,9492,2,18,4.0,6.0,SOFT,0
1232,9492,2,27,4.0,7.0,SOFT,0
1232,9492,2,31,4.0,7.0,SOFT,0
1232,9492,2,3,4.0,7.0,SOFT,0
1232,9492,2,22,4.0,7.0,SOFT,0
1232,9492,2,77,4.0,7.0,SOFT,0
1232,9492,2,24,4.0,6.0,SOFT,0
1232,9492,2,4,4.0,5.0,SOFT,3
1232,9492,2,11,4.0,7.0,SOFT,0
1232,9492,2,1,4.0,7.0,SOFT,0
1232,9492,3,27,7.0,10.0,SOFT,3
1232,9492,2,81,4.0,7.0,SOFT,0
1232,9492,2,14,4.0,7.0,SOFT,0
1232,9492,2,44,4.0,7.0,SOFT,3
1232,9492,3,4,5.0,8.0,SOFT,0
1232,9492,3,22,7.0,10.0,SOFT,3
1232,9492,2,63,4.0,7.0,SOFT,3
1232,9492,3,31,7.0,10.0,SOFT,3
1232,9492,3,3,7.0,10.0,SOFT,0
1232,9492,3,16,7.0,10.0,SOFT,0
1232,9492,2,55,4.0,7.0,SOFT,0
1232,9492,3,77,7.0,10.0,SOFT,3
1232,9492,3,44,7.0,10.0,SOFT,0
1232,9492,3,63,7.0,10.0,SOFT,0
1232,9492,4,27,10.0,12.0,SOFT,0
1232,9492,4,31,10.0,12.0,SOFT,0
1232,9492,4,3,10.0,12.0,SOFT,0
1232,9492,3,23,7.0,9.0,SOFT,0
1232,9492,4,22,10.0,13.0,SOFT,0
1232,9492,4,77,10.0,12.0,SOFT,0
1232,9492,4,44,10.0,13.0,SOFT,0
1232,9492,4,63,10.0,13.0,SOFT,0
1232,9492,3,1,7.0,10.0,SOFT,0
1232,9492,3,11,7.0,10.0,SOFT,0
1232,9492,3,14,7.0,10.0,SOFT,0
1232,9492,3,55,7.0,10.0,SOFT,0
1232,9492,3,81,7.0,10.0,SOFT,0
1232,9492,5,22,13.0,16.0,SOFT,3
1232,9492,4,4,8.0,11.0,SOFT,0
1232,9492,4,16,10.0,12.0,SOFT,0
1232,9492,4,11,10.0,12.0,SOFT,0
1232,9492,4,1,10.0,12.0,SOFT,0
1232,9492,4,55,10.0,12.0,SOFT,0
1232,9492,6,22,16.0,18.0,SOFT,0
1232,9492,4,14,10.0,12.0,SOFT,0
1232,9492,5,4,11.0,13.0,SOFT,0
1232,9492,4,81,10.0,12.0,SOFT,0
1232,9492,5,44,13.0,15.0,SOFT,0
1232,9492,5,63,13.0,15.0,SOFT,0
1232,9496,1,1,1.0,1.0,MEDIUM,0
1232,9496,1,81,1.0,1.0,MEDIUM,0
1232,9496,1,63,1.0,1.0,MEDIUM,0
1232,9496,1,4,1.0,1.0,MEDIUM,0
1232,9496,1,44,1.0,1.0,MEDIUM,0
1232,9496,1,22,1.0,1.0,MEDIUM,0
1232,9496,1,24,1.0,1.0,MEDIUM,0
1232,9496,1,77,1.0,1.0,SOFT,0
1232,9496,1,10,1.0,1.0,SOFT,0
1232,9496,1,14,1.0,1.0,SOFT,0
1232,9496,1,27,1.0,1.0,SOFT,0
1232,9496,1,18,1.0,1.0,SOFT,0
1232,9496,1,11,1.0,1.0,MEDIUM,0
1232,9496,1,16,1.0,1.0,MEDIUM,0
1232,9496,1,31,1.0,1.0,SOFT,0
1232,9496,1,2,1.0,1.0,SOFT,0
1232,9496,1,20,1.0,1.0,MEDIUM,0
1232,9496,1,55,1.0,1.0,MEDIUM,0
1232,9496,2,1,2.0,16.0,MEDIUM,1
1232,9496,2,11,2.0,15.0,MEDIUM,1
1232,9496,2,4,2.0,11.0,MEDIUM,0
1232,9496,2,55,2.0,15.0,MEDIUM,0
1232,9496,2,14,2.0,13.0,SOFT,1
1232,9496,2,81,2.0,12.0,MEDIUM,1
1232,9496,2,44,2.0,23.0,HARD,0
1232,9496,2,16,2.0,26.0,MEDIUM,0
1232,9496,2,63,2.0,22.0,HARD,0
1232,9496,2,77,2.0,6.0,SOFT,0
1232,9496,2,27,2.0,5.0,SOFT,1
1232,9496,2,22,2.0,7.0,SOFT,0
1232,9496,2,31,2.0,19.0,HARD,0
1232,9496,2,10,2.0,16.0,HARD,0
1232,9496,2,18,2.0,12.0,SOFT,0
1232,9496,2,20,2.0,22.0,MEDIUM,0
1232,9496,2,2,2.0,22.0,HARD,0
1232,9496,2,24,2.0,7.0,SOFT,0
1232,9496,3,27,6.0,33.0,HARD,0
1232,9496,3,77,7.0,22.0,HARD,0
1232,9496,3,22,8.0,22.0,HARD,0
1232,9496,3,24,8.0,11.0,HARD,0
1232,9496,3,4,12.0,26.0,HARD,0
1232,9496,4,24,12.0,12.0,HARD,4
1232,9496,3,81,13.0,32.0,HARD,0
1232,9496,3,18,13.0,22.0,MEDIUM,0
1232,9496,3,14,14.0,33.0,MEDIUM,0
1232,9496,3,11,16.0,33.0,MEDIUM,0
1232,9496,3,55,16.0,36.0,MEDIUM,1
1232,9496,3,1,17.0,34.0,MEDIUM,0
1232,9496,3,10,17.0,32.0,MEDIUM,0
1232,9496,3,31,20.0,33.0,HARD,0
1232,9496,3,63,23.0,37.0,HARD,0
1232,9496,4,22,23.0,52.0,HARD,0
1232,9496,4,77,23.0,52.0,HARD,0
1232,9496,3,20,23.0,52.0,HARD,0
1232,9496,3,2,23.0,34.0,HARD,0
1232,9496,4,18,23.0,34.0,HARD,0
1232,9496,3,44,24.0,39.0,HARD,0
1232,9496,3,16,27.0,53.0,HARD,0
1232,9496,4,4,27.0,53.0,HARD,0
1232,9496,4,81,33.0,53.0,HARD,0
1232,9496,4,10,33.0,52.0,HARD,0
1232,9496,4,11,34.0,53.0,HARD,0
1232,9496,4,14,34.0,53.0,HARD,0
1232,9496,4,27,34.0,52.0,HARD,0
1232,9496,4,31,34.0,52.0,MEDIUM,0
1232,9496,4,1,35.0,53.0,HARD,0
1232,9496,5,18,35.0,52.0,SOFT,0
1232,9496,4,2,35.0,41.0,MEDIUM,0
1232,9496,4,55,37.0,53.0,HARD,0
1232,9496,4,63,38.0,53.0,MEDIUM,1
1232,9496,4,44,40.0,53.0,MEDIUM,0
1232,9496,5,2,42.0,52.0,SOFT,0
1234,9498,1,2,1.0,3.0,SOFT,0
1234,9498,1,20,1.0,4.0,SOFT,0
1234,9498,1,27,1.0,4.0,SOFT,0
1234,9498,1,31,1.0,4.0,SOFT,0
1234,9498,1,10,1.0,4.0,SOFT,0
1234,9498,1,44,1.0,4.0,SOFT,3
1234,9498,1,23,1.0,7.0,SOFT,0
1234,9498,1,24,1.0,4.0,SOFT,0
1234,9498,1,3,1.0,4.0,SOFT,0
1234,9498,1,63,1.0,4.0,SOFT,8
1234,9498,1,14,1.0,4.0,SOFT,0
1234,9498,1,55,1.0,4.0,SOFT,8
1234,9498,1,18,1.0,7.0,SOFT,0
1234,9498,1,16,1.0,4.0,SOFT,2
1234,9498,1,4,1.0,4.0,SOFT,2
1234,9498,1,81,1.0,4.0,SOFT,5
1234,9498,1,11,1.0,4.0,SOFT,3
1234,9498,1,22,1.0,7.0,SOFT,0
1234,9498,1,1,1.0,4.0,SOFT,3
1234,9498,1,77,1.0,4.0,SOFT,0
1234,9498,2,27,4.0,7.0,SOFT,3
1234,9498,2,2,3.0,6.0,SOFT,0
1234,9498,2,20,4.0,7.0,SOFT,3
1234,9498,2,14,4.0,7.0,SOFT,0
1234,9498,2,3,4.0,7.0,SOFT,0
1234,9498,2,44,4.0,7.0,SOFT,0
1234,9498,2,10,4.0,7.0,SOFT,0
1234,9498,2,31,4.0,7.0,SOFT,0
1234,9498,2,63,4.0,7.0,SOFT,0
1234,9498,2,24,4.0,7.0,SOFT,0
1234,9498,2,55,4.0,7.0,SOFT,2
1234,9498,2,16,4.0,7.0,SOFT,0
1234,9498,2,81,4.0,7.0,SOFT,0
1234,9498,2,4,4.0,10.0,SOFT,0
1234,9498,2,11,4.0,7.0,SOFT,0
1234,9498,3,16,7.0,10.0,SOFT,0
1234,9498,2,1,4.0,7.0,SOFT,0
1234,9498,3,20,7.0,9.0,SOFT,0
1234,9498,3,27,7.0,10.0,SOFT,0
1234,9498,3,2,6.0,8.0,SOFT,0
1234,9498,2,23,7.0,10.0,SOFT,0
1234,9498,3,31,7.0,10.0,SOFT,0
1234,9498,2,22,7.0,10.0,SOFT,0
1234,9498,3,3,7.0,9.0,SOFT,0
1234,9498,3,44,7.0,10.0,SOFT,0
1234,9498,3,63,7.0,10.0,SOFT,0
1234,9498,3,10,7.0,10.0,SOFT,0
1234,9498,3,14,7.0,10.0,SOFT,3
1234,9498,3,55,7.0,10.0,SOFT,5
1234,9498,2,18,7.0,10.0,SOFT,0
1234,9498,3,24,7.0,9.0,SOFT,0
1234,9498,3,81,7.0,9.0,SOFT,3
1234,9498,2,77,4.0,6.0,SOFT,0
1234,9498,3,22,10.0,13.0,SOFT,0
1234,9498,3,18,10.0,13.0,SOFT,0
1234,9498,3,11,7.0,10.0,SOFT,0
1234,9498,3,1,7.0,10.0,SOFT,3
1234,9498,3,4,10.0,13.0,SOFT,0
1234,9498,4,81,9.0,12.0,SOFT,0
1234,9498,4,44,10.0,13.0,SOFT,0
1234,9498,4,63,10.0,13.0,SOFT,0
1234,9498,4,16,10.0,13.0,SOFT,0
1234,9498,4,55,10.0,13.0,SOFT,0
1234,9498,4,14,10.0,13.0,SOFT,0
1234,9498,4,31,10.0,13.0,SOFT,0
1234,9498,4,10,10.0,13.0,SOFT,0
1234,9498,4,27,10.0,13.0,SOFT,0
1234,9498,3,23,10.0,13.0,SOFT,0
1234,9498,4,22,13.0,16.0,SOFT,0
1234,9498,5,27,13.0,16.0,SOFT,0
1234,9498,5,14,13.0,15.0,SOFT,0
1234,9498,4,11,10.0,13.0,SOFT,0
1234,9498,4,18,13.0,15.0,SOFT,0
1234,9498,5,16,13.0,16.0,SOFT,0
1234,9498,5,44,13.0,16.0,SOFT,0
1234,9498,5,55,13.0,16.0,SOFT,0
1234,9498,5,63,13.0,16.0,SOFT,0
1234,9498,4,1,10.0,13.0,SOFT,0
1234,9498,5,31,13.0,15.0,SOFT,0
1234,9498,5,10,13.0,15.0,SOFT,0
1234,9498,4,4,13.0,16.0,MEDIUM,3
1234,9498,4,23,13.0,15.0,SOFT,0
1234,9498,5,81,12.0,14.0,SOFT,3
1234,9498,6,27,16.0,19.0,SOFT,0
1234,9498,5,22,16.0,19.0,SOFT,0
1234,9498,6,44,16.0,19.0,SOFT,0
1234,9498,6,63,16.0,19.0,SOFT,0
1234,9498,5,11,13.0,16.0,SOFT,0
1234,9498,5,1,13.0,16.0,SOFT,0
1234,9498,5,4,16.0,19.0,MEDIUM,0
1234,9498,6,16,16.0,19.0,SOFT,0
1234,9498,6,55,16.0,19.0,SOFT,0
1234,9498,6,81,14.0,17.0,SOFT,0
1234,9498,7,27,19.0,21.0,SOFT,0
1234,9498,6,22,19.0,21.0,SOFT,0
1234,9498,7,81,17.0,19.0,SOFT,0
1234,9498,6,11,16.0,18.0,SOFT,0
1234,9498,6,1,16.0,18.0,SOFT,0
1234,9498,6,4,19.0,21.0,SOFT,0
1234,9498,7,16,19.0,21.0,SOFT,0
1234,9498,7,55,19.0,21.0,SOFT,0
1234,9498,7,44,19.0,21.0,MEDIUM,0
1234,9498,7,63,19.0,21.0,MEDIUM,0
1234,9502,1,16,1.0,9.0,MEDIUM,0
1234,9502,1,24,1.0,6.0,MEDIUM,0
1234,9502,1,77,1.0,7.0,MEDIUM,0
1234,9502,1,18,1.0,4.0,MEDIUM,0
1234,9502,1,14,1.0,4.0,MEDIUM,0
1234,9502,1,55,1.0,8.0,MEDIUM,0
1234,9502,1,4,1.0,7.0,MEDIUM,0
1234,9502,1,11,1.0,4.0,MEDIUM,0
1234,9502,1,1,1.0,7.0,MEDIUM,0
1234,9502,1,81,1.0,8.0,MEDIUM,0
1234,9502,1,27,1.0,4.0,MEDIUM,0
1234,9502,1,31,1.0,7.0,MEDIUM,0
1234,9502,1,10,1.0,6.0,MEDIUM,0
1234,9502,1,20,1.0,7.0,MEDIUM,0
1234,9502,1,44,1.0,4.0,MEDIUM,0
1234,9502,1,3,1.0,4.0,MEDIUM,0
1234,9502,1,63,1.0,4.0,MEDIUM,0
1234,9502,1,22,1.0,7.0,MEDIUM,0
1234,9502,1,2,1.0,6.0,MEDIUM,0
1234,9502,1,23,1.0,6.0,MEDIUM,0
1234,9502,2,3,4.0,7.0,MEDIUM,3
1234,9502,2,27,4.0,7.0,MEDIUM,3
1234,9502,2,44,4.0,7.0,MEDIUM,3
1234,9502,2,63,4.0,7.0,MEDIUM,3
1234,9502,2,18,4.0,7.0,MEDIUM,3
1234,9502,2,14,4.0,7.0,MEDIUM,3
1234,9502,2,20,7.0,12.0,MEDIUM,0
1234,9502,3,27,7.0,10.0,MEDIUM,0
1234,9502,2,11,4.0,7.0,MEDIUM,0
1234,9502,3,18,7.0,10.0,MEDIUM,0
1234,9502,3,3,7.0,10.0,MEDIUM,0
1234,9502,3,14,7.0,10.0,MEDIUM,0
1234,9502,2,31,7.0,12.0,MEDIUM,0
1234,9502,2,16,9.0,15.0,MEDIUM,0
1234,9502,3,44,7.0,10.0,MEDIUM,0
1234,9502,2,55,8.0,14.0,MEDIUM,0
1234,9502,3,63,7.0,10.0,MEDIUM,0
1234,9502,2,81,8.0,13.0,MEDIUM,0
1234,9502,2,4,7.0,10.0,MEDIUM,0
1234,9502,2,22,7.0,9.0,MEDIUM,0
1234,9502,2,1,7.0,10.0,MEDIUM,0
1234,9502,4,18,10.0,13.0,MEDIUM,3
1234,9502,4,27,10.0,13.0,MEDIUM,3
1234,9502,4,3,10.0,12.0,MEDIUM,3
1234,9502,3,11,7.0,9.0,MEDIUM,3
1234,9502,4,14,10.0,12.0,MEDIUM,3
1234,9502,4,44,10.0,12.0,MEDIUM,3
1234,9502,4,63,10.0,12.0,MEDIUM,3
1234,9502,5,27,13.0,15.0,SOFT,7
1234,9502,3,1,10.0,12.0,SOFT,0
1234,9502,4,11,9.0,11.0,SOFT,0
1234,9502,5,3,12.0,14.0,SOFT,0
1234,9502,5,18,13.0,15.0,SOFT,8
1234,9502,5,14,12.0,14.0,SOFT,0
1234,9502,3,4,10.0,12.0,SOFT,0
1234,9502,3,16,15.0,17.0,SOFT,0
1234,9502,3,55,14.0,16.0,SOFT,0
1234,9502,3,81,14.0,16.0,SOFT,0
1234,9506,1,77,1.0,1.0,MEDIUM,0
1234,9506,1,1,1.0,1.0,MEDIUM,3
1234,9506,1,27,1.0,1.0,MEDIUM,6
1234,9506,1,2,1.0,1.0,SOFT,0
1234,9506,1,22,1.0,1.0,SOFT,0
1234,9506,1,3,1.0,1.0,MEDIUM,0
1234,9506,1,23,1.0,1.0,MEDIUM,0
1234,9506,1,63,1.0,1.0,MEDIUM,6
1234,9506,1,18,1.0,1.0,MEDIUM,6
1234,9506,1,24,1.0,1.0,MEDIUM,0
1234,9506,1,44,1.0,1.0,MEDIUM,6
1234,9506,1,14,1.0,1.0,MEDIUM,5
1234,9506,1,11,1.0,1.0,MEDIUM,3
1234,9506,1,20,1.0,1.0,MEDIUM,6
1234,9506,1,55,1.0,1.0,MEDIUM,0
1234,9506,1,10,1.0,1.0,MEDIUM,0
1234,9506,1,16,1.0,1.0,MEDIUM,0
1234,9506,1,81,1.0,1.0,MEDIUM,0
1234,9506,1,31,1.0,1.0,MEDIUM,0
1234,9506,2,1,2.0,2.0,MEDIUM,4
1234,9506,2,16,2.0,2.0,MEDIUM,0
1234,9506,2,3,2.0,2.0,MEDIUM,1
1234,9506,2,55,2.0,2.0,MEDIUM,1
1234,9506,2,11,2.0,2.0,MEDIUM,4
1234,9506,2,81,2.0,2.0,MEDIUM,1
1234,9506,2,20,2.0,2.0,MEDIUM,0
1234,9506,2,27,2.0,2.0,MEDIUM,0
1234,9506,2,22,2.0,2.0,SOFT,1
1234,9506,2,44,2.0,2.0,MEDIUM,7
1234,9506,2,2,2.0,2.0,SOFT,0
1234,9506,2,10,2.0,2.0,MEDIUM,0
1234,9506,2,24,2.0,2.0,MEDIUM,0
1234,9506,2,63,2.0,2.0,MEDIUM,7
1234,9506,2,23,2.0,2.0,MEDIUM,0
1234,9506,2,77,2.0,2.0,MEDIUM,1
1234,9506,2,31,2.0,2.0,MEDIUM,1
1234,9506,2,14,2.0,2.0,MEDIUM,6
1234,9506,3,1,3.0,19.0,MEDIUM,0
1234,9506,3,3,3.0,19.0,MEDIUM,2
1234,9506,3,16,3.0,19.0,MEDIUM,2
1234,9506,3,11,3.0,19.0,MEDIUM,5
1234,9506,3,55,3.0,19.0,MEDIUM,2
1234,9506,3,81,3.0,19.0,MEDIUM,2
1234,9506,3,20,3.0,19.0,MEDIUM,0
1234,9506,3,27,3.0,19.0,MEDIUM,0
1234,9506,3,44,3.0,19.0,MEDIUM,8
1234,9506,3,22,3.0,19.0,SOFT,2
1234,9506,3,10,3.0,19.0,MEDIUM,2
1234,9506,3,24,3.0,19.0,MEDIUM,2
1234,9506,3,2,3.0,19.0,SOFT,0
1234,9506,3,77,3.0,19.0,MEDIUM,2
1234,9506,3,63,3.0,19.0,MEDIUM,8
1234,9506,3,31,3.0,19.0,MEDIUM,2
1234,9506,3,23,3.0,19.0,MEDIUM,0
1234,9506,3,14,3.0,18.0,MEDIUM,7
1234,9506,4,14,19.0,19.0,MEDIUM,23
1234,9507,1,10,1.0,12.0,MEDIUM,0
1234,9507,1,81,1.0,27.0,MEDIUM,0
1234,9507,1,31,1.0,22.0,MEDIUM,0
1234,9507,1,20,1.0,22.0,HARD,0
1234,9507,1,77,1.0,11.0,SOFT,0
1234,9507,1,1,1.0,23.0,MEDIUM,0
1234,9507,1,4,1.0,29.0,MEDIUM,0
1234,9507,1,16,1.0,19.0,MEDIUM,0
1234,9507,1,22,1.0,28.0,MEDIUM,0
1234,9507,1,11,1.0,17.0,MEDIUM,0
1234,9507,1,63,1.0,24.0,MEDIUM,3
1234,9507,1,18,1.0,11.0,MEDIUM,0
1234,9507,1,27,1.0,12.0,MEDIUM,0
1234,9507,1,2,1.0,11.0,MEDIUM,0
1234,9507,1,14,1.0,22.0,HARD,1
1234,9507,1,23,1.0,10.0,MEDIUM,0
1234,9507,1,3,1.0,28.0,HARD,0
1234,9507,1,24,1.0,28.0,MEDIUM,0
1234,9507,1,55,1.0,27.0,MEDIUM,0
1234,9507,1,44,1.0,26.0,HARD,0
1234,9507,2,23,11.0,53.0,HARD,0
1234,9507,2,18,12.0,28.0,HARD,1
1234,9507,2,2,12.0,27.0,HARD,0
1234,9507,2,77,12.0,29.0,HARD,0
1234,9507,2,10,13.0,57.0,HARD,0
1234,9507,2,27,13.0,28.0,HARD,0
1234,9507,2,11,18.0,28.0,HARD,0
1234,9507,2,16,20.0,57.0,HARD,0
1234,9507,2,31,23.0,57.0,HARD,0
1234,9507,2,14,23.0,57.0,MEDIUM,1
1234,9507,2,20,23.0,28.0,MEDIUM,0
1234,9507,2,1,24.0,57.0,HARD,0
1234,9507,2,63,25.0,57.0,HARD,0
1234,9507,2,44,27.0,57.0,MEDIUM,3
1234,9507,2,55,28.0,57.0,HARD,0
1234,9507,2,81,28.0,40.0,HARD,0
1234,9507,3,11,29.0,57.0,MEDIUM,5
1234,9507,2,22,29.0,57.0,HARD,0
1234,9507,2,24,29.0,57.0,SOFT,0
1234,9507,2,3,29.0,57.0,MEDIUM,5
1234,9507,3,27,29.0,57.0,MEDIUM,0
1234,9507,3,18,29.0,57.0,MEDIUM,0
1234,9507,3,20,29.0,31.0,MEDIUM,0
1234,9507,2,4,30.0,57.0,HARD,0
1234,9507,3,77,30.0,57.0,MEDIUM,0
1234,9507,4,20,32.0,57.0,MEDIUM,3
1234,9507,3,81,41.0,57.0,MEDIUM,6
1234,9507,3,23,54.0,57.0,SOFT,0
1235,9511,1,10,1.0,4.0,SOFT,0
1235,9511,1,31,1.0,4.0,SOFT,0
1235,9511,1,24,1.0,3.0,SOFT,0
1235,9511,1,2,1.0,4.0,SOFT,0
1235,9511,1,27,1.0,4.0,SOFT,0
1235,9511,1,20,1.0,4.0,SOFT,0
1235,9511,1,63,1.0,3.0,MEDIUM,0
1235,9511,1,18,1.0,4.0,SOFT,0
1235,9511,1,44,1.0,4.0,SOFT,0
1235,9511,1,55,1.0,7.0,MEDIUM,0
1235,9511,1,16,1.0,7.0,MEDIUM,0
1235,9511,1,23,1.0,4.0,SOFT,0
1235,9511,1,4,1.0,4.0,SOFT,0
1235,9511,2,24,3.0,4.0,SOFT,2
1235,9511,1,11,1.0,4.0,SOFT,0
1235,9511,1,1,1.0,4.0,SOFT,0
1235,9511,1,14,1.0,4.0,SOFT,0
1235,9511,1,81,1.0,4.0,SOFT,0
1235,9511,3,24,4.0,7.0,SOFT,3
1235,9511,2,27,4.0,7.0,SOFT,3
1235,9511,2,18,4.0,7.0,SOFT,0
1235,9511,2,20,4.0,7.0,SOFT,3
1235,9511,2,63,3.0,6.0,SOFT,0
1235,9511,1,22,1.0,4.0,SOFT,0
1235,9511,1,77,1.0,4.0,SOFT,0
1235,9511,1,3,1.0,4.0,SOFT,0
1235,9511,2,31,4.0,7.0,SOFT,0
1235,9511,2,10,4.0,7.0,SOFT,0
1235,9511,2,2,4.0,6.0,SOFT,0
1235,9511,2,44,4.0,7.0,SOFT,3
1235,9511,2,4,4.0,7.0,SOFT,3
1235,9511,2,14,4.0,6.0,SOFT,0
1235,9511,2,23,4.0,7.0,SOFT,0
1235,9511,3,14,6.0,7.0,SOFT,0
1235,9511,3,18,7.0,10.0,SOFT,0
1235,9511,3,31,7.0,10.0,SOFT,0
1235,9511,4,24,7.0,9.0,SOFT,0
1235,9511,3,2,6.0,8.0,SOFT,0
1235,9511,2,77,4.0,6.0,SOFT,0
1235,9511,3,27,7.0,10.0,SOFT,0
1235,9511,3,20,7.0,8.0,SOFT,0
1235,9511,3,10,7.0,9.0,SOFT,0
1235,9511,2,1,4.0,7.0,SOFT,3
1235,9511,2,3,4.0,7.0,SOFT,0
1235,9511,2,22,4.0,7.0,SOFT,0
1235,9511,2,55,7.0,9.0,MEDIUM,6
1235,9511,2,16,7.0,10.0,MEDIUM,6
1235,9511,3,44,7.0,9.0,SOFT,0
1235,9511,2,11,4.0,5.0,SOFT,0
1235,9511,2,81,4.0,5.0,SOFT,3
1235,9511,3,4,7.0,8.0,SOFT,6
1235,9511,3,63,6.0,7.0,SOFT,0
1235,9511,4,63,7.0,10.0,SOFT,3
1235,9511,4,44,9.0,12.0,SOFT,2
1235,9511,3,23,7.0,10.0,SOFT,3
1235,9511,3,1,7.0,10.0,SOFT,0
1235,9511,3,11,5.0,8.0,SOFT,1
1235,9511,4,27,10.0,13.0,SOFT,0
1235,9511,4,18,10.0,13.0,SOFT,3
1235,9511,4,10,9.0,12.0,SOFT,2
1235,9511,4,31,10.0,13.0,SOFT,3
1235,9511,3,55,9.0,12.0,SOFT,0
1235,9511,3,81,5.0,8.0,SOFT,0
1235,9511,3,16,10.0,13.0,SOFT,0
1235,9511,3,3,7.0,10.0,SOFT,0
1235,9511,4,4,8.0,11.0,SOFT,0
1235,9511,3,22,7.0,10.0,SOFT,0
1235,9511,4,23,10.0,12.0,SOFT,0
1235,9511,5,31,13.0,15.0,SOFT,0
1235,9511,5,10,12.0,14.0,SOFT,0
1235,9511,5,63,10.0,13.0,SOFT,0
1235,9511,5,44,12.0,15.0,SOFT,0
1235,9511,5,27,13.0,16.0,SOFT,0
1235,9511,5,18,13.0,15.0,SOFT,0
1235,9511,4,3,10.0,13.0,SOFT,0
1235,9511,4,81,8.0,10.0,SOFT,4
1235,9511,4,55,12.0,15.0,SOFT,0
1235,9511,5,4,11.0,14.0,SOFT,0
1235,9511,4,16,13.0,16.0,SOFT,0
1235,9511,4,1,10.0,13.0,SOFT,3
1235,9511,4,11,8.0,10.0,SOFT,0
1235,9511,6,27,16.0,19.0,SOFT,3
1235,9511,5,1,13.0,16.0,SOFT,0
1235,9511,6,4,14.0,17.0,SOFT,0
1235,9511,4,22,10.0,13.0,SOFT,0
1235,9511,5,81,10.0,13.0,SOFT,0
1235,9511,5,55,15.0,18.0,SOFT,0
1235,9511,5,16,16.0,19.0,SOFT,0
1235,9511,6,63,13.0,16.0,SOFT,1
1235,9511,6,44,15.0,18.0,SOFT,5
1235,9511,7,27,19.0,21.0,SOFT,0
1235,9511,5,3,13.0,15.0,SOFT,0
1235,9511,6,55,18.0,20.0,SOFT,0
1235,9511,6,16,19.0,21.0,SOFT,0
1235,9511,5,22,13.0,15.0,SOFT,0
1235,9511,7,63,16.0,18.0,SOFT,0
1235,9511,7,44,18.0,20.0,SOFT,0
1235,9511,6,1,16.0,18.0,SOFT,0
1235,9511,7,4,17.0,19.0,SOFT,0
1235,9511,6,81,13.0,15.0,SOFT,0
1235,9515,1,14,1.0,7.0,SOFT,0
1235,9515,1,18,1.0,37.0,MEDIUM,1
1235,9515,1,22,1.0,12.0,MEDIUM,0
1235,9515,1,24,1.0,33.0,HARD,0
1235,9515,1,31,1.0,25.0,MEDIUM,0
1235,9515,1,77,1.0,8.0,MEDIUM,0
1235,9515,1,10,1.0,8.0,SOFT,0
1235,9515,1,3,1.0,11.0,MEDIUM,0
1235,9515,1,63,1.0,21.0,MEDIUM,0
1235,9515,1,16,1.0,25.0,MEDIUM,0
1235,9515,1,27,1.0,13.0,MEDIUM,0
1235,9515,1,20,1.0,37.0,MEDIUM,0
1235,9515,1,11,1.0,37.0,HARD,0
1235,9515,1,2,1.0,31.0,HARD,0
1235,9515,1,4,1.0,22.0,MEDIUM,0
1235,9515,1,44,1.0,27.0,MEDIUM,0
1235,9515,1,55,1.0,27.0,MEDIUM,0
1235,9515,1,1,1.0,24.0,MEDIUM,0
1235,9515,1,81,1.0,23.0,MEDIUM,0
1235,9515,1,23,1.0,8.0,MEDIUM,0
1235,9515,2,14,8.0,40.0,HARD,1
1235,9515,2,23,9.0,9.0,HARD,0
1235,9515,2,10,9.0,30.0,HARD,0
1235,9515,2,77,9.0,62.0,HARD,0
1235,9515,3,23,10.0,23.0,MEDIUM,8
1235,9515,2,3,12.0,62.0,HARD,0
1235,9515,2,22,13.0,62.0,HARD,0
1235,9515,2,27,14.0,62.0,HARD,0
1235,9515,2,63,22.0,52.0,HARD,0
1235,9515,2,4,23.0,63.0,HARD,1
1235,9515,2,81,24.0,63.0,HARD,1
1235,9515,2,1,25.0,63.0,HARD,0
1235,9515,4,23,24.0,28.0,MEDIUM,14
1235,9515,2,16,26.0,63.0,HARD,0
1235,9515,2,31,26.0,62.0,HARD,0
1235,9515,2,55,28.0,63.0,HARD,0
1235,9515,2,44,28.0,63.0,HARD,0
1235,9515,5,23,29.0,51.0,MEDIUM,8
1235,9515,3,10,31.0,62.0,MEDIUM,0
1235,9515,2,2,32.0,62.0,MEDIUM,0
1235,9515,2,24,34.0,62.0,MEDIUM,0
1235,9515,2,11,38.0,63.0,MEDIUM,0
1235,9515,2,18,38.0,63.0,HARD,1
1235,9515,2,20,38.0,62.0,HARD,0
1235,9515,3,14,41.0,59.0,MEDIUM,1
1235,9515,3,63,53.0,63.0,MEDIUM,2
1235,9515,4,14,60.0,62.0,SOFT,0
1236,9519,1,44,1.0,10.0,SOFT,0
1236,9519,1,63,1.0,9.0,SOFT,0
1236,9519,1,2,1.0,7.0,SOFT,0
1236,9519,1,3,1.0,7.0,SOFT,0
1236,9519,1,23,1.0,9.0,SOFT,0
1236,9519,1,4,1.0,9.0,SOFT,0
1236,9519,1,22,1.0,6.0,SOFT,0
1236,9519,1,81,1.0,8.0,SOFT,0
1236,9519,1,18,1.0,7.0,SOFT,0
1236,9519,1,14,1.0,7.0,SOFT,0
1236,9519,1,10,1.0,8.0,SOFT,0
1236,9519,1,31,1.0,8.0,SOFT,0
1236,9519,1,11,1.0,8.0,SOFT,0
1236,9519,1,1,1.0,13.0,SOFT,0
1236,9519,1,77,1.0,7.0,SOFT,0
1236,9519,1,24,1.0,7.0,SOFT,0
1236,9519,1,20,1.0,6.0,SOFT,0
1236,9519,1,27,1.0,6.0,SOFT,0
1236,9519,1,16,1.0,6.0,SOFT,0
1236,9519,1,55,1.0,8.0,SOFT,0
1236,9519,2,16,6.0,11.0,SOFT,5
1236,9519,2,20,6.0,12.0,SOFT,0
1236,9519,2,2,7.0,12.0,SOFT,0
1236,9519,2,3,7.0,13.0,SOFT,0
1236,9519,2,27,6.0,11.0,SOFT,0
1236,9519,2,14,7.0,11.0,SOFT,0
1236,9519,2,18,7.0,12.0,SOFT,0
1236,9519,2,63,9.0,13.0,SOFT,0
1236,9519,2,23,9.0,14.0,SOFT,0
1236,9519,2,77,7.0,11.0,SOFT,0
1236,9519,2,4,9.0,11.0,SOFT,0
1236,9519,2,22,6.0,11.0,SOFT,0
1236,9519,2,31,8.0,13.0,SOFT,0
1236,9519,2,10,8.0,13.0,SOFT,0
1236,9519,2,81,8.0,13.0,SOFT,0
1236,9519,2,11,8.0,12.0,SOFT,0
1236,9519,2,24,7.0,11.0,SOFT,0
1236,9519,2,44,10.0,13.0,SOFT,0
1236,9519,2,55,8.0,12.0,SOFT,0
1236,9519,3,4,11.0,14.0,SOFT,2
1236,9519,3,27,11.0,17.0,SOFT,0
1236,9519,3,3,13.0,19.0,SOFT,0
1236,9519,3,23,14.0,20.0,SOFT,0
1236,9519,4,4,14.0,19.0,SOFT,0
1236,9519,2,1,13.0,18.0,SOFT,0
1236,9519,3,16,11.0,16.0,SOFT,0
1236,9519,3,22,11.0,17.0,SOFT,0
1236,9519,3,55,12.0,15.0,SOFT,2
1236,9519,3,31,13.0,18.0,SOFT,0
1236,9519,3,10,13.0,19.0,SOFT,0
1236,9519,3,81,13.0,16.0,SOFT,3
1236,9519,3,20,12.0,15.0,SOFT,0
1236,9519,3,44,13.0,17.0,SOFT,2
1236,9519,3,63,13.0,17.0,SOFT,3
1236,9519,3,18,12.0,15.0,SOFT,0
1236,9519,4,55,15.0,21.0,SOFT,0
1236,9519,4,44,17.0,20.0,SOFT,0
1236,9519,4,81,16.0,19.0,SOFT,0
1236,9519,4,63,17.0,20.0,SOFT,0
1236,9519,4,16,16.0,21.0,SOFT,0
1236,9519,5,4,19.0,22.0,SOFT,0
1236,9519,4,20,15.0,18.0,SOFT,0
1236,9519,4,23,20.0,24.0,SOFT,0
1236,9519,4,27,17.0,20.0,SOFT,0
1236,9519,4,31,18.0,20.0,SOFT,0
1236,9519,3,1,18.0,22.0,SOFT,0
1236,9519,4,10,19.0,23.0,SOFT,0
1236,9519,4,18,15.0,17.0,SOFT,0
1236,9519,5,44,20.0,23.0,SOFT,0
1236,9519,4,3,19.0,21.0,SOFT,0
1236,9519,4,22,17.0,20.0,SOFT,0
1236,9519,5,63,20.0,22.0,SOFT,0
1236,9519,5,23,24.0,27.0,SOFT,4
1236,9519,5,55,21.0,25.0,SOFT,0
1236,9519,5,10,23.0,27.0,SOFT,4
1236,9519,6,44,23.0,26.0,SOFT,0
1236,9519,6,63,22.0,26.0,SOFT,0
1236,9519,5,16,21.0,24.0,SOFT,0
1236,9519,4,1,22.0,26.0,SOFT,0
1236,9519,5,81,19.0,22.0,SOFT,0
1236,9519,6,4,22.0,25.0,SOFT,3
1236,9519,5,22,20.0,23.0,SOFT,0
1236,9519,6,23,27.0,29.0,SOFT,0
1236,9519,6,55,25.0,28.0,SOFT,0
1236,9519,5,1,26.0,28.0,SOFT,0
1236,9519,7,44,26.0,28.0,SOFT,0
1236,9519,7,63,26.0,28.0,SOFT,0
1236,9519,6,10,27.0,30.0,SOFT,0
1236,9519,6,22,23.0,25.0,SOFT,0
1236,9519,6,16,24.0,26.0,SOFT,0
1236,9519,6,81,22.0,24.0,SOFT,0
1236,9519,7,4,25.0,27.0,SOFT,0
1236,9523,1,3,1.0,1.0,MEDIUM,0
1236,9523,1,63,1.0,1.0,HARD,0
1236,9523,1,10,1.0,1.0,HARD,0
1236,9523,1,81,1.0,1.0,MEDIUM,1
1236,9523,1,44,1.0,1.0,HARD,0
1236,9523,1,4,1.0,1.0,MEDIUM,1
1236,9523,1,22,1.0,1.0,MEDIUM,0
1236,9523,1,24,1.0,1.0,MEDIUM,0
1236,9523,1,77,1.0,1.0,HARD,0
1236,9523,1,23,1.0,1.0,MEDIUM,0
1236,9523,1,16,1.0,1.0,MEDIUM,0
1236,9523,1,14,1.0,1.0,HARD,1
1236,9523,1,18,1.0,1.0,HARD,1
1236,9523,1,55,1.0,1.0,MEDIUM,0
1236,9523,1,2,1.0,1.0,HARD,0
1236,9523,1,1,1.0,1.0,HARD,0
1236,9523,2,16,1.0,78.0,HARD,0
1236,9523,2,81,1.0,78.0,HARD,1
1236,9523,2,55,1.0,78.0,HARD,0
1236,9523,2,4,1.0,78.0,HARD,0
1236,9523,2,63,1.0,78.0,MEDIUM,0
1236,9523,2,1,1.0,52.0,MEDIUM,0
1236,9523,2,44,1.0,51.0,MEDIUM,0
1236,9523,2,22,1.0,77.0,HARD,1
1236,9523,2,10,1.0,77.0,MEDIUM,0
1236,9523,2,23,1.0,77.0,HARD,0
1236,9523,2,18,1.0,42.0,MEDIUM,1
1236,9523,2,3,1.0,76.0,HARD,1
1236,9523,2,2,1.0,57.0,HARD,1
1236,9523,2,14,1.0,76.0,MEDIUM,1
1236,9523,2,77,1.0,15.0,MEDIUM,0
1236,9523,2,24,1.0,70.0,HARD,0
1236,9523,3,77,15.0,76.0,HARD,1
1236,9523,3,18,42.0,48.0,HARD,0
1236,9523,4,18,48.0,76.0,SOFT,0
1236,9523,3,44,51.0,78.0,HARD,0
1236,9523,3,1,52.0,78.0,HARD,0
1236,9523,3,2,57.0,76.0,MEDIUM,0
1236,9523,3,24,70.0,76.0,SOFT,0
1237,9527,1,24,1.0,7.0,SOFT,0
1237,9527,1,10,1.0,6.0,SOFT,0
1237,9527,1,31,1.0,7.0,SOFT,0
1237,9527,1,2,1.0,7.0,SOFT,0
1237,9527,1,18,1.0,7.0,SOFT,0
1237,9527,1,1,1.0,9.0,SOFT,0
1237,9527,1,11,1.0,9.0,SOFT,0
1237,9527,1,4,1.0,7.0,SOFT,0
1237,9527,1,14,1.0,7.0,SOFT,0
1237,9527,1,81,1.0,6.0,SOFT,0
1237,9527,1,22,1.0,6.0,SOFT,0
1237,9527,1,20,1.0,5.0,SOFT,0
1237,9527,1,3,1.0,6.0,SOFT,0
1237,9527,1,23,1.0,7.0,SOFT,0
1237,9527,1,77,1.0,6.0,SOFT,0
1237,9527,1,55,1.0,9.0,SOFT,0
1237,9527,1,16,1.0,9.0,SOFT,0
1237,9527,1,27,1.0,6.0,SOFT,0
1237,9527,1,63,1.0,7.0,SOFT,0
1237,9527,1,44,1.0,7.0,SOFT,0
1237,9527,2,10,6.0,11.0,SOFT,0
1237,9527,2,2,7.0,13.0,SOFT,0
1237,9527,2,24,7.0,11.0,SOFT,0
1237,9527,2,77,6.0,8.0,SOFT,0
1237,9527,2,27,6.0,10.0,SOFT,0
1237,9527,2,20,5.0,10.0,SOFT,0
1237,9527,2,81,6.0,11.0,SOFT,0
1237,9527,2,18,7.0,12.0,SOFT,0
1237,9527,2,31,7.0,11.0,SOFT,0
1237,9527,2,14,7.0,11.0,SOFT,0
1237,9527,2,4,7.0,10.0,SOFT,0
1237,9527,2,3,6.0,11.0,SOFT,0
1237,9527,2,22,6.0,11.0,SOFT,0
1237,9527,2,23,7.0,12.0,SOFT,0
1237,9527,2,63,7.0,10.0,SOFT,6
1237,9527,2,44,7.0,10.0,SOFT,6
1237,9527,2,55,9.0,12.0,SOFT,0
1237,9527,2,16,9.0,13.0,SOFT,0
1237,9527,3,77,8.0,10.0,SOFT,0
1237,9527,2,11,9.0,11.0,SOFT,0
1237,9527,2,1,9.0,12.0,SOFT,0
1237,9527,3,63,10.0,18.0,SOFT,0
1237,9527,3,44,10.0,18.0,SOFT,0
1237,9527,3,20,10.0,15.0,SOFT,0
1237,9527,3,55,12.0,19.0,SOFT,0
1237,9527,3,4,10.0,15.0,SOFT,0
1237,9527,3,81,11.0,16.0,SOFT,0
1237,9527,3,22,11.0,15.0,SOFT,5
1237,9527,3,3,11.0,15.0,SOFT,5
1237,9527,3,10,11.0,15.0,SOFT,5
1237,9527,3,1,12.0,18.0,SOFT,1
1237,9527,3,2,13.0,18.0,SOFT,4
1237,9527,3,23,12.0,15.0,SOFT,3
1237,9527,3,18,12.0,15.0,SOFT,4
1237,9527,3,14,11.0,14.0,SOFT,3
1237,9527,3,16,13.0,19.0,SOFT,0
1237,9527,4,2,18.0,22.0,SOFT,0
1237,9527,4,81,16.0,21.0,SOFT,5
1237,9527,4,23,15.0,20.0,SOFT,0
1237,9527,4,4,15.0,18.0,SOFT,3
1237,9527,4,18,15.0,20.0,SOFT,0
1237,9527,4,10,15.0,18.0,SOFT,0
1237,9527,4,3,15.0,19.0,SOFT,0
1237,9527,4,22,15.0,18.0,SOFT,0
1237,9527,4,14,14.0,18.0,SOFT,0
1237,9527,4,55,19.0,22.0,SOFT,3
1237,9527,4,16,19.0,21.0,SOFT,4
1237,9527,4,1,18.0,21.0,SOFT,0
1237,9527,4,44,18.0,21.0,SOFT,0
1237,9527,4,63,18.0,21.0,SOFT,0
1237,9527,4,20,15.0,16.0,SOFT,4
1237,9527,5,81,21.0,24.0,SOFT,5
1237,9527,5,1,21.0,25.0,SOFT,2
1237,9527,5,4,18.0,21.0,SOFT,0
1237,9527,5,14,18.0,21.0,SOFT,3
1237,9527,5,18,20.0,23.0,SOFT,4
1237,9527,5,3,19.0,23.0,SOFT,0
1237,9527,5,22,18.0,22.0,SOFT,5
1237,9527,5,23,20.0,23.0,SOFT,4
1237,9527,5,63,21.0,24.0,SOFT,3
1237,9527,5,44,21.0,24.0,SOFT,3
1237,9527,6,81,24.0,29.0,SOFT,0
1237,9527,6,4,21.0,25.0,SOFT,0
1237,9527,6,23,23.0,26.0,SOFT,0
1237,9527,6,18,23.0,25.0,SOFT,0
1237,9527,6,3,23.0,25.0,SOFT,0
1237,9527,6,14,21.0,23.0,SOFT,0
1237,9527,6,22,22.0,24.0,SOFT,0
1237,9527,6,1,25.0,27.0,SOFT,0
1237,9527,6,63,24.0,26.0,SOFT,0
1237,9527,6,44,24.0,26.0,SOFT,0
1237,9531,1,11,1.0,25.0,INTERMEDIATE,0
1237,9531,1,31,1.0,44.0,INTERMEDIATE,0
1237,9531,1,77,1.0,42.0,INTERMEDIATE,0
1237,9531,1,1,1.0,25.0,INTERMEDIATE,0
1237,9531,1,27,1.0,12.0,WET,0
1237,9531,1,2,1.0,23.0,INTERMEDIATE,0
1237,9531,1,22,1.0,44.0,INTERMEDIATE,0
1237,9531,1,3,1.0,26.0,INTERMEDIATE,0
1237,9531,1,23,1.0,25.0,INTERMEDIATE,0
1237,9531,1,63,1.0,25.0,INTERMEDIATE,0
1237,9531,1,18,1.0,25.0,INTERMEDIATE,0
1237,9531,1,4,1.0,26.0,INTERMEDIATE,0
1237,9531,1,24,1.0,24.0,INTERMEDIATE,0
1237,9531,1,44,1.0,25.0,INTERMEDIATE,0
1237,9531,1,14,1.0,25.0,INTERMEDIATE,0
1237,9531,1,20,1.0,7.0,WET,0
1237,9531,1,55,1.0,25.0,INTERMEDIATE,0
1237,9531,1,10,1.0,25.0,INTERMEDIATE,0
1237,9531,1,16,1.0,25.0,INTERMEDIATE,0
1237,9531,1,81,1.0,25.0,INTERMEDIATE,0
1237,9531,2,20,7.0,25.0,INTERMEDIATE,0
1237,9531,2,27,12.0,25.0,INTERMEDIATE,0
1237,9531,2,24,24.0,44.0,INTERMEDIATE,0
1237,9531,2,63,25.0,45.0,INTERMEDIATE,0
1237,9531,2,1,25.0,45.0,INTERMEDIATE,0
1237,9531,2,81,25.0,44.0,INTERMEDIATE,0
1237,9531,2,44,25.0,43.0,INTERMEDIATE,0
1237,9531,2,14,25.0,44.0,INTERMEDIATE,0
1237,9531,2,18,25.0,44.0,INTERMEDIATE,0
1237,9531,2,23,25.0,44.0,INTERMEDIATE,0
1237,9531,2,16,25.0,28.0,INTERMEDIATE,0
1237,9531,2,10,25.0,40.0,INTERMEDIATE,0
1237,9531,2,55,25.0,43.0,INTERMEDIATE,0
1237,9531,3,20,25.0,41.0,INTERMEDIATE,0
1237,9531,2,11,25.0,43.0,INTERMEDIATE,0
1237,9531,3,27,25.0,44.0,INTERMEDIATE,0
1237,9531,2,4,26.0,47.0,INTERMEDIATE,0
1237,9531,2,3,26.0,43.0,INTERMEDIATE,0
1237,9531,3,16,28.0,31.0,HARD,0
1237,9531,4,16,31.0,40.0,INTERMEDIATE,0
1237,9531,3,10,40.0,70.0,HARD,0
1237,9531,4,20,41.0,54.0,MEDIUM,0
1237,9531,2,77,42.0,70.0,MEDIUM,0
1237,9531,3,44,43.0,54.0,MEDIUM,0
1237,9531,3,11,43.0,51.0,MEDIUM,0
1237,9531,3,55,43.0,52.0,MEDIUM,0
1237,9531,3,3,43.0,70.0,MEDIUM,1
1237,9531,3,81,44.0,70.0,MEDIUM,0
1237,9531,2,22,44.0,70.0,MEDIUM,0
1237,9531,3,14,44.0,70.0,HARD,0
1237,9531,2,31,44.0,70.0,MEDIUM,0
1237,9531,3,18,44.0,70.0,HARD,1
1237,9531,3,23,44.0,52.0,MEDIUM,0
1237,9531,4,27,44.0,70.0,MEDIUM,0
1237,9531,3,1,45.0,70.0,MEDIUM,0
1237,9531,3,24,44.0,52.0,MEDIUM,0
1237,9531,3,63,46.0,54.0,HARD,0
1237,9531,3,4,47.0,70.0,MEDIUM,0
1237,9531,4,24,52.0,69.0,MEDIUM,0
1237,9531,4,63,54.0,70.0,MEDIUM,0
1237,9531,4,44,54.0,70.0,HARD,0
1237,9531,5,20,54.0,70.0,MEDIUM,0
1238,9535,1,2,1.0,4.0,SOFT,0
1238,9535,1,24,1.0,4.0,SOFT,0
1238,9535,1,3,1.0,4.0,SOFT,0
1238,9535,1,22,1.0,4.0,SOFT,0
1238,9535,1,18,1.0,4.0,SOFT,0
1238,9535,1,11,1.0,4.0,SOFT,0
1238,9535,1,23,1.0,4.0,SOFT,0
1238,9535,1,1,1.0,4.0,SOFT,0
1238,9535,1,81,1.0,4.0,SOFT,0
1238,9535,1,44,1.0,4.0,SOFT,0
1238,9535,1,20,1.0,4.0,SOFT,0
1238,9535,1,4,1.0,4.0,SOFT,0
1238,9535,1,14,1.0,4.0,SOFT,0
1238,9535,1,31,1.0,4.0,SOFT,0
1238,9535,1,77,1.0,4.0,SOFT,0
1238,9535,1,16,1.0,4.0,SOFT,0
1238,9535,1,55,1.0,4.0,SOFT,0
1238,9535,1,10,1.0,4.0,SOFT,0
1238,9535,1,27,1.0,4.0,SOFT,0
1238,9535,1,63,1.0,4.0,SOFT,0
1238,9535,2,18,4.0,7.0,SOFT,0
1238,9535,2,24,4.0,7.0,SOFT,0
1238,9535,2,22,4.0,7.0,SOFT,0
1238,9535,2,3,4.0,7.0,SOFT,0
1238,9535,2,2,4.0,7.0,SOFT,0
1238,9535,2,23,4.0,6.0,SOFT,0
1238,9535,2,11,4.0,7.0,SOFT,0
1238,9535,3,24,7.0,10.0,SOFT,0
1238,9535,2,77,4.0,7.0,SOFT,0
1238,9535,2,20,4.0,6.0,SOFT,0
1238,9535,2,31,4.0,7.0,SOFT,0
1238,9535,2,44,4.0,7.0,SOFT,0
1238,9535,2,81,4.0,7.0,SOFT,0
1238,9535,3,3,7.0,9.0,SOFT,0
1238,9535,2,14,4.0,7.0,SOFT,0
1238,9535,2,10,4.0,7.0,SOFT,0
1238,9535,3,18,7.0,10.0,SOFT,0
1238,9535,3,22,7.0,9.0,SOFT,0
1238,9535,2,27,4.0,7.0,SOFT,0
1238,9535,2,63,4.0,5.0,SOFT,3
1238,9535,3,2,7.0,9.0,SOFT,0
1238,9535,4,18,10.0,13.0,SOFT,3
1238,9535,3,31,7.0,10.0,SOFT,0
1238,9535,3,11,7.0,10.0,SOFT,0
1238,9535,3,10,7.0,10.0,SOFT,0
1238,9535,3,27,7.0,10.0,SOFT,0
1238,9535,3,14,7.0,10.0,SOFT,0
1238,9535,3,77,7.0,10.0,SOFT,0
1238,9535,4,24,10.0,13.0,SOFT,3
1238,9535,2,16,4.0,7.0,SOFT,0
1238,9535,3,81,7.0,10.0,SOFT,0
1238,9535,2,55,4.0,7.0,SOFT,0
1238,9535,2,4,4.0,7.0,SOFT,0
1238,9535,2,1,4.0,7.0,SOFT,0
1238,9535,3,44,7.0,10.0,SOFT,0
1238,9535,3,63,5.0,8.0,SOFT,0
1238,9535,5,18,13.0,15.0,SOFT,0
1238,9535,4,44,10.0,13.0,SOFT,0
1238,9535,5,24,13.0,15.0,SOFT,0
1238,9535,4,77,10.0,12.0,SOFT,0
1238,9535,4,27,10.0,12.0,SOFT,0
1238,9535,4,31,10.0,13.0,SOFT,0
1238,9535,4,10,10.0,13.0,SOFT,0
1238,9535,4,11,10.0,13.0,SOFT,0
1238,9535,4,14,10.0,12.0,SOFT,0
1238,9535,4,63,8.0,11.0,SOFT,0
1238,9535,4,81,10.0,12.0,SOFT,0
1238,9535,5,11,13.0,16.0,SOFT,3
1238,9535,3,1,7.0,10.0,SOFT,0
1238,9535,5,31,13.0,16.0,SOFT,3
1238,9535,3,55,7.0,10.0,SOFT,0
1238,9535,5,81,12.0,15.0,SOFT,2
1238,9535,5,10,13.0,16.0,SOFT,3
1238,9535,3,4,7.0,10.0,SOFT,0
1238,9535,3,16,7.0,10.0,SOFT,0
1238,9535,5,44,13.0,16.0,SOFT,0
1238,9535,5,63,11.0,14.0,SOFT,0
1238,9535,6,11,16.0,18.0,SOFT,0
1238,9535,6,81,15.0,16.0,SOFT,0
1238,9535,6,31,16.0,18.0,SOFT,0
1238,9535,4,55,10.0,12.0,SOFT,0
1238,9535,4,16,10.0,12.0,SOFT,0
1238,9535,4,1,10.0,12.0,SOFT,0
1238,9535,6,10,16.0,18.0,SOFT,0
1238,9535,4,4,10.0,12.0,SOFT,0
1238,9535,6,44,16.0,18.0,SOFT,0
1238,9535,6,63,14.0,16.0,SOFT,0
1238,9539,1,63,1.0,15.0,SOFT,3
1238,9539,1,23,1.0,18.0,MEDIUM,0
1238,9539,1,18,1.0,17.0,SOFT,0
1238,9539,1,44,1.0,16.0,SOFT,8
1238,9539,1,3,1.0,16.0,SOFT,0
1238,9539,1,14,1.0,19.0,SOFT,0
1238,9539,1,55,1.0,15.0,SOFT,0
1238,9539,1,4,1.0,23.0,SOFT,0
1238,9539,1,10,1.0,14.0,SOFT,3
1238,9539,1,24,1.0,9.0,SOFT,0
1238,9539,1,81,1.0,21.0,SOFT,3
1238,9539,1,2,1.0,14.0,SOFT,0
1238,9539,1,31,1.0,13.0,SOFT,3
1238,9539,1,20,1.0,10.0,SOFT,0
1238,9539,1,77,1.0,11.0,SOFT,0
1238,9539,1,1,1.0,17.0,SOFT,3
1238,9539,1,27,1.0,12.0,SOFT,0
1238,9539,1,16,1.0,24.0,SOFT,0
1238,9539,1,22,1.0,9.0,SOFT,0
1238,9539,1,11,1.0,13.0,SOFT,3
1238,9539,2,22,10.0,27.0,MEDIUM,0
1238,9539,2,24,10.0,41.0,MEDIUM,0
1238,9539,2,20,11.0,29.0,MEDIUM,0
1238,9539,2,77,12.0,28.0,SOFT,3
1238,9539,2,27,13.0,38.0,MEDIUM,0
1238,9539,2,31,14.0,37.0,MEDIUM,0
1238,9539,2,11,14.0,31.0,SOFT,3
1238,9539,2,10,15.0,38.0,MEDIUM,0
1238,9539,2,2,15.0,34.0,MEDIUM,0
1238,9539,2,55,16.0,36.0,MEDIUM,0
1238,9539,2,63,16.0,36.0,MEDIUM,0
1238,9539,2,44,17.0,43.0,MEDIUM,0
1238,9539,2,3,17.0,42.0,MEDIUM,0
1238,9539,2,1,18.0,44.0,MEDIUM,0
1238,9539,2,18,18.0,37.0,MEDIUM,1
1238,9539,2,23,19.0,43.0,SOFT,0
1238,9539,2,14,20.0,45.0,MEDIUM,1
1238,9539,2,81,22.0,46.0,MEDIUM,0
1238,9539,2,4,24.0,47.0,MEDIUM,0
1238,9539,2,16,25.0,47.0,MEDIUM,0
1238,9539,3,22,28.0,44.0,HARD,0
1238,9539,3,77,29.0,65.0,HARD,0
1238,9539,3,20,30.0,65.0,HARD,0
1238,9539,3,11,32.0,49.0,MEDIUM,0
1238,9539,3,2,35.0,64.0,HARD,0
1238,9539,3,63,37.0,66.0,HARD,0
1238,9539,3,55,37.0,66.0,HARD,0
1238,9539,3,31,38.0,66.0,HARD,0
1238,9539,3,18,38.0,65.0,HARD,1
1238,9539,3,10,39.0,66.0,HARD,0
1238,9539,3,27,39.0,66.0,HARD,0
1238,9539,3,24,42.0,65.0,HARD,0
1238,9539,3,3,43.0,65.0,HARD,0
1238,9539,3,44,44.0,66.0,SOFT,3
1238,9539,3,1,45.0,66.0,SOFT,0
1238,9539,3,23,44.0,65.0,SOFT,0
1238,9539,4,22,45.0,65.0,SOFT,0
1238,9539,3,14,46.0,65.0,HARD,0
1238,9539,3,81,47.0,66.0,SOFT,3
1238,9539,3,4,48.0,66.0,SOFT,0
1238,9539,3,16,48.0,66.0,SOFT,3
1238,9539,4,11,50.0,66.0,SOFT,3
1239,9541,1,1,1.0,4.0,SOFT,3
1239,9541,1,11,1.0,4.0,SOFT,3
1239,9541,1,10,1.0,4.0,SOFT,6
1239,9541,1,18,1.0,4.0,SOFT,3
1239,9541,1,14,1.0,3.0,SOFT,3
1239,9541,1,31,1.0,4.0,SOFT,6
1239,9541,1,23,1.0,4.0,SOFT,0
1239,9541,1,55,1.0,4.0,SOFT,3
1239,9541,1,16,1.0,4.0,SOFT,2
1239,9541,1,4,1.0,4.0,SOFT,3
1239,9541,1,81,1.0,4.0,SOFT,3
1239,9541,1,22,1.0,4.0,SOFT,0
1239,9541,1,3,1.0,4.0,SOFT,0
1239,9541,1,2,1.0,4.0,SOFT,0
1239,9541,1,27,1.0,4.0,SOFT,0
1239,9541,1,20,1.0,4.0,SOFT,0
1239,9541,1,77,1.0,4.0,SOFT,0
1239,9541,1,24,1.0,4.0,SOFT,0
1239,9541,1,44,1.0,4.0,SOFT,3
1239,9541,1,63,1.0,4.0,SOFT,3
1239,9541,2,1,4.0,7.0,SOFT,3
1239,9541,2,11,4.0,7.0,SOFT,0
1239,9541,2,55,4.0,7.0,SOFT,0
1239,9541,2,10,4.0,7.0,SOFT,0
1239,9541,2,16,4.0,7.0,SOFT,0
1239,9541,2,14,4.0,7.0,SOFT,0
1239,9541,2,31,4.0,7.0,SOFT,0
1239,9541,2,18,4.0,7.0,SOFT,0
1239,9541,2,3,4.0,7.0,SOFT,0
1239,9541,2,27,4.0,7.0,SOFT,3
1239,9541,2,23,4.0,7.0,SOFT,0
1239,9541,2,2,4.0,7.0,SOFT,0
1239,9541,2,20,4.0,7.0,SOFT,3
1239,9541,2,22,4.0,7.0,SOFT,0
1239,9541,2,81,4.0,7.0,SOFT,0
1239,9541,2,77,4.0,7.0,SOFT,0
1239,9541,2,24,4.0,7.0,SOFT,0
1239,9541,2,4,4.0,7.0,SOFT,0
1239,9541,3,4,7.0,10.0,SOFT,3
1239,9541,3,10,7.0,10.0,SOFT,0
1239,9541,2,44,4.0,7.0,SOFT,0
1239,9541,2,63,4.0,7.0,SOFT,2
1239,9541,3,31,7.0,10.0,SOFT,0
1239,9541,3,20,7.0,10.0,SOFT,0
1239,9541,3,27,7.0,10.0,SOFT,0
1239,9541,3,3,7.0,10.0,SOFT,0
1239,9541,3,24,7.0,9.0,SOFT,0
1239,9541,3,22,7.0,10.0,SOFT,0
1239,9541,3,23,7.0,9.0,SOFT,0
1239,9541,3,16,7.0,9.0,SOFT,0
1239,9541,3,18,7.0,9.0,SOFT,0
1239,9541,3,14,7.0,10.0,SOFT,0
1239,9541,3,2,7.0,9.0,SOFT,0
1239,9541,3,11,7.0,10.0,SOFT,0
1239,9541,3,77,7.0,9.0,SOFT,0
1239,9541,4,31,10.0,13.0,SOFT,0
1239,9541,4,10,10.0,13.0,SOFT,0
1239,9541,3,55,7.0,10.0,SOFT,3
1239,9541,4,16,9.0,12.0,SOFT,3
1239,9541,3,1,7.0,10.0,SOFT,0
1239,9541,4,22,10.0,13.0,SOFT,0
1239,9541,3,44,7.0,10.0,SOFT,0
1239,9541,4,3,10.0,13.0,SOFT,0
1239,9541,3,63,7.0,10.0,SOFT,0
1239,9541,3,81,7.0,10.0,SOFT,0
1239,9541,4,14,10.0,13.0,SOFT,0
1239,9541,4,4,10.0,13.0,SOFT,0
1239,9541,4,27,10.0,13.0,SOFT,0
1239,9541,4,11,10.0,13.0,SOFT,0
1239,9541,4,20,10.0,13.0,SOFT,0
1239,9541,5,31,13.0,16.0,SOFT,0
1239,9541,4,55,10.0,13.0,SOFT,0
1239,9541,5,10,13.0,16.0,SOFT,0
1239,9541,5,16,12.0,15.0,SOFT,2
1239,9541,5,11,13.0,16.0,SOFT,0
1239,9541,6,31,16.0,19.0,SOFT,0
1239,9541,5,22,13.0,15.0,SOFT,0
1239,9541,4,44,10.0,13.0,SOFT,0
1239,9541,5,27,13.0,16.0,SOFT,0
1239,9541,4,63,10.0,13.0,SOFT,0
1239,9541,4,1,10.0,13.0,SOFT,0
1239,9541,5,20,13.0,15.0,SOFT,0
1239,9541,5,14,13.0,15.0,SOFT,0
1239,9541,5,3,13.0,15.0,SOFT,0
1239,9541,6,10,16.0,18.0,SOFT,0
1239,9541,6,16,15.0,17.0,SOFT,0
1239,9541,4,81,10.0,12.0,SOFT,3
1239,9541,5,4,13.0,15.0,SOFT,3
1239,9541,6,27,16.0,19.0,SOFT,3
1239,9541,7,31,19.0,22.0,SOFT,0
1239,9541,5,55,13.0,16.0,SOFT,0
1239,9541,5,81,12.0,15.0,SOFT,0
1239,9541,5,1,13.0,16.0,SOFT,0
1239,9541,6,4,15.0,18.0,SOFT,0
1239,9541,7,16,17.0,20.0,SOFT,2
1239,9541,6,11,16.0,19.0,SOFT,3
1239,9541,5,44,13.0,16.0,SOFT,0
1239,9541,5,63,13.0,16.0,SOFT,0
1239,9541,8,31,22.0,24.0,SOFT,3
1239,9541,6,1,16.0,18.0,SOFT,0
1239,9541,7,27,19.0,21.0,SOFT,0
1239,9541,6,81,15.0,17.0,SOFT,0
1239,9541,6,55,16.0,18.0,SOFT,0
1239,9541,7,4,18.0,20.0,SOFT,0
1239,9541,7,11,19.0,21.0,SOFT,3
1239,9541,8,16,20.0,22.0,SOFT,0
1239,9541,6,44,16.0,18.0,SOFT,0
1239,9541,6,63,16.0,18.0,SOFT,0
1239,9545,1,44,1.0,4.0,MEDIUM,0
1239,9545,1,77,1.0,4.0,MEDIUM,0
1239,9545,1,22,1.0,4.0,MEDIUM,0
1239,9545,1,3,1.0,4.0,MEDIUM,0
1239,9545,1,24,1.0,4.0,MEDIUM,0
1239,9545,1,63,1.0,4.0,MEDIUM,0
1239,9545,1,81,1.0,9.0,MEDIUM,0
1239,9545,1,27,1.0,4.0,MEDIUM,0
1239,9545,1,55,1.0,4.0,MEDIUM,0
1239,9545,1,20,1.0,4.0,MEDIUM,0
1239,9545,1,4,1.0,3.0,MEDIUM,0
1239,9545,1,16,1.0,4.0,MEDIUM,0
1239,9545,1,10,1.0,4.0,MEDIUM,0
1239,9545,1,31,1.0,4.0,MEDIUM,0
1239,9545,1,1,1.0,5.0,MEDIUM,0
1239,9545,1,11,1.0,7.0,MEDIUM,0
1239,9545,1,23,1.0,6.0,MEDIUM,0
1239,9545,1,14,1.0,7.0,MEDIUM,0
1239,9545,1,18,1.0,6.0,MEDIUM,0
1239,9545,1,2,1.0,7.0,MEDIUM,0
1239,9545,2,77,4.0,6.0,MEDIUM,3
1239,9545,2,4,4.0,7.0,MEDIUM,3
1239,9545,2,44,4.0,7.0,MEDIUM,3
1239,9545,2,24,4.0,6.0,MEDIUM,3
1239,9545,2,55,4.0,7.0,MEDIUM,3
1239,9545,2,27,4.0,6.0,MEDIUM,3
1239,9545,2,3,4.0,6.0,MEDIUM,3
1239,9545,2,22,4.0,7.0,MEDIUM,3
1239,9545,2,16,4.0,7.0,MEDIUM,3
1239,9545,2,20,4.0,6.0,MEDIUM,3
1239,9545,2,10,4.0,7.0,MEDIUM,3
1239,9545,2,31,4.0,7.0,MEDIUM,3
1239,9545,2,1,6.0,9.0,MEDIUM,0
1239,9545,2,11,7.0,10.0,MEDIUM,0
1239,9545,3,4,7.0,10.0,MEDIUM,0
1239,9545,3,55,7.0,10.0,MEDIUM,0
1239,9545,3,16,7.0,10.0,MEDIUM,0
1239,9545,2,81,9.0,12.0,MEDIUM,0
1239,9545,3,44,7.0,10.0,MEDIUM,0
1239,9545,2,63,4.0,7.0,MEDIUM,0
1239,9545,2,18,6.0,8.0,MEDIUM,0
1239,9545,3,31,7.0,10.0,MEDIUM,0
1239,9545,3,22,7.0,9.0,MEDIUM,0
1239,9545,3,10,7.0,10.0,MEDIUM,0
1239,9545,2,14,7.0,9.0,MEDIUM,0
1239,9545,2,2,7.0,9.0,MEDIUM,0
1239,9545,3,20,6.0,8.0,MEDIUM,0
1239,9545,3,11,10.0,12.0,MEDIUM,3
1239,9545,4,4,10.0,11.0,MEDIUM,3
1239,9545,4,44,10.0,11.0,MEDIUM,3
1239,9545,4,16,10.0,11.0,MEDIUM,3
1239,9545,5,44,11.0,13.0,SOFT,0
1239,9545,3,63,7.0,9.0,SOFT,0
1239,9545,3,81,12.0,14.0,SOFT,0
1239,9545,5,4,11.0,13.0,SOFT,0
1239,9545,4,55,10.0,12.0,SOFT,0
1239,9545,3,1,9.0,11.0,SOFT,0
1239,9545,4,31,10.0,12.0,SOFT,3
1239,9545,4,11,12.0,14.0,SOFT,0
1239,9545,4,10,10.0,12.0,SOFT,3
1239,9545,5,16,11.0,12.0,SOFT,0
1239,9549,1,1,1.0,23.0,MEDIUM,5
1239,9549,1,10,1.0,23.0,MEDIUM,3
1239,9549,1,81,1.0,23.0,MEDIUM,3
1239,9549,1,16,1.0,23.0,MEDIUM,4
1239,9549,1,11,1.0,23.0,MEDIUM,6
1239,9549,1,31,1.0,23.0,MEDIUM,6
1239,9549,1,77,1.0,23.0,MEDIUM,0
1239,9549,1,63,1.0,23.0,MEDIUM,3
1239,9549,1,27,1.0,23.0,MEDIUM,6
1239,9549,1,22,1.0,23.0,MEDIUM,3
1239,9549,1,2,1.0,23.0,MEDIUM,3
1239,9549,1,3,1.0,23.0,MEDIUM,6
1239,9549,1,23,1.0,23.0,MEDIUM,6
1239,9549,1,18,1.0,23.0,MEDIUM,3
1239,9549,1,55,1.0,23.0,MEDIUM,3
1239,9549,1,4,1.0,23.0,MEDIUM,4
1239,9549,1,44,1.0,23.0,MEDIUM,4
1239,9549,1,24,1.0,23.0,MEDIUM,0
1239,9549,1,14,1.0,23.0,MEDIUM,6
1239,9549,1,20,1.0,23.0,MEDIUM,3
1239,9550,1,11,1.0,21.0,MEDIUM,0
1239,9550,1,31,1.0,19.0,MEDIUM,0
1239,9550,1,77,1.0,19.0,MEDIUM,0
1239,9550,1,63,1.0,22.0,MEDIUM,0
1239,9550,1,1,1.0,23.0,MEDIUM,0
1239,9550,1,27,1.0,11.0,MEDIUM,0
1239,9550,1,22,1.0,21.0,MEDIUM,0
1239,9550,1,2,1.0,1.0,MEDIUM,0
1239,9550,1,23,1.0,12.0,MEDIUM,0
1239,9550,1,3,1.0,10.0,MEDIUM,0
1239,9550,1,18,1.0,20.0,MEDIUM,1
1239,9550,1,4,1.0,23.0,MEDIUM,0
1239,9550,1,44,1.0,21.0,MEDIUM,0
1239,9550,1,24,1.0,28.0,HARD,0
1239,9550,1,14,1.0,11.0,MEDIUM,3
1239,9550,1,20,1.0,10.0,MEDIUM,0
1239,9550,1,55,1.0,22.0,MEDIUM,0
1239,9550,1,10,1.0,20.0,MEDIUM,0
1239,9550,1,81,1.0,25.0,MEDIUM,0
1239,9550,1,16,1.0,1.0,MEDIUM,0
1239,9550,2,16,2.0,16.0,HARD,0
1239,9550,2,2,2.0,20.0,MEDIUM,0
1239,9550,2,20,11.0,38.0,HARD,0
1239,9550,2,3,11.0,37.0,HARD,0
1239,9550,2,27,12.0,39.0,HARD,0
1239,9550,2,14,12.0,35.0,MEDIUM,0
1239,9550,2,23,13.0,39.0,HARD,0
1239,9550,3,16,17.0,33.0,MEDIUM,0
1239,9550,2,31,20.0,43.0,HARD,0
1239,9550,2,77,20.0,42.0,HARD,0
1239,9550,2,10,21.0,42.0,HARD,0
1239,9550,2,18,21.0,43.0,MEDIUM,0
1239,9550,3,2,21.0,49.0,HARD,0
1239,9550,2,44,22.0,53.0,HARD,0
1239,9550,2,11,22.0,51.0,HARD,0
1239,9550,2,22,22.0,44.0,HARD,0
1239,9550,2,55,23.0,47.0,HARD,0
1239,9550,2,63,23.0,46.0,MEDIUM,0
1239,9550,2,1,24.0,51.0,HARD,0
1239,9550,2,4,24.0,51.0,HARD,0
1239,9550,2,81,26.0,51.0,HARD,0
1239,9550,2,24,29.0,51.0,MEDIUM,0
1239,9550,4,16,34.0,51.0,MEDIUM,1
1239,9550,3,14,36.0,68.0,HARD,1
1239,9550,3,3,38.0,71.0,HARD,0
1239,9550,3,20,39.0,71.0,HARD,0
1239,9550,3,27,40.0,71.0,HARD,0
1239,9550,3,23,40.0,70.0,HARD,0
1239,9550,3,10,43.0,71.0,MEDIUM,0
1239,9550,3,77,43.0,70.0,HARD,0
1239,9550,3,31,44.0,71.0,MEDIUM,0
1239,9550,3,18,44.0,70.0,HARD,1
1239,9550,3,22,45.0,70.0,HARD,0
1239,9550,3,63,47.0,71.0,HARD,0
1239,9550,3,55,48.0,71.0,MEDIUM,0
1239,9550,4,2,50.0,69.0,MEDIUM,0
1239,9550,3,1,52.0,64.0,MEDIUM,3
1239,9550,3,4,52.0,64.0,MEDIUM,0
1239,9550,3,81,52.0,71.0,MEDIUM,0
1239,9550,3,11,52.0,71.0,MEDIUM,5
1239,9550,5,16,52.0,71.0,MEDIUM,6
1239,9550,3,24,52.0,70.0,HARD,0
1239,9550,3,44,54.0,71.0,MEDIUM,0
1239,9550,4,1,65.0,71.0,SOFT,0
1239,9550,4,14,69.0,70.0,SOFT,0
1240,9554,1,2,1.0,6.0,INTERMEDIATE,0
1240,9554,1,77,1.0,5.0,INTERMEDIATE,0
1240,9554,1,24,1.0,6.0,INTERMEDIATE,0
1240,9554,1,31,1.0,6.0,INTERMEDIATE,0
1240,9554,1,44,1.0,6.0,INTERMEDIATE,0
1240,9554,1,63,1.0,6.0,INTERMEDIATE,0
1240,9554,1,14,1.0,6.0,INTERMEDIATE,0
1240,9554,1,1,1.0,6.0,INTERMEDIATE,0
1240,9554,1,18,1.0,5.0,INTERMEDIATE,0
1240,9554,1,10,1.0,6.0,INTERMEDIATE,0
1240,9554,1,16,1.0,4.0,INTERMEDIATE,0
1240,9554,1,55,1.0,5.0,INTERMEDIATE,0
1240,9554,1,3,1.0,5.0,INTERMEDIATE,0
1240,9554,1,11,1.0,5.0,INTERMEDIATE,0
1240,9554,1,22,1.0,5.0,INTERMEDIATE,0
1240,9554,1,81,1.0,6.0,INTERMEDIATE,0
1240,9554,1,4,1.0,6.0,INTERMEDIATE,0
1240,9554,1,23,1.0,5.0,INTERMEDIATE,0
1240,9554,1,20,1.0,4.0,INTERMEDIATE,0
1240,9554,2,16,4.0,6.0,SOFT,0
1240,9554,2,77,5.0,7.0,SOFT,0
1240,9554,2,3,5.0,6.0,SOFT,0
1240,9554,2,11,5.0,5.0,SOFT,0
1240,9554,2,22,5.0,6.0,SOFT,0
1240,9554,2,55,5.0,6.0,SOFT,0
1240,9554,2,2,6.0,7.0,SOFT,0
1240,9554,2,31,6.0,7.0,SOFT,0
1240,9554,2,23,5.0,6.0,SOFT,0
1240,9554,2,44,6.0,7.0,SOFT,0
1240,9554,2,24,6.0,7.0,SOFT,0
1240,9554,2,63,6.0,7.0,SOFT,0
1240,9554,2,14,6.0,7.0,SOFT,0
1240,9554,2,18,6.0,6.0,SOFT,0
1240,9554,3,77,7.0,11.0,SOFT,0
1240,9554,2,20,4.0,6.0,SOFT,0
1240,9554,3,24,7.0,13.0,SOFT,0
1240,9554,1,27,1.0,4.0,SOFT,0
1240,9554,3,18,6.0,11.0,SOFT,0
1240,9554,3,14,7.0,12.0,SOFT,0
1240,9554,2,81,6.0,10.0,SOFT,0
1240,9554,2,4,6.0,10.0,SOFT,0
1240,9554,3,31,7.0,11.0,SOFT,0
1240,9554,3,44,7.0,12.0,SOFT,0
1240,9554,3,63,7.0,12.0,SOFT,0
1240,9554,2,1,6.0,11.0,SOFT,0
1240,9554,3,3,6.0,11.0,SOFT,0
1240,9554,3,16,6.0,11.0,SOFT,0
1240,9554,3,55,6.0,11.0,SOFT,0
1240,9554,2,10,6.0,7.0,SOFT,0
1240,9554,3,23,6.0,10.0,SOFT,0
1240,9554,3,2,7.0,11.0,SOFT,0
1240,9554,3,22,6.0,11.0,SOFT,0
1240,9554,4,23,10.0,15.0,SOFT,1
1240,9554,4,2,11.0,16.0,SOFT,0
1240,9554,4,24,13.0,18.0,SOFT,0
1240,9554,4,18,11.0,16.0,SOFT,0
1240,9554,4,14,12.0,17.0,SOFT,0
1240,9554,2,27,4.0,7.0,SOFT,0
1240,9554,4,22,11.0,15.0,SOFT,0
1240,9554,3,81,10.0,13.0,SOFT,4
1240,9554,4,16,11.0,16.0,SOFT,2
1240,9554,3,1,11.0,16.0,SOFT,0
1240,9554,4,55,11.0,16.0,SOFT,1
1240,9554,4,44,12.0,16.0,SOFT,5
1240,9554,4,63,12.0,16.0,SOFT,0
1240,9554,3,4,10.0,13.0,SOFT,4
1240,9554,4,3,11.0,15.0,SOFT,0
1240,9554,4,81,13.0,19.0,SOFT,0
1240,9554,4,4,13.0,18.0,SOFT,0
1240,9554,3,27,7.0,12.0,SOFT,0
1240,9554,5,2,16.0,20.0,SOFT,1
1240,9554,5,24,18.0,22.0,SOFT,0
1240,9554,5,63,16.0,21.0,SOFT,0
1240,9554,5,44,16.0,20.0,SOFT,0
1240,9554,5,23,15.0,18.0,SOFT,0
1240,9554,5,3,15.0,18.0,SOFT,1
1240,9554,5,16,16.0,18.0,SOFT,0
1240,9554,5,55,16.0,19.0,SOFT,0
1240,9554,5,22,15.0,17.0,SOFT,0
1240,9554,5,14,17.0,20.0,SOFT,1
1240,9554,5,18,16.0,19.0,SOFT,1
1240,9554,4,1,16.0,19.0,SOFT,0
1240,9554,6,23,18.0,21.0,SOFT,4
1240,9554,5,1,19.0,22.0,SOFT,0
1240,9554,5,81,19.0,22.0,SOFT,0
1240,9554,6,14,20.0,23.0,SOFT,0
1240,9554,5,4,18.0,21.0,SOFT,0
1240,9554,6,55,19.0,22.0,SOFT,0
1240,9554,6,18,19.0,22.0,SOFT,4
1240,9554,4,27,12.0,15.0,SOFT,0
1240,9554,6,44,20.0,23.0,SOFT,0
1240,9554,6,63,21.0,24.0,SOFT,0
1240,9554,7,23,21.0,23.0,SOFT,0
1240,9554,7,18,22.0,24.0,SOFT,0
1240,9554,5,27,15.0,17.0,SOFT,0
1240,9554,6,1,22.0,24.0,SOFT,0
1240,9554,7,44,23.0,25.0,SOFT,0
1240,9554,7,63,24.0,26.0,SOFT,0
1240,9554,6,4,21.0,22.0,SOFT,0
1240,9554,7,55,22.0,24.0,SOFT,0
1240,9554,6,81,22.0,24.0,SOFT,0
1240,9554,7,14,23.0,24.0,SOFT,0
1240,9558,1,77,1.0,26.0,MEDIUM,0
1240,9558,1,3,1.0,26.0,MEDIUM,0
1240,9558,1,24,1.0,12.0,SOFT,0
1240,9558,1,31,1.0,19.0,SOFT,0
1240,9558,1,22,1.0,27.0,MEDIUM,0
1240,9558,1,4,1.0,27.0,MEDIUM,0
1240,9558,1,81,1.0,28.0,MEDIUM,0
1240,9558,1,23,1.0,27.0,MEDIUM,0
1240,9558,1,14,1.0,27.0,MEDIUM,0
1240,9558,1,1,1.0,26.0,MEDIUM,0
1240,9558,1,16,1.0,19.0,MEDIUM,0
1240,9558,1,63,1.0,27.0,MEDIUM,0
1240,9558,1,20,1.0,27.0,MEDIUM,0
1240,9558,1,27,1.0,26.0,MEDIUM,0
1240,9558,1,18,1.0,26.0,MEDIUM,0
1240,9558,1,11,1.0,19.0,HARD,0
1240,9558,1,2,1.0,27.0,MEDIUM,0
1240,9558,1,44,1.0,27.0,MEDIUM,0
1240,9558,1,55,1.0,26.0,MEDIUM,0
1240,9558,2,24,13.0,19.0,MEDIUM,0
1240,9558,2,16,20.0,27.0,INTERMEDIATE,0
1240,9558,2,11,20.0,28.0,INTERMEDIATE,0
1240,9558,2,31,20.0,21.0,INTERMEDIATE,0
1240,9558,3,24,20.0,26.0,INTERMEDIATE,0
1240,9558,3,31,22.0,26.0,MEDIUM,0
1240,9558,2,1,27.0,38.0,INTERMEDIATE,0
1240,9558,2,55,27.0,39.0,INTERMEDIATE,0
1240,9558,2,27,27.0,39.0,INTERMEDIATE,0
1240,9558,2,18,27.0,39.0,INTERMEDIATE,0
1240,9558,2,3,27.0,37.0,INTERMEDIATE,0
1240,9558,2,77,27.0,37.0,INTERMEDIATE,0
1240,9558,2,4,28.0,39.0,INTERMEDIATE,0
1240,9558,2,44,28.0,38.0,INTERMEDIATE,0
1240,9558,2,63,28.0,33.0,INTERMEDIATE,0
1240,9558,2,14,28.0,38.0,INTERMEDIATE,0
1240,9558,2,22,28.0,38.0,INTERMEDIATE,0
1240,9558,2,23,28.0,38.0,INTERMEDIATE,0
1240,9558,4,31,27.0,38.0,INTERMEDIATE,0
1240,9558,2,20,28.0,37.0,INTERMEDIATE,0
1240,9558,2,2,28.0,38.0,INTERMEDIATE,0
1240,9558,4,24,27.0,37.0,INTERMEDIATE,0
1240,9558,2,81,29.0,38.0,INTERMEDIATE,0
1240,9558,3,16,28.0,37.0,INTERMEDIATE,0
1240,9558,3,11,29.0,37.0,INTERMEDIATE,0
1240,9558,3,20,38.0,52.0,SOFT,0
1240,9558,3,3,38.0,51.0,SOFT,0
1240,9558,3,77,38.0,51.0,SOFT,0
1240,9558,3,44,39.0,52.0,SOFT,0
1240,9558,3,1,39.0,52.0,HARD,0
1240,9558,3,81,39.0,52.0,MEDIUM,0
1240,9558,4,16,38.0,51.0,SOFT,0
1240,9558,4,11,38.0,47.0,MEDIUM,0
1240,9558,3,14,39.0,52.0,MEDIUM,0
1240,9558,3,22,39.0,52.0,SOFT,0
1240,9558,3,23,39.0,52.0,MEDIUM,0
1240,9558,3,2,39.0,52.0,SOFT,0
1240,9558,3,4,40.0,52.0,SOFT,2
1240,9558,5,24,38.0,50.0,SOFT,1
1240,9558,3,55,40.0,50.0,HARD,0
1240,9558,3,27,40.0,52.0,SOFT,3
1240,9558,3,18,40.0,52.0,MEDIUM,0
1240,9558,5,31,39.0,50.0,MEDIUM,0
1240,9558,5,11,48.0,50.0,SOFT,0
1240,9558,4,55,51.0,52.0,SOFT,3
1241,9562,1,27,1.0,6.0,SOFT,0
1241,9562,1,20,1.0,6.0,SOFT,0
1241,9562,1,77,1.0,6.0,SOFT,0
1241,9562,1,24,1.0,7.0,SOFT,0
1241,9562,1,10,1.0,4.0,SOFT,0
1241,9562,1,22,1.0,7.0,SOFT,0
1241,9562,1,3,1.0,7.0,SOFT,0
1241,9562,1,23,1.0,6.0,SOFT,0
1241,9562,1,2,1.0,5.0,SOFT,0
1241,9562,1,18,1.0,6.0,SOFT,0
1241,9562,1,31,1.0,4.0,SOFT,0
1241,9562,1,14,1.0,7.0,SOFT,0
1241,9562,1,81,1.0,8.0,SOFT,0
1241,9562,1,4,1.0,8.0,SOFT,0
1241,9562,1,16,1.0,8.0,SOFT,0
1241,9562,1,55,1.0,7.0,SOFT,0
1241,9562,1,1,1.0,7.0,SOFT,0
1241,9562,1,11,1.0,6.0,SOFT,0
1241,9562,1,63,1.0,6.0,SOFT,0
1241,9562,1,44,1.0,6.0,SOFT,0
1241,9562,2,10,4.0,6.0,SOFT,0
1241,9562,2,31,4.0,6.0,SOFT,0
1241,9562,2,27,6.0,8.0,SOFT,0
1241,9562,2,18,6.0,8.0,SOFT,0
1241,9562,2,77,6.0,8.0,SOFT,0
1241,9562,2,20,6.0,7.0,SOFT,0
1241,9562,2,24,7.0,12.0,SOFT,0
1241,9562,3,77,8.0,14.0,SOFT,2
1241,9562,2,63,6.0,9.0,SOFT,0
1241,9562,2,23,6.0,11.0,SOFT,0
1241,9562,2,55,7.0,11.0,SOFT,6
1241,9562,2,44,6.0,10.0,SOFT,0
1241,9562,2,1,7.0,10.0,SOFT,6
1241,9562,3,18,8.0,11.0,SOFT,0
1241,9562,2,16,8.0,11.0,SOFT,7
1241,9562,2,3,7.0,10.0,SOFT,0
1241,9562,2,22,7.0,10.0,SOFT,0
1241,9562,3,27,8.0,11.0,SOFT,0
1241,9562,2,4,8.0,10.0,SOFT,0
1241,9562,3,20,7.0,10.0,SOFT,0
1241,9562,2,81,8.0,9.0,SOFT,0
1241,9562,2,2,5.0,8.0,SOFT,0
1241,9562,2,14,7.0,8.0,SOFT,0
1241,9562,3,55,11.0,14.0,SOFT,10
1241,9562,3,44,10.0,13.0,SOFT,9
1241,9562,3,1,10.0,13.0,SOFT,0
1241,9562,4,77,14.0,17.0,SOFT,5
1241,9562,4,27,11.0,14.0,SOFT,5
1241,9562,4,20,10.0,13.0,SOFT,3
1241,9562,4,18,11.0,14.0,SOFT,2
1241,9562,3,81,9.0,12.0,SOFT,1
1241,9562,3,14,8.0,11.0,SOFT,0
1241,9562,3,2,8.0,11.0,SOFT,3
1241,9562,3,22,10.0,13.0,SOFT,6
1241,9562,3,23,11.0,14.0,SOFT,5
1241,9562,3,4,10.0,13.0,SOFT,2
1241,9562,3,16,11.0,14.0,SOFT,0
1241,9562,4,55,14.0,17.0,SOFT,0
1241,9562,4,44,13.0,16.0,SOFT,0
1241,9562,5,18,14.0,17.0,SOFT,0
1241,9562,4,23,14.0,16.0,SOFT,0
1241,9562,4,2,11.0,13.0,SOFT,0
1241,9562,3,3,10.0,13.0,SOFT,0
1241,9562,4,16,14.0,17.0,SOFT,0
1241,9562,4,14,11.0,14.0,SOFT,0
1241,9562,4,4,13.0,16.0,SOFT,0
1241,9562,4,22,13.0,16.0,SOFT,0
1241,9562,5,55,17.0,20.0,SOFT,3
1241,9562,4,1,13.0,16.0,SOFT,3
1241,9562,5,77,17.0,19.0,SOFT,0
1241,9562,5,27,14.0,16.0,SOFT,2
1241,9562,4,81,12.0,14.0,SOFT,4
1241,9562,5,20,13.0,15.0,SOFT,1
1241,9562,5,1,16.0,19.0,SOFT,0
1241,9562,5,81,14.0,17.0,SOFT,0
1241,9562,6,55,20.0,23.0,SOFT,0
1241,9562,5,44,16.0,19.0,SOFT,0
1241,9562,5,16,17.0,20.0,SOFT,0
1241,9562,5,14,14.0,17.0,SOFT,1
1241,9562,5,22,16.0,19.0,SOFT,3
1241,9562,5,4,16.0,19.0,SOFT,0
1241,9562,4,3,13.0,16.0,SOFT,3
1241,9562,6,18,17.0,20.0,SOFT,0
1241,9562,6,81,17.0,20.0,SOFT,0
1241,9562,6,44,19.0,22.0,SOFT,0
1241,9562,7,55,23.0,26.0,SOFT,0
1241,9562,6,1,19.0,21.0,SOFT,0
1241,9562,6,14,17.0,18.0,SOFT,0
1241,9562,6,22,19.0,20.0,SOFT,0
1241,9562,5,3,16.0,18.0,SOFT,0
1241,9562,6,4,19.0,21.0,SOFT,3
1241,9562,7,18,20.0,21.0,SOFT,3
1241,9562,6,16,20.0,21.0,SOFT,3
1241,9562,7,4,21.0,22.0,SOFT,5
1241,9562,7,44,22.0,24.0,SOFT,0
1241,9562,7,81,20.0,21.0,SOFT,0
1241,9562,8,18,21.0,22.0,SOFT,3
1241,9562,6,3,18.0,20.0,SOFT,0
1241,9562,7,16,21.0,22.0,SOFT,4
1241,9562,8,55,26.0,26.0,SOFT,3
1241,9566,1,77,1.0,16.0,MEDIUM,1
1241,9566,1,63,1.0,33.0,HARD,0
1241,9566,1,1,1.0,21.0,MEDIUM,0
1241,9566,1,27,1.0,2.0,MEDIUM,0
1241,9566,1,22,1.0,29.0,MEDIUM,0
1241,9566,1,2,1.0,8.0,MEDIUM,0
1241,9566,1,3,1.0,7.0,MEDIUM,0
1241,9566,1,23,1.0,6.0,SOFT,0
1241,9566,1,18,1.0,14.0,SOFT,3
1241,9566,1,4,1.0,17.0,MEDIUM,0
1241,9566,1,44,1.0,16.0,MEDIUM,0
1241,9566,1,24,1.0,7.0,MEDIUM,1
1241,9566,1,14,1.0,7.0,SOFT,2
1241,9566,1,20,1.0,6.0,SOFT,0
1241,9566,1,55,1.0,21.0,MEDIUM,0
1241,9566,1,31,1.0,6.0,MEDIUM,0
1241,9566,1,10,1.0,28.0,HARD,0
1241,9566,1,81,1.0,18.0,MEDIUM,0
1241,9566,1,16,1.0,23.0,MEDIUM,0
1241,9566,1,11,1.0,28.0,HARD,0
1241,9566,2,27,3.0,29.0,HARD,0
1241,9566,2,31,7.0,30.0,HARD,0
1241,9566,2,23,7.0,29.0,HARD,0
1241,9566,2,20,7.0,34.0,HARD,0
1241,9566,2,14,8.0,37.0,MEDIUM,1
1241,9566,2,3,8.0,28.0,HARD,0
1241,9566,2,24,8.0,36.0,HARD,0
1241,9566,2,2,9.0,33.0,HARD,0
1241,9566,2,18,15.0,45.0,MEDIUM,1
1241,9566,2,44,17.0,40.0,HARD,0
1241,9566,2,77,17.0,45.0,HARD,0
1241,9566,2,4,18.0,45.0,HARD,1
1241,9566,2,81,19.0,47.0,HARD,1
1241,9566,2,1,22.0,49.0,HARD,0
1241,9566,2,55,22.0,47.0,HARD,0
1241,9566,2,16,24.0,40.0,HARD,0
1241,9566,2,11,29.0,47.0,MEDIUM,0
1241,9566,2,10,29.0,33.0,MEDIUM,0
1241,9566,3,3,29.0,69.0,HARD,0
1241,9566,2,22,30.0,70.0,HARD,0
1241,9566,3,27,30.0,69.0,HARD,0
1241,9566,3,23,30.0,69.0,HARD,0
1241,9566,3,31,31.0,64.0,HARD,0
1241,9566,2,63,34.0,53.0,MEDIUM,0
1241,9566,3,2,34.0,63.0,HARD,0
1241,9566,3,20,35.0,69.0,HARD,0
1241,9566,3,24,37.0,69.0,HARD,0
1241,9566,3,14,38.0,70.0,HARD,1
1241,9566,3,16,41.0,70.0,MEDIUM,0
1241,9566,3,44,41.0,70.0,HARD,0
1241,9566,3,4,46.0,70.0,MEDIUM,1
1241,9566,3,18,46.0,70.0,HARD,1
1241,9566,3,77,46.0,69.0,HARD,0
1241,9566,3,81,48.0,70.0,MEDIUM,1
1241,9566,3,55,48.0,70.0,MEDIUM,0
1241,9566,3,11,48.0,70.0,MEDIUM,0
1241,9566,3,1,50.0,70.0,MEDIUM,0
1241,9566,3,63,54.0,70.0,HARD,0
1241,9566,4,2,64.0,69.0,SOFT,0
1241,9566,4,31,65.0,69.0,SOFT,0
1242,9570,1,4,1.0,6.0,INTERMEDIATE,0
1242,9570,1,20,1.0,5.0,INTERMEDIATE,0
1242,9570,1,27,1.0,7.0,INTERMEDIATE,0
1242,9570,1,81,1.0,7.0,INTERMEDIATE,0
1242,9570,1,24,1.0,7.0,INTERMEDIATE,0
1242,9570,1,77,1.0,6.0,INTERMEDIATE,0
1242,9570,1,14,1.0,5.0,INTERMEDIATE,0
1242,9570,1,18,1.0,5.0,INTERMEDIATE,0
1242,9570,1,23,1.0,5.0,INTERMEDIATE,0
1242,9570,1,2,1.0,5.0,INTERMEDIATE,0
1242,9570,1,10,1.0,5.0,INTERMEDIATE,0
1242,9570,1,31,1.0,5.0,INTERMEDIATE,0
1242,9570,1,22,1.0,6.0,INTERMEDIATE,0
1242,9570,1,11,1.0,7.0,INTERMEDIATE,0
1242,9570,1,3,1.0,6.0,INTERMEDIATE,0
1242,9570,1,1,1.0,9.0,INTERMEDIATE,0
1242,9570,1,16,1.0,6.0,INTERMEDIATE,0
1242,9570,1,55,1.0,7.0,INTERMEDIATE,0
1242,9570,1,44,1.0,7.0,INTERMEDIATE,0
1242,9570,1,63,1.0,6.0,INTERMEDIATE,0
1242,9570,2,14,5.0,10.0,INTERMEDIATE,0
1242,9570,2,18,5.0,10.0,INTERMEDIATE,0
1242,9570,2,10,5.0,10.0,INTERMEDIATE,0
1242,9570,2,31,5.0,10.0,INTERMEDIATE,0
1242,9570,2,20,5.0,9.0,INTERMEDIATE,0
1242,9570,2,23,5.0,10.0,INTERMEDIATE,0
1242,9570,2,4,6.0,11.0,INTERMEDIATE,0
1242,9570,2,2,5.0,8.0,INTERMEDIATE,0
1242,9570,2,77,6.0,10.0,INTERMEDIATE,0
1242,9570,2,16,6.0,9.0,INTERMEDIATE,0
1242,9570,2,63,6.0,9.0,INTERMEDIATE,0
1242,9570,2,81,7.0,10.0,INTERMEDIATE,0
1242,9570,2,27,7.0,9.0,INTERMEDIATE,0
1242,9570,2,11,7.0,10.0,INTERMEDIATE,0
1242,9570,2,3,6.0,9.0,INTERMEDIATE,0
1242,9570,2,55,7.0,10.0,INTERMEDIATE,0
1242,9570,2,24,7.0,9.0,INTERMEDIATE,0
1242,9570,2,22,6.0,8.0,INTERMEDIATE,0
1242,9570,2,44,7.0,9.0,INTERMEDIATE,0
1242,9570,3,23,10.0,14.0,INTERMEDIATE,0
1242,9570,3,31,10.0,15.0,INTERMEDIATE,0
1242,9570,3,10,10.0,15.0,INTERMEDIATE,0
1242,9570,3,63,9.0,12.0,INTERMEDIATE,3
1242,9570,3,14,10.0,15.0,INTERMEDIATE,0
1242,9570,3,4,11.0,14.0,INTERMEDIATE,5
1242,9570,3,55,10.0,13.0,INTERMEDIATE,3
1242,9570,3,16,9.0,12.0,INTERMEDIATE,3
1242,9570,3,44,9.0,12.0,INTERMEDIATE,2
1242,9570,3,3,9.0,12.0,INTERMEDIATE,0
1242,9570,3,77,10.0,14.0,INTERMEDIATE,0
1242,9570,3,18,10.0,14.0,INTERMEDIATE,0
1242,9570,3,11,10.0,14.0,INTERMEDIATE,0
1242,9570,3,81,10.0,13.0,INTERMEDIATE,3
1242,9570,2,1,9.0,16.0,INTERMEDIATE,0
1242,9570,4,63,12.0,17.0,INTERMEDIATE,0
1242,9570,4,4,14.0,19.0,INTERMEDIATE,0
1242,9570,4,16,12.0,17.0,INTERMEDIATE,0
1242,9570,4,44,12.0,17.0,INTERMEDIATE,0
1242,9570,4,55,13.0,18.0,INTERMEDIATE,0
1242,9570,4,81,13.0,17.0,INTERMEDIATE,0
1242,9570,4,3,12.0,14.0,INTERMEDIATE,0
1242,9570,4,77,14.0,17.0,INTERMEDIATE,0
1242,9570,4,18,14.0,17.0,INTERMEDIATE,0
1242,9570,4,11,14.0,17.0,INTERMEDIATE,0
1242,9570,4,31,15.0,18.0,INTERMEDIATE,0
1242,9570,4,10,15.0,17.0,INTERMEDIATE,0
1242,9570,4,14,15.0,18.0,INTERMEDIATE,0
1242,9570,4,23,14.0,16.0,INTERMEDIATE,0
1242,9570,5,44,17.0,22.0,INTERMEDIATE,0
1242,9570,5,63,17.0,22.0,INTERMEDIATE,0
1242,9570,5,81,17.0,23.0,INTERMEDIATE,0
1242,9570,5,31,18.0,21.0,INTERMEDIATE,0
1242,9570,5,4,19.0,24.0,INTERMEDIATE,0
1242,9570,5,14,18.0,21.0,INTERMEDIATE,4
1242,9570,5,55,18.0,21.0,INTERMEDIATE,5
1242,9570,5,16,17.0,20.0,INTERMEDIATE,5
1242,9570,5,11,17.0,20.0,INTERMEDIATE,3
1242,9570,3,1,16.0,19.0,INTERMEDIATE,0
1242,9570,6,31,21.0,23.0,INTERMEDIATE,3
1242,9570,6,55,21.0,23.0,INTERMEDIATE,0
1242,9570,6,16,20.0,22.0,INTERMEDIATE,0
1242,9570,6,14,21.0,23.0,INTERMEDIATE,3
1242,9570,4,1,19.0,21.0,INTERMEDIATE,0
1242,9570,6,11,20.0,21.0,INTERMEDIATE,4
1242,9574,1,14,1.0,13.0,MEDIUM,0
1242,9574,1,63,1.0,10.0,MEDIUM,0
1242,9574,1,27,1.0,7.0,MEDIUM,0
1242,9574,1,18,1.0,12.0,MEDIUM,0
1242,9574,1,31,1.0,12.0,MEDIUM,0
1242,9574,1,22,1.0,15.0,MEDIUM,0
1242,9574,1,44,1.0,11.0,MEDIUM,0
1242,9574,1,20,1.0,17.0,MEDIUM,0
1242,9574,1,10,1.0,9.0,MEDIUM,0
1242,9574,1,1,1.0,10.0,MEDIUM,0
1242,9574,1,3,1.0,8.0,SOFT,0
1242,9574,1,11,1.0,11.0,MEDIUM,0
1242,9574,1,16,1.0,12.0,MEDIUM,0
1242,9574,1,55,1.0,20.0,HARD,0
1242,9574,1,77,1.0,11.0,MEDIUM,0
1242,9574,1,24,1.0,5.0,HARD,0
1242,9574,1,2,1.0,8.0,MEDIUM,0
1242,9574,1,4,1.0,15.0,MEDIUM,0
1242,9574,1,81,1.0,11.0,MEDIUM,0
1242,9574,1,23,1.0,8.0,MEDIUM,0
1242,9574,2,27,8.0,20.0,HARD,0
1242,9574,2,23,9.0,23.0,MEDIUM,0
1242,9574,2,3,9.0,21.0,MEDIUM,0
1242,9574,2,2,9.0,24.0,MEDIUM,0
1242,9574,2,10,10.0,28.0,HARD,0
1242,9574,2,63,11.0,44.0,HARD,0
1242,9574,2,1,11.0,28.0,HARD,0
1242,9574,2,44,12.0,26.0,HARD,0
1242,9574,2,11,12.0,21.0,MEDIUM,0
1242,9574,2,81,12.0,30.0,HARD,0
1242,9574,2,77,12.0,35.0,HARD,0
1242,9574,2,16,13.0,25.0,HARD,0
1242,9574,2,31,13.0,30.0,HARD,0
1242,9574,2,18,13.0,44.0,HARD,0
1242,9574,2,14,14.0,44.0,HARD,0
1242,9574,2,4,16.0,29.0,HARD,0
1242,9574,2,22,16.0,44.0,HARD,1
1242,9574,2,20,18.0,44.0,HARD,0
1242,9574,2,55,21.0,28.0,MEDIUM,0
1242,9574,3,27,21.0,44.0,MEDIUM,0
1242,9574,3,11,22.0,42.0,HARD,0
1242,9574,3,3,22.0,44.0,HARD,1
1242,9574,3,23,24.0,44.0,HARD,0
1242,9574,3,2,25.0,44.0,HARD,0
1242,9574,3,16,26.0,44.0,HARD,0
1242,9574,3,44,27.0,44.0,HARD,0
1242,9574,3,1,29.0,44.0,MEDIUM,0
1242,9574,3,55,29.0,44.0,HARD,0
1242,9574,3,10,29.0,44.0,HARD,0
1242,9574,3,4,30.0,44.0,HARD,0
1242,9574,3,81,31.0,44.0,HARD,0
1242,9574,3,31,31.0,44.0,HARD,0
1242,9574,3,77,36.0,44.0,MEDIUM,0
1242,9574,4,11,43.0,44.0,SOFT,0
1242,9574,3,14,45.0,45.0,MEDIUM,0
1242,9574,4,3,45.0,45.0,SOFT,0
1242,9574,3,18,45.0,45.0,MEDIUM,0
1242,9574,3,22,45.0,45.0,SOFT,0
1243,9578,1,27,1.0,6.0,SOFT,0
1243,9578,1,24,1.0,4.0,SOFT,0
1243,9578,1,77,1.0,4.0,SOFT,0
1243,9578,1,10,1.0,4.0,SOFT,0
1243,9578,1,31,1.0,4.0,SOFT,0
1243,9578,1,23,1.0,4.0,SOFT,0
1243,9578,1,18,1.0,6.0,SOFT,0
1243,9578,1,20,1.0,4.0,SOFT,0
1243,9578,1,14,1.0,5.0,SOFT,0
1243,9578,1,55,1.0,4.0,SOFT,0
1243,9578,1,11,1.0,4.0,SOFT,0
1243,9578,1,16,1.0,4.0,SOFT,0
1243,9578,1,81,1.0,5.0,SOFT,0
1243,9578,1,63,1.0,4.0,SOFT,0
1243,9578,1,44,1.0,4.0,SOFT,0
1243,9578,1,22,1.0,7.0,SOFT,0
1243,9578,1,3,1.0,7.0,SOFT,0
1243,9578,1,4,1.0,4.0,SOFT,0
1243,9578,2,23,4.0,7.0,SOFT,0
1243,9578,2,77,4.0,7.0,SOFT,3
1243,9578,1,1,1.0,4.0,SOFT,0
1243,9578,2,11,4.0,6.0,SOFT,3
1243,9578,2,20,4.0,7.0,SOFT,3
1243,9578,2,16,4.0,7.0,SOFT,0
1243,9578,2,55,4.0,7.0,SOFT,3
1243,9578,2,10,4.0,7.0,SOFT,0
1243,9578,2,24,4.0,7.0,SOFT,3
1243,9578,2,31,4.0,7.0,SOFT,0
1243,9578,2,63,4.0,7.0,SOFT,0
1243,9578,2,44,4.0,5.0,SOFT,3
1243,9578,2,27,6.0,9.0,SOFT,0
1243,9578,2,18,6.0,11.0,SOFT,0
1243,9578,3,24,7.0,9.0,SOFT,0
1243,9578,2,1,4.0,6.0,SOFT,3
1243,9578,3,77,7.0,9.0,SOFT,0
1243,9578,2,81,5.0,8.0,SOFT,4
1243,9578,3,20,7.0,10.0,SOFT,0
1243,9578,3,27,9.0,12.0,SOFT,0
1243,9578,2,4,4.0,6.0,SOFT,0
1243,9578,3,23,7.0,10.0,SOFT,0
1243,9578,2,22,7.0,10.0,SOFT,0
1243,9578,2,3,7.0,9.0,SOFT,0
1243,9578,2,14,5.0,8.0,SOFT,0
1243,9578,3,55,7.0,10.0,SOFT,0
1243,9578,3,16,7.0,10.0,SOFT,0
1243,9578,3,63,7.0,10.0,SOFT,0
1243,9578,3,44,5.0,8.0,SOFT,4
1243,9578,3,31,7.0,9.0,SOFT,0
1243,9578,3,11,6.0,9.0,SOFT,0
1243,9578,3,10,7.0,9.0,SOFT,0
1243,9578,4,55,10.0,13.0,SOFT,3
1243,9578,4,16,10.0,13.0,SOFT,3
1243,9578,3,81,8.0,11.0,SOFT,0
1243,9578,4,27,12.0,15.0,SOFT,3
1243,9578,4,23,10.0,13.0,SOFT,0
1243,9578,4,20,10.0,13.0,SOFT,0
1243,9578,3,1,6.0,9.0,SOFT,0
1243,9578,3,4,6.0,9.0,SOFT,0
1243,9578,3,18,11.0,14.0,SOFT,0
1243,9578,4,10,9.0,12.0,SOFT,2
1243,9578,4,11,9.0,12.0,SOFT,0
1243,9578,3,14,8.0,11.0,SOFT,0
1243,9578,3,22,10.0,13.0,SOFT,3
1243,9578,4,63,10.0,13.0,SOFT,0
1243,9578,4,44,8.0,11.0,SOFT,0
1243,9578,5,55,13.0,16.0,SOFT,0
1243,9578,5,16,13.0,16.0,SOFT,0
1243,9578,5,27,15.0,17.0,SOFT,0
1243,9578,5,20,13.0,15.0,SOFT,0
1243,9578,5,10,12.0,15.0,SOFT,0
1243,9578,4,22,13.0,15.0,SOFT,0
1243,9578,5,11,12.0,15.0,SOFT,0
1243,9578,5,23,13.0,16.0,SOFT,0
1243,9578,4,14,11.0,14.0,SOFT,0
1243,9578,6,55,16.0,18.0,SOFT,0
1243,9578,4,18,14.0,17.0,SOFT,0
1243,9578,5,44,11.0,13.0,SOFT,0
1243,9578,6,16,16.0,19.0,SOFT,0
1243,9578,4,81,11.0,14.0,SOFT,0
1243,9578,4,1,9.0,12.0,SOFT,0
1243,9578,4,4,9.0,12.0,SOFT,0
1243,9578,7,16,19.0,22.0,SOFT,3
1243,9578,6,10,15.0,18.0,SOFT,3
1243,9578,5,63,13.0,16.0,SOFT,0
1243,9578,5,18,17.0,19.0,SOFT,0
1243,9578,5,14,14.0,16.0,SOFT,0
1243,9578,7,10,18.0,20.0,SOFT,0
1243,9578,5,1,12.0,14.0,SOFT,0
1243,9578,5,4,12.0,14.0,SOFT,0
1243,9578,6,11,15.0,17.0,SOFT,0
1243,9578,6,23,16.0,18.0,SOFT,0
1243,9578,8,16,22.0,24.0,SOFT,0
1243,9578,5,81,14.0,16.0,SOFT,0
1243,9578,6,63,16.0,18.0,SOFT,0
1243,9582,1,77,1.0,15.0,SOFT,0
1243,9582,1,1,1.0,27.0,MEDIUM,0
1243,9582,1,27,1.0,14.0,MEDIUM,0
1243,9582,1,22,1.0,14.0,SOFT,0
1243,9582,1,2,1.0,22.0,MEDIUM,0
1243,9582,1,3,1.0,29.0,MEDIUM,0
1243,9582,1,23,1.0,12.0,MEDIUM,0
1243,9582,1,63,1.0,25.0,MEDIUM,0
1243,9582,1,18,1.0,30.0,MEDIUM,0
1243,9582,1,24,1.0,18.0,MEDIUM,0
1243,9582,1,44,1.0,23.0,SOFT,0
1243,9582,1,14,1.0,31.0,MEDIUM,0
1243,9582,1,20,1.0,40.0,HARD,0
1243,9582,1,4,1.0,28.0,MEDIUM,0
1243,9582,1,55,1.0,30.0,MEDIUM,0
1243,9582,1,10,1.0,32.0,MEDIUM,0
1243,9582,1,81,1.0,33.0,MEDIUM,0
1243,9582,1,16,1.0,24.0,MEDIUM,0
1243,9582,1,11,1.0,29.0,MEDIUM,0
1243,9582,1,31,1.0,30.0,MEDIUM,0
1243,9582,2,23,13.0,54.0,HARD,0
1243,9582,2,22,15.0,32.0,MEDIUM,0
1243,9582,2,27,15.0,71.0,HARD,0
1243,9582,2,77,16.0,43.0,HARD,0
1243,9582,2,24,19.0,51.0,HARD,0
1243,9582,2,2,23.0,71.0,HARD,0
1243,9582,2,44,24.0,48.0,HARD,0
1243,9582,2,16,25.0,72.0,HARD,0
1243,9582,2,63,26.0,54.0,HARD,0
1243,9582,2,1,28.0,72.0,HARD,0
1243,9582,2,4,29.0,72.0,HARD,0
1243,9582,2,11,30.0,72.0,HARD,0
1243,9582,2,3,30.0,71.0,HARD,0
1243,9582,2,55,31.0,72.0,HARD,0
1243,9582,2,18,31.0,71.0,HARD,0
1243,9582,2,31,31.0,71.0,HARD,0
1243,9582,2,14,32.0,71.0,HARD,0
1243,9582,2,10,33.0,71.0,HARD,0
1243,9582,3,22,33.0,71.0,HARD,0
1243,9582,2,81,34.0,72.0,HARD,0
1243,9582,2,20,41.0,71.0,MEDIUM,0
1243,9582,3,77,44.0,70.0,MEDIUM,0
1243,9582,3,44,49.0,72.0,SOFT,0
1243,9582,3,24,52.0,70.0,SOFT,0
1243,9582,3,63,55.0,72.0,SOFT,3
1243,9582,3,23,55.0,71.0,MEDIUM,0
1244,9586,1,24,1.0,4.0,SOFT,0
1244,9586,1,31,1.0,4.0,SOFT,0
1244,9586,1,10,1.0,4.0,SOFT,0
1244,9586,1,20,1.0,4.0,SOFT,0
1244,9586,1,27,1.0,4.0,SOFT,0
1244,9586,1,55,1.0,4.0,SOFT,0
1244,9586,1,16,1.0,4.0,SOFT,0
1244,9586,1,11,1.0,4.0,SOFT,0
1244,9586,1,1,1.0,4.0,SOFT,0
1244,9586,1,4,1.0,4.0,SOFT,0
1244,9586,1,81,1.0,5.0,SOFT,0
1244,9586,1,3,1.0,4.0,SOFT,0
1244,9586,1,22,1.0,4.0,SOFT,0
1244,9586,1,23,1.0,4.0,SOFT,0
1244,9586,1,43,1.0,4.0,SOFT,0
1244,9586,1,18,1.0,4.0,SOFT,0
1244,9586,1,14,1.0,4.0,SOFT,0
1244,9586,1,77,1.0,4.0,SOFT,0
1244,9586,1,63,1.0,4.0,SOFT,0
1244,9586,1,44,1.0,4.0,SOFT,0
1244,9586,2,24,4.0,7.0,SOFT,0
1244,9586,2,55,4.0,7.0,SOFT,3
1244,9586,2,16,4.0,7.0,SOFT,3
1244,9586,2,10,4.0,7.0,SOFT,3
1244,9586,2,31,4.0,7.0,SOFT,3
1244,9586,2,23,4.0,7.0,SOFT,0
1244,9586,2,11,4.0,7.0,SOFT,0
1244,9586,2,43,4.0,6.0,SOFT,0
1244,9586,2,20,4.0,6.0,SOFT,0
1244,9586,2,27,4.0,7.0,SOFT,0
1244,9586,3,24,7.0,9.0,SOFT,0
1244,9586,2,77,4.0,6.0,SOFT,0
1244,9586,2,18,4.0,6.0,SOFT,0
1244,9586,2,22,4.0,6.0,SOFT,0
1244,9586,2,3,4.0,7.0,SOFT,0
1244,9586,2,81,5.0,8.0,SOFT,4
1244,9586,2,1,4.0,7.0,SOFT,3
1244,9586,2,63,4.0,7.0,SOFT,3
1244,9586,2,44,4.0,7.0,SOFT,3
1244,9586,2,14,4.0,6.0,SOFT,0
1244,9586,3,10,7.0,9.0,SOFT,0
1244,9586,3,31,7.0,9.0,SOFT,0
1244,9586,3,55,7.0,10.0,SOFT,6
1244,9586,3,16,7.0,10.0,SOFT,6
1244,9586,4,31,9.0,13.0,SOFT,2
1244,9586,4,10,9.0,13.0,SOFT,2
1244,9586,3,3,7.0,10.0,SOFT,3
1244,9586,3,20,6.0,9.0,SOFT,3
1244,9586,3,27,7.0,10.0,SOFT,3
1244,9586,3,11,7.0,10.0,SOFT,3
1244,9586,3,1,7.0,10.0,SOFT,0
1244,9586,3,81,8.0,11.0,SOFT,0
1244,9586,2,4,4.0,7.0,SOFT,0
1244,9586,3,23,7.0,10.0,SOFT,3
1244,9586,3,63,7.0,10.0,SOFT,0
1244,9586,3,14,6.0,9.0,SOFT,2
1244,9586,3,44,7.0,10.0,SOFT,0
1244,9586,4,55,10.0,13.0,SOFT,0
1244,9586,4,16,10.0,13.0,SOFT,0
1244,9586,5,31,13.0,16.0,SOFT,0
1244,9586,5,10,13.0,16.0,SOFT,0
1244,9586,4,20,9.0,11.0,SOFT,0
1244,9586,4,27,10.0,13.0,SOFT,0
1244,9586,4,81,11.0,14.0,SOFT,0
1244,9586,4,1,10.0,13.0,SOFT,3
1244,9586,4,11,10.0,13.0,SOFT,0
1244,9586,4,3,10.0,12.0,SOFT,0
1244,9586,4,23,10.0,13.0,SOFT,0
1244,9586,4,14,9.0,11.0,SOFT,0
1244,9586,5,16,13.0,16.0,SOFT,3
1244,9586,4,63,10.0,13.0,SOFT,3
1244,9586,4,44,10.0,13.0,SOFT,3
1244,9586,5,23,13.0,16.0,SOFT,3
1244,9586,5,27,13.0,16.0,SOFT,3
1244,9586,5,11,13.0,16.0,SOFT,3
1244,9586,5,81,14.0,17.0,SOFT,0
1244,9586,3,4,7.0,10.0,SOFT,0
1244,9586,5,55,13.0,16.0,SOFT,0
1244,9586,5,1,13.0,16.0,SOFT,0
1244,9586,6,16,16.0,19.0,SOFT,0
1244,9586,5,63,13.0,16.0,SOFT,0
1244,9586,5,44,13.0,16.0,SOFT,0
1244,9586,6,11,16.0,17.0,SOFT,0
1244,9586,6,1,16.0,18.0,SOFT,0
1244,9586,6,27,16.0,18.0,SOFT,0
1244,9586,6,23,16.0,18.0,SOFT,0
1244,9586,4,4,10.0,12.0,SOFT,0
1244,9586,6,81,17.0,19.0,SOFT,0
1244,9586,6,55,16.0,18.0,SOFT,0
1244,9586,7,16,19.0,21.0,SOFT,0
1244,9586,6,63,16.0,18.0,SOFT,0
1244,9586,6,44,16.0,18.0,SOFT,0
1244,9590,1,18,1.0,19.0,HARD,1
1244,9590,1,31,1.0,31.0,HARD,0
1244,9590,1,22,1.0,7.0,HARD,1
1244,9590,1,44,1.0,15.0,MEDIUM,0
1244,9590,1,77,1.0,33.0,HARD,1
1244,9590,1,4,1.0,14.0,MEDIUM,0
1244,9590,1,10,1.0,10.0,MEDIUM,0
1244,9590,1,24,1.0,15.0,MEDIUM,1
1244,9590,1,81,1.0,16.0,MEDIUM,0
1244,9590,1,3,1.0,11.0,MEDIUM,0
1244,9590,1,14,1.0,12.0,MEDIUM,1
1244,9590,1,63,1.0,11.0,MEDIUM,0
1244,9590,1,16,1.0,15.0,MEDIUM,0
1244,9590,1,11,1.0,23.0,HARD,0
1244,9590,1,55,1.0,19.0,MEDIUM,0
1244,9590,1,20,1.0,14.0,MEDIUM,0
1244,9590,1,23,1.0,17.0,MEDIUM,0
1244,9590,1,1,1.0,22.0,HARD,0
1244,9590,1,43,1.0,16.0,MEDIUM,0
1244,9590,1,27,1.0,5.0,MEDIUM,0
1244,9590,2,27,6.0,32.0,HARD,0
1244,9590,2,10,11.0,30.0,HARD,0
1244,9590,2,63,12.0,33.0,HARD,0
1244,9590,2,3,12.0,53.0,HARD,1
1244,9590,2,14,13.0,35.0,HARD,1
1244,9590,2,4,15.0,32.0,HARD,0
1244,9590,2,20,15.0,53.0,HARD,0
1244,9590,2,16,16.0,53.0,HARD,0
1244,9590,2,44,16.0,37.0,HARD,0
1244,9590,2,24,16.0,52.0,HARD,1
1244,9590,2,81,17.0,38.0,HARD,0
1244,9590,2,43,17.0,53.0,HARD,0
1244,9590,2,23,18.0,53.0,HARD,0
1244,9590,2,55,20.0,53.0,HARD,0
1244,9590,2,18,20.0,36.0,HARD,1
1244,9590,2,1,23.0,41.0,HARD,0
1244,9590,2,11,24.0,35.0,HARD,0
1244,9590,3,10,31.0,52.0,HARD,0
1244,9590,2,31,32.0,52.0,MEDIUM,0
1244,9590,3,4,33.0,53.0,HARD,0
1244,9590,3,27,33.0,52.0,HARD,0
1244,9590,3,63,34.0,53.0,HARD,0
1244,9590,2,77,34.0,52.0,MEDIUM,1
1244,9590,3,11,36.0,53.0,MEDIUM,0
1244,9590,3,14,36.0,53.0,HARD,2
1244,9590,3,18,37.0,50.0,MEDIUM,1
1244,9590,3,44,38.0,53.0,HARD,0
1244,9590,3,81,39.0,53.0,HARD,0
1244,9590,3,1,42.0,53.0,MEDIUM,0
1244,9590,4,18,51.0,52.0,SOFT,0
1245,9594,1,27,1.0,6.0,SOFT,0
1245,9594,1,24,1.0,6.0,SOFT,0
1245,9594,1,77,1.0,5.0,SOFT,0
1245,9594,1,10,1.0,4.0,SOFT,0
1245,9594,1,31,1.0,4.0,SOFT,0
1245,9594,1,3,1.0,6.0,SOFT,0
1245,9594,1,63,1.0,5.0,MEDIUM,0
1245,9594,1,22,1.0,6.0,SOFT,0
1245,9594,1,23,1.0,6.0,SOFT,0
1245,9594,1,44,1.0,5.0,MEDIUM,0
1245,9594,1,43,1.0,6.0,SOFT,0
1245,9594,1,50,1.0,6.0,SOFT,0
1245,9594,1,14,1.0,5.0,SOFT,0
1245,9594,1,1,1.0,6.0,SOFT,0
1245,9594,1,18,1.0,6.0,SOFT,0
1245,9594,1,11,1.0,7.0,SOFT,0
1245,9594,1,16,1.0,7.0,SOFT,0
1245,9594,1,55,1.0,10.0,SOFT,0
1245,9594,1,81,1.0,6.0,SOFT,0
1245,9594,1,4,1.0,6.0,SOFT,0
1245,9594,2,31,4.0,7.0,SOFT,0
1245,9594,2,10,4.0,7.0,SOFT,0
1245,9594,2,63,5.0,9.0,SOFT,0
1245,9594,2,44,5.0,11.0,SOFT,0
1245,9594,2,3,6.0,9.0,SOFT,0
1245,9594,2,22,6.0,11.0,SOFT,0
1245,9594,2,24,6.0,10.0,SOFT,0
1245,9594,2,77,5.0,7.0,SOFT,0
1245,9594,2,14,5.0,8.0,SOFT,0
1245,9594,2,23,6.0,9.0,SOFT,0
1245,9594,3,31,7.0,8.0,SOFT,0
1245,9594,2,43,6.0,9.0,SOFT,0
1245,9594,2,27,6.0,9.0,SOFT,0
1245,9594,2,50,6.0,9.0,SOFT,0
1245,9594,2,1,6.0,9.0,SOFT,5
1245,9594,2,18,6.0,9.0,SOFT,0
1245,9594,3,10,7.0,10.0,SOFT,0
1245,9594,2,81,6.0,9.0,SOFT,5
1245,9594,2,4,6.0,7.0,SOFT,5
1245,9594,2,16,7.0,10.0,SOFT,6
1245,9594,3,23,9.0,12.0,SOFT,3
1245,9594,2,55,10.0,13.0,SOFT,9
1245,9594,3,43,9.0,12.0,SOFT,3
1245,9594,3,81,9.0,12.0,SOFT,0
1245,9594,3,63,9.0,12.0,SOFT,4
1245,9594,3,27,9.0,12.0,SOFT,3
1245,9594,3,44,11.0,14.0,SOFT,6
1245,9594,3,50,9.0,12.0,SOFT,3
1245,9594,3,14,8.0,11.0,SOFT,3
1245,9594,3,22,11.0,14.0,SOFT,5
1245,9594,3,1,9.0,12.0,SOFT,0
1245,9594,2,11,7.0,10.0,SOFT,0
1245,9594,4,10,10.0,13.0,SOFT,3
1245,9594,3,18,9.0,12.0,SOFT,3
1245,9594,3,55,13.0,18.0,SOFT,0
1245,9594,3,16,10.0,15.0,SOFT,0
1245,9594,5,10,13.0,15.0,SOFT,0
1245,9594,4,23,12.0,15.0,SOFT,0
1245,9594,4,63,12.0,15.0,SOFT,0
1245,9594,4,22,14.0,16.0,SOFT,0
1245,9594,4,44,14.0,17.0,SOFT,0
1245,9594,4,27,12.0,14.0,SOFT,0
1245,9594,4,18,12.0,14.0,SOFT,0
1245,9594,4,43,12.0,15.0,SOFT,0
1245,9594,4,50,12.0,14.0,SOFT,0
1245,9594,4,14,11.0,14.0,SOFT,0
1245,9594,4,81,12.0,14.0,SOFT,0
1245,9594,4,1,12.0,15.0,SOFT,3
1245,9594,5,63,15.0,18.0,SOFT,0
1245,9594,5,44,17.0,20.0,SOFT,0
1245,9594,5,81,14.0,17.0,SOFT,0
1245,9594,4,16,15.0,18.0,SOFT,0
1245,9594,4,55,18.0,21.0,SOFT,0
1245,9594,5,14,14.0,17.0,SOFT,3
1245,9594,5,1,15.0,18.0,SOFT,0
1245,9594,5,23,15.0,18.0,SOFT,3
1245,9594,5,43,15.0,18.0,SOFT,3
1245,9594,3,11,10.0,13.0,SOFT,0
1245,9594,6,44,20.0,22.0,SOFT,0
1245,9594,6,63,18.0,20.0,SOFT,0
1245,9594,6,23,18.0,19.0,SOFT,0
1245,9594,6,81,17.0,19.0,SOFT,0
1245,9594,5,55,21.0,23.0,SOFT,0
1245,9594,5,16,18.0,20.0,SOFT,0
1245,9594,6,14,17.0,19.0,SOFT,0
1245,9594,6,43,18.0,20.0,SOFT,0
1245,9594,6,1,18.0,20.0,SOFT,0
1245,9594,4,11,13.0,15.0,SOFT,0
1245,9598,1,18,1.0,1.0,MEDIUM,1
1245,9598,1,44,1.0,12.0,MEDIUM,0
1245,9598,1,3,1.0,49.0,HARD,1
1245,9598,1,14,1.0,11.0,MEDIUM,1
1245,9598,1,22,1.0,12.0,MEDIUM,1
1245,9598,1,4,1.0,37.0,HARD,0
1245,9598,1,24,1.0,34.0,HARD,1
1245,9598,1,55,1.0,17.0,MEDIUM,0
1245,9598,1,11,1.0,13.0,MEDIUM,0
1245,9598,1,31,1.0,49.0,HARD,3
1245,9598,1,50,1.0,14.0,MEDIUM,0
1245,9598,1,1,1.0,12.0,MEDIUM,0
1245,9598,1,77,1.0,11.0,MEDIUM,1
1245,9598,1,43,1.0,10.0,MEDIUM,0
1245,9598,1,10,1.0,50.0,HARD,0
1245,9598,1,81,1.0,15.0,MEDIUM,0
1245,9598,1,23,1.0,31.0,HARD,0
1245,9598,1,63,1.0,12.0,MEDIUM,0
1245,9598,1,16,1.0,16.0,MEDIUM,0
1245,9598,1,27,1.0,15.0,MEDIUM,0
1245,9598,2,18,2.0,22.0,HARD,1
1245,9598,2,43,11.0,51.0,HARD,0
1245,9598,2,14,12.0,51.0,HARD,0
1245,9598,2,77,12.0,50.0,HARD,1
1245,9598,2,1,13.0,49.0,HARD,0
1245,9598,2,63,13.0,51.0,HARD,0
1245,9598,2,44,13.0,51.0,HARD,0
1245,9598,2,22,13.0,14.0,HARD,1
1245,9598,2,11,14.0,49.0,HARD,0
1245,9598,2,50,15.0,51.0,HARD,0
1245,9598,2,81,16.0,51.0,HARD,0
1245,9598,2,27,16.0,51.0,HARD,0
1245,9598,2,16,17.0,51.0,HARD,0
1245,9598,2,55,18.0,49.0,HARD,0
1245,9598,3,18,23.0,45.0,HARD,0
1245,9598,2,23,32.0,51.0,MEDIUM,0
1245,9598,2,24,35.0,51.0,MEDIUM,1
1245,9598,2,4,38.0,51.0,MEDIUM,0
1245,9598,3,1,50.0,51.0,SOFT,3
1245,9598,2,3,50.0,51.0,SOFT,0
1245,9598,2,31,50.0,50.0,SOFT,0
1245,9598,2,10,51.0,51.0,SOFT,0
1246,9602,1,31,1.0,4.0,SOFT,0
1246,9602,1,24,1.0,4.0,SOFT,0
1246,9602,1,10,1.0,4.0,SOFT,0
1246,9602,1,77,1.0,4.0,SOFT,0
1246,9602,1,16,1.0,7.0,SOFT,0
1246,9602,1,55,1.0,7.0,SOFT,0
1246,9602,1,11,1.0,6.0,SOFT,0
1246,9602,1,4,1.0,4.0,SOFT,0
1246,9602,1,81,1.0,4.0,SOFT,0
1246,9602,1,23,1.0,4.0,SOFT,0
1246,9602,1,43,1.0,4.0,SOFT,0
1246,9602,1,44,1.0,4.0,SOFT,0
1246,9602,1,63,1.0,4.0,SOFT,0
1246,9602,1,18,1.0,4.0,SOFT,0
1246,9602,1,3,1.0,4.0,SOFT,0
1246,9602,1,22,1.0,4.0,SOFT,0
1246,9602,1,14,1.0,4.0,SOFT,0
1246,9602,1,20,1.0,4.0,SOFT,0
1246,9602,1,1,1.0,4.0,SOFT,0
1246,9602,1,27,1.0,4.0,SOFT,0
1246,9602,2,31,4.0,7.0,SOFT,0
1246,9602,2,24,4.0,7.0,SOFT,0
1246,9602,2,77,4.0,7.0,SOFT,0
1246,9602,2,10,4.0,7.0,SOFT,0
1246,9602,2,23,4.0,7.0,SOFT,0
1246,9602,2,4,4.0,7.0,SOFT,0
1246,9602,2,81,4.0,7.0,SOFT,0
1246,9602,2,44,4.0,7.0,SOFT,0
1246,9602,2,63,4.0,7.0,SOFT,0
1246,9602,2,11,6.0,9.0,SOFT,0
1246,9602,2,1,4.0,7.0,SOFT,0
1246,9602,2,3,4.0,6.0,SOFT,0
1246,9602,2,14,4.0,7.0,SOFT,0
1246,9602,2,20,4.0,7.0,SOFT,0
1246,9602,2,22,4.0,7.0,SOFT,0
1246,9602,2,43,4.0,7.0,SOFT,0
1246,9602,2,27,4.0,7.0,SOFT,0
1246,9602,2,18,4.0,6.0,SOFT,0
1246,9602,3,31,7.0,10.0,SOFT,0
1246,9602,3,77,7.0,9.0,SOFT,0
1246,9602,3,24,7.0,9.0,SOFT,0
1246,9602,3,10,7.0,9.0,SOFT,0
1246,9602,2,55,7.0,10.0,SOFT,0
1246,9602,2,16,7.0,9.0,SOFT,0
1246,9602,3,11,9.0,12.0,SOFT,0
1246,9602,3,1,7.0,10.0,SOFT,3
1246,9602,3,23,7.0,10.0,SOFT,0
1246,9602,3,43,7.0,10.0,SOFT,0
1246,9602,3,20,7.0,10.0,SOFT,0
1246,9602,3,27,7.0,10.0,SOFT,0
1246,9602,3,4,7.0,10.0,SOFT,0
1246,9602,3,16,9.0,12.0,SOFT,2
1246,9602,3,55,10.0,13.0,SOFT,2
1246,9602,3,81,7.0,10.0,SOFT,0
1246,9602,3,22,7.0,10.0,SOFT,0
1246,9602,4,31,10.0,13.0,SOFT,0
1246,9602,3,14,7.0,10.0,SOFT,0
1246,9602,3,44,7.0,10.0,SOFT,0
1246,9602,3,63,7.0,10.0,SOFT,0
1246,9602,4,1,10.0,13.0,SOFT,0
1246,9602,4,81,10.0,13.0,SOFT,0
1246,9602,5,31,13.0,15.0,SOFT,0
1246,9602,4,55,13.0,16.0,SOFT,0
1246,9602,4,16,12.0,15.0,SOFT,0
1246,9602,4,14,10.0,13.0,SOFT,0
1246,9602,4,20,10.0,12.0,SOFT,0
1246,9602,4,23,10.0,12.0,SOFT,0
1246,9602,4,43,10.0,12.0,SOFT,0
1246,9602,4,22,10.0,13.0,SOFT,0
1246,9602,4,11,12.0,14.0,SOFT,0
1246,9602,4,27,10.0,13.0,SOFT,0
1246,9602,4,4,10.0,12.0,SOFT,0
1246,9602,4,44,10.0,12.0,SOFT,3
1246,9602,4,63,10.0,13.0,SOFT,3
1246,9602,5,27,13.0,16.0,SOFT,3
1246,9602,5,81,13.0,16.0,SOFT,0
1246,9602,5,1,13.0,16.0,SOFT,0
1246,9602,5,4,12.0,14.0,SOFT,0
1246,9602,5,44,12.0,14.0,SOFT,0
1246,9602,5,22,13.0,15.0,SOFT,3
1246,9602,5,63,13.0,15.0,SOFT,0
1246,9602,5,14,13.0,15.0,SOFT,3
1246,9602,5,16,15.0,17.0,SOFT,0
1246,9602,5,55,16.0,16.0,SOFT,0
1246,9602,6,81,16.0,18.0,SOFT,0
1246,9602,6,4,14.0,16.0,SOFT,0
1246,9602,6,27,16.0,18.0,SOFT,0
1246,9602,6,14,15.0,17.0,SOFT,0
1246,9602,6,16,17.0,19.0,SOFT,0
1246,9602,6,44,14.0,16.0,SOFT,0
1246,9602,6,63,15.0,17.0,SOFT,0
1246,9602,6,22,15.0,17.0,SOFT,0
1246,9602,6,1,16.0,18.0,SOFT,0
1246,9606,1,31,1.0,29.0,MEDIUM,0
1246,9606,1,22,1.0,33.0,MEDIUM,0
1246,9606,1,11,1.0,28.0,MEDIUM,0
1246,9606,1,44,1.0,17.0,SOFT,2
1246,9606,1,10,1.0,37.0,MEDIUM,0
1246,9606,1,1,1.0,29.0,MEDIUM,0
1246,9606,1,14,1.0,25.0,MEDIUM,1
1246,9606,1,18,1.0,26.0,HARD,1
1246,9606,1,16,1.0,36.0,MEDIUM,0
1246,9606,1,20,1.0,28.0,HARD,0
1246,9606,1,55,1.0,13.0,MEDIUM,0
1246,9606,1,77,1.0,33.0,HARD,0
1246,9606,1,4,1.0,30.0,MEDIUM,0
1246,9606,1,24,1.0,34.0,HARD,0
1246,9606,1,81,1.0,38.0,MEDIUM,0
1246,9606,1,3,1.0,10.0,SOFT,0
1246,9606,1,23,1.0,11.0,MEDIUM,0
1246,9606,1,43,1.0,29.0,MEDIUM,0
1246,9606,1,27,1.0,29.0,MEDIUM,0
1246,9606,1,63,1.0,27.0,MEDIUM,0
1246,9606,2,3,11.0,46.0,MEDIUM,0
1246,9606,2,23,12.0,15.0,HARD,0
1246,9606,2,55,14.0,62.0,HARD,0
1246,9606,2,44,18.0,62.0,HARD,0
1246,9606,2,14,26.0,61.0,HARD,1
1246,9606,2,18,27.0,61.0,MEDIUM,1
1246,9606,2,63,28.0,62.0,HARD,0
1246,9606,2,11,29.0,61.0,HARD,0
1246,9606,2,20,29.0,49.0,MEDIUM,0
1246,9606,2,1,30.0,62.0,HARD,0
1246,9606,2,43,30.0,61.0,HARD,0
1246,9606,2,27,30.0,61.0,HARD,0
1246,9606,2,31,30.0,61.0,HARD,0
1246,9606,2,4,31.0,62.0,HARD,0
1246,9606,2,22,34.0,61.0,SOFT,0
1246,9606,2,77,34.0,61.0,MEDIUM,0
1246,9606,2,24,35.0,61.0,MEDIUM,0
1246,9606,2,16,37.0,62.0,HARD,0
1246,9606,2,10,38.0,61.0,SOFT,0
1246,9606,2,81,39.0,62.0,HARD,0
1246,9606,3,3,47.0,58.0,SOFT,0
1246,9606,3,20,50.0,57.0,SOFT,0
1246,9606,4,3,59.0,61.0,SOFT,3
1247,9608,1,23,1.0,3.0,SOFT,5
1247,9608,1,24,1.0,4.0,SOFT,0
1247,9608,1,10,1.0,4.0,SOFT,0
1247,9608,1,31,1.0,4.0,SOFT,0
1247,9608,1,77,1.0,4.0,SOFT,0
1247,9608,1,30,1.0,3.0,SOFT,0
1247,9608,1,14,1.0,4.0,SOFT,3
1247,9608,1,22,1.0,3.0,SOFT,3
1247,9608,1,4,1.0,4.0,SOFT,3
1247,9608,1,43,1.0,2.0,SOFT,5
1247,9608,1,55,1.0,4.0,SOFT,3
1247,9608,1,16,1.0,4.0,SOFT,3
1247,9608,1,18,1.0,3.0,SOFT,7
1247,9608,1,81,1.0,4.0,SOFT,5
1247,9608,1,1,1.0,4.0,SOFT,3
1247,9608,1,11,1.0,4.0,SOFT,0
1247,9608,2,23,3.0,6.0,SOFT,0
1247,9608,2,43,2.0,5.0,SOFT,0
1247,9608,1,27,1.0,4.0,SOFT,0
1247,9608,1,20,1.0,4.0,SOFT,3
1247,9608,1,63,1.0,4.0,SOFT,3
1247,9608,1,44,1.0,4.0,SOFT,3
1247,9608,2,24,4.0,7.0,SOFT,0
1247,9608,2,10,4.0,7.0,SOFT,0
1247,9608,2,31,4.0,7.0,SOFT,0
1247,9608,2,30,3.0,6.0,SOFT,0
1247,9608,2,22,3.0,6.0,SOFT,0
1247,9608,2,77,4.0,7.0,SOFT,0
1247,9608,2,14,4.0,7.0,SOFT,0
1247,9608,2,18,3.0,6.0,SOFT,0
1247,9608,2,55,4.0,9.0,SOFT,0
1247,9608,2,16,4.0,10.0,SOFT,0
1247,9608,2,81,4.0,10.0,SOFT,0
1247,9608,2,4,4.0,9.0,SOFT,0
1247,9608,2,1,4.0,7.0,SOFT,0
1247,9608,2,63,4.0,7.0,SOFT,0
1247,9608,2,44,4.0,6.0,SOFT,0
1247,9608,3,31,7.0,10.0,SOFT,0
1247,9608,3,23,6.0,8.0,SOFT,0
1247,9608,3,43,5.0,6.0,SOFT,0
1247,9608,3,22,6.0,9.0,SOFT,0
1247,9608,3,30,6.0,9.0,SOFT,0
1247,9608,3,14,7.0,10.0,SOFT,0
1247,9608,3,24,7.0,9.0,SOFT,0
1247,9608,2,27,4.0,7.0,SOFT,0
1247,9608,3,10,7.0,10.0,SOFT,0
1247,9608,3,18,6.0,9.0,SOFT,0
1247,9608,3,77,7.0,9.0,SOFT,0
1247,9608,2,20,4.0,7.0,SOFT,0
1247,9608,2,11,4.0,7.0,SOFT,0
1247,9608,3,1,7.0,10.0,SOFT,3
1247,9608,3,11,7.0,10.0,SOFT,0
1247,9608,3,55,9.0,12.0,SOFT,5
1247,9608,4,10,10.0,13.0,SOFT,0
1247,9608,3,16,10.0,13.0,SOFT,6
1247,9608,4,30,9.0,10.0,SOFT,3
1247,9608,4,18,9.0,12.0,SOFT,0
1247,9608,4,31,10.0,13.0,SOFT,0
1247,9608,4,14,10.0,13.0,SOFT,0
1247,9608,4,22,9.0,12.0,SOFT,0
1247,9608,3,27,7.0,10.0,SOFT,0
1247,9608,3,20,7.0,10.0,SOFT,0
1247,9608,3,4,9.0,12.0,SOFT,0
1247,9608,3,81,10.0,13.0,SOFT,0
1247,9608,3,63,7.0,10.0,SOFT,0
1247,9608,5,30,10.0,11.0,SOFT,4
1247,9608,4,1,10.0,13.0,SOFT,0
1247,9608,4,16,13.0,16.0,SOFT,0
1247,9608,4,11,10.0,13.0,SOFT,0
1247,9608,5,22,12.0,14.0,SOFT,0
1247,9608,5,10,13.0,16.0,SOFT,0
1247,9608,4,55,12.0,15.0,SOFT,0
1247,9608,5,31,13.0,15.0,SOFT,0
1247,9608,4,27,10.0,12.0,SOFT,0
1247,9608,4,20,10.0,13.0,SOFT,0
1247,9608,4,81,13.0,15.0,SOFT,0
1247,9608,5,14,13.0,16.0,SOFT,0
1247,9608,5,18,12.0,14.0,SOFT,0
1247,9608,4,63,10.0,11.0,SOFT,0
1247,9608,6,30,11.0,11.0,SOFT,0
1247,9608,5,20,13.0,16.0,SOFT,3
1247,9608,5,63,11.0,14.0,SOFT,1
1247,9608,4,4,12.0,15.0,SOFT,0
1247,9608,5,81,15.0,18.0,SOFT,0
1247,9608,5,55,15.0,18.0,SOFT,0
1247,9608,5,16,16.0,19.0,SOFT,0
1247,9608,6,10,16.0,19.0,SOFT,3
1247,9608,5,1,13.0,16.0,SOFT,0
1247,9608,5,11,13.0,16.0,SOFT,3
1247,9608,6,14,16.0,18.0,SOFT,0
1247,9608,6,63,14.0,15.0,SOFT,0
1247,9608,6,20,16.0,17.0,SOFT,0
1247,9608,7,10,19.0,20.0,SOFT,3
1247,9608,6,1,16.0,17.0,SOFT,0
1247,9608,5,4,15.0,16.0,SOFT,0
1247,9608,6,55,18.0,19.0,SOFT,0
1247,9608,6,16,19.0,20.0,SOFT,0
1247,9608,6,81,18.0,19.0,SOFT,0
1247,9608,6,11,16.0,17.0,SOFT,0
1247,9612,1,1,1.0,7.0,MEDIUM,0
1247,9612,1,27,1.0,4.0,MEDIUM,0
1247,9612,1,24,1.0,4.0,MEDIUM,0
1247,9612,1,11,1.0,7.0,MEDIUM,0
1247,9612,1,77,1.0,4.0,MEDIUM,0
1247,9612,1,20,1.0,4.0,MEDIUM,0
1247,9612,1,10,1.0,4.0,MEDIUM,0
1247,9612,1,30,1.0,4.0,MEDIUM,0
1247,9612,1,22,1.0,4.0,MEDIUM,0
1247,9612,1,31,1.0,4.0,MEDIUM,0
1247,9612,1,23,1.0,4.0,MEDIUM,0
1247,9612,1,43,1.0,4.0,MEDIUM,0
1247,9612,1,4,1.0,7.0,MEDIUM,0
1247,9612,1,81,1.0,6.0,MEDIUM,0
1247,9612,1,55,1.0,7.0,MEDIUM,0
1247,9612,1,16,1.0,4.0,MEDIUM,0
1247,9612,1,14,1.0,7.0,MEDIUM,0
1247,9612,1,18,1.0,7.0,MEDIUM,0
1247,9612,1,63,1.0,7.0,MEDIUM,0
1247,9612,1,44,1.0,6.0,MEDIUM,0
1247,9612,2,43,4.0,7.0,MEDIUM,3
1247,9612,2,23,4.0,6.0,MEDIUM,3
1247,9612,2,27,4.0,7.0,MEDIUM,3
1247,9612,2,20,4.0,7.0,MEDIUM,3
1247,9612,2,10,4.0,7.0,MEDIUM,3
1247,9612,2,30,4.0,7.0,MEDIUM,3
1247,9612,2,77,4.0,6.0,MEDIUM,3
1247,9612,2,24,4.0,6.0,MEDIUM,3
1247,9612,2,16,4.0,7.0,MEDIUM,3
1247,9612,2,31,4.0,6.0,MEDIUM,3
1247,9612,2,22,4.0,7.0,MEDIUM,3
1247,9612,3,27,7.0,10.0,MEDIUM,0
1247,9612,3,20,7.0,10.0,MEDIUM,0
1247,9612,2,63,7.0,10.0,MEDIUM,0
1247,9612,2,44,6.0,9.0,MEDIUM,0
1247,9612,2,4,7.0,12.0,MEDIUM,0
1247,9612,2,55,7.0,10.0,MEDIUM,0
1247,9612,3,16,7.0,10.0,MEDIUM,0
1247,9612,3,43,7.0,10.0,MEDIUM,0
1247,9612,2,1,7.0,10.0,MEDIUM,0
1247,9612,2,11,7.0,9.0,MEDIUM,0
1247,9612,3,10,7.0,9.0,MEDIUM,0
1247,9612,3,22,7.0,10.0,MEDIUM,0
1247,9612,3,30,7.0,9.0,MEDIUM,0
1247,9612,3,63,10.0,12.0,MEDIUM,3
1247,9612,2,14,7.0,9.0,MEDIUM,0
1247,9612,2,18,7.0,9.0,MEDIUM,0
1247,9612,3,44,9.0,10.0,MEDIUM,3
1247,9612,4,20,10.0,12.0,MEDIUM,3
1247,9612,4,27,10.0,12.0,MEDIUM,3
1247,9612,4,43,10.0,11.0,MEDIUM,3
1247,9612,4,63,12.0,14.0,SOFT,0
1247,9612,5,43,11.0,13.0,SOFT,0
1247,9612,4,44,10.0,12.0,SOFT,0
1247,9612,3,55,10.0,12.0,SOFT,0
1247,9612,3,4,12.0,14.0,SOFT,0
1247,9612,4,16,10.0,12.0,SOFT,0
1247,9612,5,20,12.0,14.0,SOFT,0
1247,9612,4,22,10.0,12.0,SOFT,0
1247,9612,3,1,10.0,12.0,SOFT,0
1247,9612,5,27,12.0,14.0,SOFT,6
1247,9612,6,43,13.0,15.0,SOFT,0
1247,9616,1,14,1.0,19.0,MEDIUM,3
1247,9616,1,4,1.0,19.0,MEDIUM,5
1247,9616,1,24,1.0,19.0,MEDIUM,0
1247,9616,1,30,1.0,19.0,MEDIUM,3
1247,9616,1,55,1.0,19.0,MEDIUM,3
1247,9616,1,10,1.0,19.0,MEDIUM,3
1247,9616,1,81,1.0,19.0,MEDIUM,0
1247,9616,1,11,1.0,19.0,MEDIUM,3
1247,9616,1,20,1.0,19.0,MEDIUM,5
1247,9616,1,31,1.0,19.0,MEDIUM,0
1247,9616,1,77,1.0,19.0,MEDIUM,6
1247,9616,1,1,1.0,19.0,MEDIUM,3
1247,9616,1,27,1.0,19.0,MEDIUM,5
1247,9616,1,16,1.0,19.0,MEDIUM,3
1247,9616,1,22,1.0,19.0,MEDIUM,0
1247,9616,1,23,1.0,19.0,MEDIUM,0
1247,9616,1,63,1.0,19.0,MEDIUM,5
1247,9616,1,43,1.0,19.0,MEDIUM,4
1247,9616,1,18,1.0,19.0,MEDIUM,3
1247,9616,1,44,1.0,19.0,MEDIUM,4
1247,9617,1,22,1.0,18.0,MEDIUM,0
1247,9617,1,4,1.0,31.0,MEDIUM,0
1247,9617,1,44,1.0,1.0,HARD,0
1247,9617,1,55,1.0,21.0,MEDIUM,0
1247,9617,1,11,1.0,26.0,MEDIUM,0
1247,9617,1,24,1.0,13.0,MEDIUM,0
1247,9617,1,77,1.0,15.0,MEDIUM,0
1247,9617,1,10,1.0,18.0,MEDIUM,0
1247,9617,1,1,1.0,25.0,MEDIUM,0
1247,9617,1,81,1.0,32.0,MEDIUM,0
1247,9617,1,30,1.0,36.0,HARD,0
1247,9617,1,14,1.0,26.0,MEDIUM,0
1247,9617,1,16,1.0,26.0,MEDIUM,0
1247,9617,1,27,1.0,27.0,MEDIUM,0
1247,9617,1,63,1.0,40.0,HARD,0
1247,9617,1,31,1.0,31.0,MEDIUM,0
1247,9617,1,18,1.0,27.0,HARD,1
1247,9617,1,20,1.0,17.0,MEDIUM,0
1247,9617,1,23,1.0,3.0,MEDIUM,0
1247,9617,1,43,1.0,39.0,HARD,0
1247,9617,2,23,4.0,33.0,MEDIUM,0
1247,9617,2,24,14.0,35.0,MEDIUM,0
1247,9617,2,77,16.0,55.0,HARD,0
1247,9617,2,20,18.0,38.0,HARD,0
1247,9617,2,10,19.0,56.0,HARD,0
1247,9617,2,22,19.0,55.0,HARD,0
1247,9617,2,55,22.0,56.0,HARD,0
1247,9617,2,1,26.0,56.0,HARD,0
1247,9617,2,16,27.0,56.0,HARD,0
1247,9617,2,11,27.0,56.0,HARD,0
1247,9617,2,14,27.0,55.0,HARD,1
1247,9617,2,27,28.0,56.0,HARD,0
1247,9617,2,18,28.0,55.0,MEDIUM,0
1247,9617,2,4,32.0,56.0,HARD,0
1247,9617,2,31,32.0,51.0,HARD,0
1247,9617,2,81,33.0,56.0,HARD,0
1247,9617,3,23,34.0,55.0,HARD,0
1247,9617,3,24,36.0,55.0,HARD,0
1247,9617,2,30,37.0,56.0,MEDIUM,0
1247,9617,3,20,39.0,56.0,MEDIUM,0
1247,9617,2,43,40.0,56.0,MEDIUM,0
1247,9617,2,63,41.0,56.0,MEDIUM,0
1247,9617,3,31,52.0,55.0,SOFT,3
1248,9621,1,77,1.0,4.0,SOFT,0
1248,9621,1,24,1.0,4.0,SOFT,0
1248,9621,1,31,1.0,4.0,SOFT,0
1248,9621,1,18,1.0,4.0,SOFT,0
1248,9621,1,10,1.0,4.0,SOFT,0
1248,9621,1,14,1.0,4.0,SOFT,0
1248,9621,1,16,1.0,4.0,MEDIUM,0
1248,9621,1,55,1.0,4.0,MEDIUM,0
1248,9621,1,11,1.0,7.0,SOFT,0
1248,9621,1,4,1.0,4.0,MEDIUM,0
1248,9621,1,63,1.0,4.0,MEDIUM,1
1248,9621,1,44,1.0,4.0,MEDIUM,0
1248,9621,1,81,1.0,4.0,MEDIUM,0
1248,9621,1,43,1.0,4.0,SOFT,0
1248,9621,1,23,1.0,4.0,SOFT,0
1248,9621,1,1,1.0,4.0,SOFT,0
1248,9621,2,18,4.0,7.0,SOFT,0
1248,9621,1,20,1.0,4.0,SOFT,0
1248,9621,2,14,4.0,7.0,SOFT,0
1248,9621,2,16,4.0,7.0,MEDIUM,0
1248,9621,2,55,4.0,7.0,MEDIUM,0
1248,9621,1,22,1.0,4.0,SOFT,0
1248,9621,1,27,1.0,4.0,SOFT,0
1248,9621,2,77,4.0,7.0,SOFT,0
1248,9621,1,30,1.0,4.0,SOFT,0
1248,9621,2,24,4.0,7.0,SOFT,0
1248,9621,2,10,4.0,7.0,SOFT,0
1248,9621,2,31,4.0,7.0,SOFT,0
1248,9621,2,63,4.0,7.0,MEDIUM,0
1248,9621,2,44,4.0,7.0,MEDIUM,0
1248,9621,2,81,4.0,8.0,SOFT,0
1248,9621,2,4,4.0,7.0,SOFT,0
1248,9621,2,43,4.0,6.0,SOFT,0
1248,9621,2,23,4.0,7.0,SOFT,0
1248,9621,2,1,4.0,7.0,SOFT,0
1248,9621,2,11,7.0,9.0,SOFT,0
1248,9621,2,22,4.0,7.0,SOFT,0
1248,9621,3,16,7.0,10.0,SOFT,0
1248,9621,2,20,4.0,7.0,SOFT,0
1248,9621,3,24,7.0,9.0,SOFT,0
1248,9621,3,55,7.0,10.0,SOFT,0
1248,9621,2,30,4.0,7.0,SOFT,0
1248,9621,2,27,4.0,7.0,SOFT,0
1248,9621,3,77,7.0,10.0,SOFT,0
1248,9621,3,18,7.0,10.0,SOFT,0
1248,9621,3,14,7.0,9.0,SOFT,0
1248,9621,3,63,7.0,9.0,SOFT,0
1248,9621,3,31,7.0,9.0,SOFT,0
1248,9621,3,44,7.0,9.0,SOFT,0
1248,9621,3,10,7.0,8.0,SOFT,0
1248,9621,3,23,7.0,10.0,SOFT,0
1248,9621,3,1,7.0,10.0,SOFT,0
1248,9621,4,16,10.0,13.0,SOFT,0
1248,9621,4,55,10.0,13.0,SOFT,0
1248,9621,3,20,7.0,10.0,SOFT,0
1248,9621,3,27,7.0,10.0,SOFT,0
1248,9621,4,77,10.0,13.0,SOFT,0
1248,9621,3,22,7.0,10.0,SOFT,0
1248,9621,4,10,8.0,11.0,SOFT,0
1248,9621,4,18,10.0,13.0,SOFT,0
1248,9621,4,14,9.0,12.0,SOFT,0
1248,9621,3,30,7.0,10.0,SOFT,0
1248,9621,3,4,7.0,10.0,SOFT,0
1248,9621,4,63,9.0,12.0,SOFT,0
1248,9621,4,44,9.0,12.0,SOFT,0
1248,9621,4,23,10.0,13.0,SOFT,0
1248,9621,4,1,10.0,13.0,SOFT,0
1248,9621,5,16,13.0,16.0,SOFT,0
1248,9621,5,55,13.0,16.0,SOFT,0
1248,9621,4,27,10.0,13.0,SOFT,0
1248,9621,4,20,10.0,13.0,SOFT,0
1248,9621,4,22,10.0,11.0,SOFT,0
1248,9621,5,77,13.0,14.0,SOFT,0
1248,9621,5,10,11.0,13.0,SOFT,0
1248,9621,4,30,10.0,11.0,SOFT,0
1248,9621,5,14,12.0,13.0,SOFT,0
1248,9621,5,18,13.0,14.0,SOFT,0
1248,9621,5,63,12.0,14.0,SOFT,0
1248,9621,5,44,12.0,14.0,SOFT,0
1248,9621,5,20,13.0,16.0,SOFT,0
1248,9621,5,27,13.0,16.0,SOFT,0
1248,9621,5,1,13.0,16.0,SOFT,0
1248,9621,4,4,10.0,13.0,SOFT,0
1248,9621,5,23,13.0,16.0,SOFT,0
1248,9621,6,10,13.0,16.0,SOFT,0
1248,9621,6,16,16.0,19.0,SOFT,0
1248,9621,6,55,16.0,19.0,SOFT,0
1248,9621,6,63,14.0,17.0,SOFT,0
1248,9621,6,44,14.0,17.0,SOFT,0
1248,9621,6,20,16.0,18.0,SOFT,0
1248,9621,6,27,16.0,18.0,SOFT,0
1248,9621,6,23,16.0,18.0,SOFT,0
1248,9621,7,10,16.0,18.0,SOFT,0
1248,9621,7,16,19.0,21.0,SOFT,0
1248,9621,7,55,19.0,21.0,SOFT,0
1248,9621,6,1,16.0,18.0,SOFT,0
1248,9621,5,4,13.0,15.0,SOFT,0
1248,9621,7,63,17.0,19.0,SOFT,0
1248,9621,7,44,17.0,19.0,SOFT,0
1248,9625,1,18,1.0,26.0,MEDIUM,1
1248,9625,1,24,1.0,43.0,HARD,1
1248,9625,1,44,1.0,28.0,MEDIUM,0
1248,9625,1,14,1.0,15.0,MEDIUM,1
1248,9625,1,20,1.0,30.0,MEDIUM,0
1248,9625,1,55,1.0,32.0,MEDIUM,0
1248,9625,1,4,1.0,30.0,MEDIUM,0
1248,9625,1,10,1.0,28.0,MEDIUM,0
1248,9625,1,81,1.0,39.0,MEDIUM,0
1248,9625,1,30,1.0,39.0,HARD,0
1248,9625,1,11,1.0,20.0,HARD,0
1248,9625,1,31,1.0,48.0,HARD,0
1248,9625,1,77,1.0,49.0,HARD,1
1248,9625,1,1,1.0,26.0,MEDIUM,0
1248,9625,1,27,1.0,29.0,MEDIUM,0
1248,9625,1,16,1.0,31.0,MEDIUM,0
1248,9625,1,43,1.0,47.0,HARD,0
1248,9625,1,63,1.0,31.0,MEDIUM,0
1248,9625,2,11,21.0,43.0,MEDIUM,0
1248,9625,2,1,27.0,71.0,HARD,0
1248,9625,2,18,27.0,70.0,HARD,1
1248,9625,2,44,29.0,71.0,HARD,0
1248,9625,2,10,29.0,70.0,HARD,0
1248,9625,2,27,30.0,70.0,HARD,0
1248,9625,2,4,31.0,71.0,HARD,0
1248,9625,2,20,31.0,71.0,HARD,0
1248,9625,2,16,32.0,69.0,HARD,0
1248,9625,2,63,32.0,71.0,HARD,0
1248,9625,2,55,33.0,71.0,HARD,0
1248,9625,2,81,40.0,71.0,HARD,0
1248,9625,2,30,40.0,65.0,MEDIUM,0
1248,9625,2,24,44.0,70.0,MEDIUM,1
1248,9625,3,11,44.0,68.0,MEDIUM,0
1248,9625,2,43,48.0,70.0,MEDIUM,0
1248,9625,2,31,49.0,70.0,MEDIUM,0
1248,9625,2,77,50.0,70.0,MEDIUM,0
1248,9625,3,30,66.0,70.0,SOFT,0
1248,9625,3,16,70.0,71.0,SOFT,0
1248,9625,4,11,69.0,70.0,SOFT,0
1249,9627,1,23,1.0,7.0,WET,0
1249,9627,1,4,1.0,7.0,WET,0
1249,9627,1,10,1.0,7.0,WET,0
1249,9627,1,31,1.0,7.0,WET,0
1249,9627,1,30,1.0,6.0,WET,0
1249,9627,1,22,1.0,7.0,WET,0
1249,9627,1,24,1.0,6.0,WET,0
1249,9627,1,77,1.0,3.0,WET,0
1249,9627,1,16,1.0,7.0,WET,0
1249,9627,1,55,1.0,6.0,WET,0
1249,9627,1,14,1.0,6.0,WET,0
1249,9627,1,18,1.0,6.0,WET,0
1249,9627,1,63,1.0,6.0,WET,0
1249,9627,1,44,1.0,6.0,WET,0
1249,9627,1,27,1.0,6.0,WET,0
1249,9627,1,81,1.0,6.0,WET,0
1249,9627,1,1,1.0,6.0,WET,0
1249,9627,1,43,1.0,5.0,WET,0
1249,9627,1,11,1.0,6.0,WET,0
1249,9627,1,50,1.0,6.0,WET,0
1249,9627,2,77,3.0,6.0,INTERMEDIATE,0
1249,9627,2,10,7.0,14.0,WET,6
1249,9627,2,4,7.0,14.0,WET,0
1249,9627,2,27,6.0,12.0,WET,0
1249,9627,2,30,6.0,13.0,WET,5
1249,9627,2,31,7.0,14.0,WET,0
1249,9627,2,24,6.0,12.0,WET,0
1249,9627,3,77,6.0,13.0,WET,0
1249,9627,2,81,6.0,11.0,WET,0
1249,9627,2,55,6.0,12.0,WET,0
1249,9627,2,16,7.0,12.0,WET,6
1249,9627,2,44,6.0,11.0,WET,5
1249,9627,2,23,7.0,13.0,WET,0
1249,9627,2,22,7.0,13.0,WET,0
1249,9627,2,63,6.0,12.0,WET,0
1249,9627,2,50,6.0,11.0,WET,0
1249,9627,2,1,6.0,12.0,WET,0
1249,9627,2,11,6.0,11.0,WET,0
1249,9627,2,14,6.0,11.0,WET,0
1249,9627,2,18,6.0,11.0,WET,0
1249,9627,3,55,12.0,13.0,WET,0
1249,9627,3,16,12.0,16.0,WET,0
1249,9627,3,22,13.0,16.0,WET,0
1249,9627,3,63,12.0,15.0,WET,0
1249,9627,3,30,13.0,16.0,WET,0
1249,9627,4,77,13.0,16.0,WET,0
1249,9627,3,18,11.0,14.0,WET,0
1249,9627,3,23,13.0,16.0,WET,0
1249,9627,3,14,11.0,14.0,WET,0
1249,9627,3,11,11.0,14.0,WET,0
1249,9627,3,31,14.0,17.0,WET,0
1249,9627,3,4,14.0,17.0,WET,0
1249,9627,3,10,14.0,17.0,WET,0
1249,9627,3,1,12.0,15.0,WET,0
1249,9627,3,81,11.0,16.0,INTERMEDIATE,0
1249,9627,4,55,14.0,16.0,WET,0
1249,9627,4,22,16.0,19.0,INTERMEDIATE,0
1249,9627,4,63,15.0,18.0,INTERMEDIATE,0
1249,9627,4,30,16.0,19.0,INTERMEDIATE,0
1249,9627,4,18,14.0,17.0,INTERMEDIATE,0
1249,9627,5,77,16.0,19.0,INTERMEDIATE,0
1249,9627,4,14,14.0,16.0,INTERMEDIATE,0
1249,9627,4,23,16.0,17.0,INTERMEDIATE,0
1249,9627,4,31,17.0,19.0,INTERMEDIATE,0
1249,9627,4,11,14.0,16.0,INTERMEDIATE,0
1249,9627,4,4,17.0,19.0,INTERMEDIATE,0
1249,9627,4,10,17.0,19.0,INTERMEDIATE,0
1249,9627,5,55,16.0,17.0,INTERMEDIATE,0
1249,9627,4,1,15.0,17.0,INTERMEDIATE,0
1249,9627,4,16,16.0,18.0,INTERMEDIATE,0
1249,9627,5,23,18.0,18.0,INTERMEDIATE,0
1249,9627,5,22,19.0,23.0,INTERMEDIATE,0
1249,9627,5,4,19.0,23.0,INTERMEDIATE,0
1249,9627,6,23,18.0,26.0,INTERMEDIATE,0
1249,9627,4,81,16.0,20.0,INTERMEDIATE,0
1249,9627,5,30,19.0,23.0,INTERMEDIATE,0
1249,9627,5,14,16.0,19.0,INTERMEDIATE,0
1249,9627,6,77,19.0,21.0,INTERMEDIATE,0
1249,9627,5,63,18.0,21.0,INTERMEDIATE,0
1249,9627,5,18,17.0,19.0,INTERMEDIATE,0
1249,9627,5,31,19.0,22.0,INTERMEDIATE,0
1249,9627,5,10,19.0,21.0,INTERMEDIATE,0
1249,9627,5,1,17.0,19.0,INTERMEDIATE,0
1249,9627,5,11,16.0,18.0,INTERMEDIATE,0
1249,9627,5,16,18.0,21.0,INTERMEDIATE,0
1249,9627,6,31,22.0,26.0,INTERMEDIATE,0
1249,9627,5,81,20.0,24.0,INTERMEDIATE,0
1249,9627,6,4,23.0,27.0,INTERMEDIATE,0
1249,9627,6,14,19.0,21.0,INTERMEDIATE,0
1249,9627,6,30,23.0,26.0,INTERMEDIATE,0
1249,9627,6,22,23.0,26.0,INTERMEDIATE,0
1249,9627,6,16,21.0,24.0,INTERMEDIATE,0
1249,9627,6,63,21.0,24.0,INTERMEDIATE,0
1249,9627,7,63,24.0,27.0,INTERMEDIATE,0
1249,9627,7,4,27.0,30.0,INTERMEDIATE,0
1249,9627,7,23,26.0,28.0,INTERMEDIATE,0
1249,9627,7,31,26.0,28.0,INTERMEDIATE,0
1249,9627,6,81,24.0,26.0,INTERMEDIATE,0
1249,9627,7,16,24.0,26.0,INTERMEDIATE,0
1249,9627,7,22,26.0,28.0,INTERMEDIATE,0
1249,9627,7,30,26.0,28.0,INTERMEDIATE,0
1249,9627,8,31,28.0,31.0,INTERMEDIATE,0
1249,9627,8,4,30.0,33.0,INTERMEDIATE,0
1249,9627,7,81,26.0,28.0,INTERMEDIATE,0
1249,9627,8,16,26.0,29.0,INTERMEDIATE,0
1249,9627,8,30,28.0,30.0,INTERMEDIATE,0
1249,9627,8,22,28.0,30.0,INTERMEDIATE,0
1249,9627,8,63,27.0,29.0,INTERMEDIATE,0
1249,9631,1,16,1.0,10.0,MEDIUM,0
1249,9631,1,55,1.0,10.0,MEDIUM,0
1249,9631,1,18,1.0,4.0,MEDIUM,0
1249,9631,1,24,1.0,4.0,MEDIUM,0
1249,9631,1,77,1.0,4.0,MEDIUM,0
1249,9631,1,10,1.0,4.0,MEDIUM,0
1249,9631,1,14,1.0,4.0,MEDIUM,0
1249,9631,1,31,1.0,4.0,MEDIUM,0
1249,9631,1,11,1.0,4.0,MEDIUM,0
1249,9631,1,23,1.0,4.0,MEDIUM,0
1249,9631,1,43,1.0,4.0,MEDIUM,0
1249,9631,1,63,1.0,4.0,MEDIUM,0
1249,9631,1,44,1.0,4.0,MEDIUM,0
1249,9631,1,4,1.0,4.0,MEDIUM,0
1249,9631,1,30,1.0,4.0,MEDIUM,0
1249,9631,1,22,1.0,4.0,MEDIUM,0
1249,9631,1,81,1.0,4.0,MEDIUM,0
1249,9631,1,27,1.0,4.0,MEDIUM,0
1249,9631,1,50,1.0,4.0,MEDIUM,0
1249,9631,1,1,1.0,7.0,MEDIUM,0
1249,9631,2,63,4.0,7.0,MEDIUM,0
1249,9631,2,30,4.0,6.0,MEDIUM,3
1249,9631,2,44,4.0,7.0,MEDIUM,0
1249,9631,2,27,4.0,6.0,MEDIUM,0
1249,9631,2,11,4.0,7.0,MEDIUM,0
1249,9631,2,18,4.0,6.0,MEDIUM,3
1249,9631,2,14,4.0,6.0,MEDIUM,3
1249,9631,2,22,4.0,6.0,MEDIUM,3
1249,9631,2,50,4.0,7.0,MEDIUM,0
1249,9631,2,10,4.0,7.0,MEDIUM,0
1249,9631,2,31,4.0,6.0,MEDIUM,3
1249,9631,2,77,4.0,7.0,MEDIUM,3
1249,9631,2,4,4.0,7.0,MEDIUM,0
1249,9631,2,23,4.0,7.0,MEDIUM,3
1249,9631,2,43,4.0,7.0,MEDIUM,3
1249,9631,2,24,4.0,5.0,MEDIUM,3
1249,9631,2,81,4.0,5.0,MEDIUM,3
1249,9631,3,63,7.0,10.0,MEDIUM,0
1249,9631,3,77,7.0,10.0,MEDIUM,0
1249,9631,3,10,7.0,10.0,MEDIUM,0
1249,9631,3,4,7.0,10.0,MEDIUM,0
1249,9631,3,44,7.0,11.0,MEDIUM,0
1249,9631,2,16,10.0,13.0,MEDIUM,0
1249,9631,2,55,10.0,13.0,MEDIUM,0
1249,9631,3,81,5.0,8.0,MEDIUM,0
1249,9631,2,1,7.0,10.0,MEDIUM,0
1249,9631,3,11,7.0,10.0,MEDIUM,0
1249,9631,3,23,7.0,10.0,MEDIUM,0
1249,9631,3,43,7.0,9.0,MEDIUM,0
1249,9631,3,27,6.0,8.0,MEDIUM,0
1249,9631,3,50,7.0,10.0,MEDIUM,0
1249,9631,4,63,10.0,13.0,MEDIUM,3
1249,9631,3,30,6.0,9.0,MEDIUM,0
1249,9631,4,10,10.0,13.0,MEDIUM,3
1249,9631,4,81,8.0,11.0,MEDIUM,3
1249,9631,3,16,13.0,16.0,MEDIUM,3
1249,9631,4,77,10.0,12.0,MEDIUM,3
1249,9631,4,44,11.0,13.0,MEDIUM,4
1249,9631,4,11,10.0,10.0,MEDIUM,0
1249,9631,5,81,11.0,14.0,SOFT,3
1249,9631,4,4,10.0,13.0,SOFT,0
1249,9631,4,23,10.0,12.0,SOFT,0
1249,9631,5,10,13.0,15.0,SOFT,0
1249,9631,4,30,9.0,11.0,SOFT,0
1249,9631,4,50,10.0,12.0,SOFT,0
1249,9631,3,55,13.0,15.0,SOFT,3
1249,9631,4,16,16.0,18.0,SOFT,0
1249,9631,6,81,14.0,16.0,SOFT,0
1249,9631,5,4,13.0,14.0,SOFT,3
1249,9631,3,1,10.0,12.0,SOFT,0
1249,9631,5,63,13.0,15.0,SOFT,0
1249,9635,1,81,1.0,24.0,MEDIUM,4
1249,9635,1,4,1.0,24.0,MEDIUM,3
1249,9635,1,30,1.0,24.0,MEDIUM,0
1249,9635,1,1,1.0,24.0,MEDIUM,3
1249,9635,1,23,1.0,24.0,MEDIUM,3
1249,9635,1,43,1.0,24.0,MEDIUM,3
1249,9635,1,14,1.0,24.0,MEDIUM,6
1249,9635,1,16,1.0,24.0,MEDIUM,6
1249,9635,1,27,1.0,19.0,MEDIUM,5
1249,9635,1,18,1.0,24.0,MEDIUM,6
1249,9635,1,55,1.0,24.0,MEDIUM,3
1249,9635,1,11,1.0,24.0,MEDIUM,4
1249,9635,1,31,1.0,24.0,MEDIUM,6
1249,9635,1,22,1.0,24.0,MEDIUM,3
1249,9635,1,44,1.0,24.0,MEDIUM,7
1249,9635,1,24,1.0,24.0,MEDIUM,5
1249,9635,1,77,1.0,24.0,MEDIUM,6
1249,9635,1,10,1.0,24.0,MEDIUM,0
1249,9635,1,50,1.0,24.0,MEDIUM,6
1249,9635,1,63,1.0,24.0,MEDIUM,6
1249,9636,1,43,1.0,26.0,INTERMEDIATE,0
1249,9636,1,4,1.0,28.0,INTERMEDIATE,4
1249,9636,1,55,1.0,27.0,INTERMEDIATE,0
1249,9636,1,24,1.0,27.0,INTERMEDIATE,0
1249,9636,1,30,1.0,28.0,INTERMEDIATE,0
1249,9636,1,44,1.0,27.0,INTERMEDIATE,0
1249,9636,1,50,1.0,27.0,INTERMEDIATE,0
1249,9636,1,14,1.0,27.0,INTERMEDIATE,0
1249,9636,1,10,1.0,32.0,INTERMEDIATE,0
1249,9636,1,16,1.0,24.0,INTERMEDIATE,2
1249,9636,1,81,1.0,27.0,INTERMEDIATE,2
1249,9636,1,11,1.0,27.0,INTERMEDIATE,0
1249,9636,1,31,1.0,32.0,INTERMEDIATE,2
1249,9636,1,77,1.0,32.0,INTERMEDIATE,0
1249,9636,1,63,1.0,28.0,INTERMEDIATE,3
1249,9636,1,1,1.0,32.0,INTERMEDIATE,0
1249,9636,1,27,1.0,25.0,INTERMEDIATE,0
1249,9636,1,22,1.0,28.0,INTERMEDIATE,3
1249,9636,2,16,25.0,32.0,INTERMEDIATE,3
1249,9636,2,27,26.0,27.0,INTERMEDIATE,0
1249,9636,2,43,27.0,30.0,INTERMEDIATE,0
1249,9636,2,81,28.0,32.0,INTERMEDIATE,4
1249,9636,2,14,28.0,32.0,INTERMEDIATE,3
1249,9636,2,44,28.0,32.0,INTERMEDIATE,0
1249,9636,2,50,28.0,32.0,INTERMEDIATE,0
1249,9636,2,55,28.0,32.0,INTERMEDIATE,0
1249,9636,2,11,28.0,32.0,WET,5
1249,9636,2,24,28.0,28.0,INTERMEDIATE,0
1249,9636,2,4,29.0,32.0,INTERMEDIATE,4
1249,9636,2,63,29.0,32.0,INTERMEDIATE,3
1249,9636,2,22,29.0,32.0,WET,0
1249,9636,2,30,29.0,32.0,WET,0
1249,9636,3,24,29.0,31.0,WET,5
1249,9636,3,27,28.0,29.0,WET,0
1249,9636,3,43,31.0,31.0,INTERMEDIATE,0
1249,9636,4,27,30.0,30.0,INTERMEDIATE,0
1249,9636,4,24,32.0,32.0,INTERMEDIATE,0
1249,9636,2,31,33.0,69.0,INTERMEDIATE,2
1249,9636,2,1,33.0,69.0,INTERMEDIATE,0
1249,9636,2,10,33.0,69.0,INTERMEDIATE,0
1249,9636,3,4,33.0,69.0,INTERMEDIATE,4
1249,9636,3,63,33.0,69.0,INTERMEDIATE,3
1249,9636,3,22,33.0,69.0,INTERMEDIATE,3
1249,9636,3,16,33.0,69.0,INTERMEDIATE,3
1249,9636,3,81,33.0,69.0,INTERMEDIATE,0
1249,9636,3,14,33.0,69.0,INTERMEDIATE,0
1249,9636,3,30,33.0,69.0,INTERMEDIATE,3
1249,9636,2,77,33.0,69.0,INTERMEDIATE,0
1249,9636,3,44,33.0,69.0,INTERMEDIATE,0
1249,9636,3,11,33.0,69.0,INTERMEDIATE,0
1249,9636,3,55,33.0,38.0,INTERMEDIATE,0
1249,9636,3,50,33.0,69.0,INTERMEDIATE,0
1249,9636,5,24,33.0,69.0,INTERMEDIATE,0
1250,9640,1,63,1.0,1.0,MEDIUM,0
1250,9640,1,30,1.0,7.0,SOFT,0
1250,9640,1,23,1.0,7.0,SOFT,0
1250,9640,1,10,1.0,5.0,SOFT,0
1250,9640,1,31,1.0,5.0,SOFT,0
1250,9640,1,77,1.0,6.0,SOFT,0
1250,9640,1,24,1.0,6.0,SOFT,0
1250,9640,1,22,1.0,7.0,SOFT,0
1250,9640,1,43,1.0,7.0,SOFT,0
1250,9640,1,14,1.0,7.0,SOFT,0
1250,9640,1,11,1.0,10.0,SOFT,0
1250,9640,1,81,1.0,7.0,SOFT,0
1250,9640,1,4,1.0,6.0,SOFT,0
1250,9640,1,1,1.0,9.0,SOFT,0
1250,9640,1,44,1.0,10.0,SOFT,0
1250,9640,2,63,2.0,11.0,SOFT,0
1250,9640,1,16,1.0,9.0,SOFT,0
1250,9640,1,55,1.0,6.0,SOFT,0
1250,9640,2,10,5.0,11.0,SOFT,0
1250,9640,1,20,1.0,6.0,SOFT,0
1250,9640,2,31,5.0,11.0,SOFT,0
1250,9640,1,27,1.0,6.0,SOFT,0
1250,9640,2,24,6.0,11.0,SOFT,0
1250,9640,2,77,6.0,10.0,SOFT,0
1250,9640,2,23,7.0,10.0,SOFT,0
1250,9640,2,43,7.0,11.0,SOFT,0
1250,9640,2,30,7.0,11.0,SOFT,0
1250,9640,2,22,7.0,11.0,SOFT,0
1250,9640,2,14,7.0,9.0,SOFT,0
1250,9640,2,55,6.0,9.0,SOFT,0
1250,9640,2,4,6.0,8.0,SOFT,0
1250,9640,2,81,7.0,9.0,SOFT,0
1250,9640,1,18,1.0,3.0,SOFT,0
1250,9640,2,1,9.0,15.0,SOFT,0
1250,9640,2,20,6.0,10.0,SOFT,0
1250,9640,3,63,11.0,14.0,SOFT,0
1250,9640,3,24,11.0,14.0,SOFT,0
1250,9640,3,30,11.0,15.0,SOFT,0
1250,9640,2,27,6.0,9.0,SOFT,0
1250,9640,3,43,11.0,14.0,SOFT,0
1250,9640,3,22,11.0,15.0,SOFT,0
1250,9640,2,44,10.0,13.0,SOFT,0
1250,9640,3,55,9.0,11.0,SOFT,0
1250,9640,2,16,9.0,11.0,SOFT,0
1250,9640,3,31,11.0,15.0,SOFT,0
1250,9640,3,10,11.0,15.0,SOFT,0
1250,9640,3,4,8.0,11.0,SOFT,0
1250,9640,3,81,9.0,12.0,SOFT,0
1250,9640,4,55,11.0,18.0,SOFT,0
1250,9640,3,16,11.0,17.0,SOFT,0
1250,9640,4,63,14.0,20.0,SOFT,0
1250,9640,3,44,13.0,19.0,SOFT,0
1250,9640,4,4,11.0,14.0,SOFT,0
1250,9640,4,24,14.0,17.0,SOFT,0
1250,9640,4,30,15.0,17.0,SOFT,0
1250,9640,4,31,15.0,18.0,SOFT,0
1250,9640,4,22,15.0,19.0,SOFT,0
1250,9640,4,10,15.0,19.0,SOFT,0
1250,9640,4,43,14.0,16.0,SOFT,0
1250,9640,4,81,12.0,15.0,SOFT,0
1250,9640,3,20,10.0,12.0,SOFT,0
1250,9640,3,27,9.0,12.0,SOFT,0
1250,9640,3,1,15.0,19.0,SOFT,0
1250,9640,5,81,15.0,18.0,SOFT,0
1250,9640,5,4,14.0,17.0,SOFT,0
1250,9640,5,10,19.0,22.0,SOFT,0
1250,9640,4,16,17.0,20.0,SOFT,0
1250,9640,5,22,19.0,22.0,SOFT,0
1250,9640,5,55,18.0,21.0,SOFT,0
1250,9640,4,44,19.0,22.0,SOFT,0
1250,9640,4,27,12.0,15.0,SOFT,0
1250,9640,5,63,20.0,23.0,SOFT,0
1250,9640,6,81,18.0,21.0,SOFT,0
1250,9640,6,4,17.0,20.0,SOFT,0
1250,9640,5,16,20.0,23.0,SOFT,0
1250,9640,6,10,22.0,25.0,SOFT,0
1250,9640,6,55,21.0,24.0,SOFT,0
1250,9640,6,22,22.0,25.0,SOFT,0
1250,9640,5,27,15.0,17.0,SOFT,0
1250,9640,5,44,22.0,24.0,SOFT,0
1250,9640,4,1,19.0,21.0,SOFT,0
1250,9640,6,63,23.0,25.0,SOFT,0
1250,9644,1,77,1.0,17.0,HARD,0
1250,9644,1,63,1.0,12.0,MEDIUM,1
1250,9644,1,1,1.0,11.0,MEDIUM,0
1250,9644,1,27,1.0,14.0,MEDIUM,0
1250,9644,1,22,1.0,10.0,MEDIUM,0
1250,9644,1,23,1.0,9.0,MEDIUM,0
1250,9644,1,43,1.0,16.0,HARD,0
1250,9644,1,11,1.0,17.0,HARD,0
1250,9644,1,18,1.0,9.0,MEDIUM,1
1250,9644,1,4,1.0,9.0,MEDIUM,0
1250,9644,1,44,1.0,13.0,MEDIUM,0
1250,9644,1,24,1.0,11.0,MEDIUM,1
1250,9644,1,55,1.0,10.0,MEDIUM,0
1250,9644,1,30,1.0,11.0,MEDIUM,0
1250,9644,1,14,1.0,4.0,SOFT,0
1250,9644,1,20,1.0,17.0,MEDIUM,0
1250,9644,1,10,1.0,10.0,MEDIUM,0
1250,9644,1,16,1.0,9.0,MEDIUM,0
1250,9644,1,81,1.0,10.0,MEDIUM,0
1250,9644,1,31,1.0,11.0,MEDIUM,0
1250,9644,2,14,5.0,24.0,HARD,0
1250,9644,2,16,10.0,31.0,HARD,0
1250,9644,2,4,10.0,30.0,HARD,0
1250,9644,2,23,10.0,25.0,HARD,0
1250,9644,2,18,10.0,28.0,HARD,0
1250,9644,2,55,11.0,28.0,HARD,0
1250,9644,2,22,11.0,29.0,HARD,0
1250,9644,2,10,11.0,15.0,HARD,0
1250,9644,2,81,11.0,25.0,HARD,0
1250,9644,2,1,12.0,27.0,HARD,0
1250,9644,2,31,12.0,12.0,MEDIUM,0
1250,9644,2,24,12.0,34.0,HARD,0
1250,9644,2,30,12.0,38.0,HARD,1
1250,9644,2,63,13.0,32.0,HARD,1
1250,9644,3,31,13.0,45.0,HARD,0
1250,9644,2,44,14.0,27.0,HARD,1
1250,9644,2,27,15.0,33.0,HARD,0
1250,9644,2,43,17.0,26.0,MEDIUM,0
1250,9644,2,11,18.0,32.0,MEDIUM,0
1250,9644,2,77,18.0,35.0,MEDIUM,0
1250,9644,2,20,18.0,50.0,HARD,0
1250,9644,3,14,25.0,50.0,HARD,1
1250,9644,3,81,26.0,50.0,HARD,0
1250,9644,3,43,27.0,50.0,HARD,0
1250,9644,3,1,28.0,50.0,HARD,0
1250,9644,3,44,28.0,50.0,HARD,1
1250,9644,3,55,29.0,50.0,HARD,0
1250,9644,3,18,29.0,50.0,HARD,0
1250,9644,3,22,30.0,50.0,HARD,1
1250,9644,3,4,31.0,48.0,HARD,0
1250,9644,3,16,32.0,50.0,HARD,0
1250,9644,3,63,33.0,50.0,HARD,0
1250,9644,3,11,33.0,50.0,HARD,0
1250,9644,3,27,34.0,50.0,HARD,0
1250,9644,3,24,35.0,50.0,HARD,0
1250,9644,3,77,36.0,49.0,HARD,0
1250,9644,3,30,39.0,50.0,HARD,1
1250,9644,4,31,46.0,49.0,SOFT,0
1250,9644,4,4,49.0,50.0,SOFT,4
1251,9646,1,63,1.0,1.0,SOFT,0
1251,9646,1,20,1.0,6.0,SOFT,0
1251,9646,1,24,1.0,6.0,SOFT,0
1251,9646,1,77,1.0,6.0,SOFT,0
1251,9646,1,11,1.0,7.0,SOFT,0
1251,9646,1,27,1.0,5.0,SOFT,0
1251,9646,1,18,1.0,4.0,SOFT,0
1251,9646,1,22,1.0,7.0,SOFT,0
1251,9646,1,14,1.0,4.0,SOFT,3
1251,9646,1,30,1.0,7.0,SOFT,0
1251,9646,1,43,1.0,6.0,SOFT,0
1251,9646,1,31,1.0,3.0,SOFT,2
1251,9646,1,10,1.0,3.0,SOFT,6
1251,9646,1,23,1.0,6.0,SOFT,0
1251,9646,1,55,1.0,3.0,SOFT,7
1251,9646,1,16,1.0,6.0,SOFT,0
1251,9646,1,4,1.0,6.0,SOFT,4
1251,9646,1,44,1.0,5.0,SOFT,6
1251,9646,1,1,1.0,3.0,SOFT,3
1251,9646,2,63,2.0,12.0,SOFT,6
1251,9646,1,81,1.0,4.0,SOFT,7
1251,9646,2,10,3.0,7.0,SOFT,0
1251,9646,2,55,3.0,6.0,SOFT,5
1251,9646,2,31,3.0,7.0,SOFT,0
1251,9646,2,18,4.0,7.0,SOFT,0
1251,9646,2,14,4.0,7.0,SOFT,0
1251,9646,2,27,5.0,10.0,SOFT,0
1251,9646,2,20,6.0,12.0,SOFT,0
1251,9646,2,16,6.0,12.0,SOFT,0
1251,9646,2,1,4.0,8.0,SOFT,0
1251,9646,2,81,4.0,9.0,SOFT,0
1251,9646,3,55,6.0,12.0,SOFT,0
1251,9646,2,24,6.0,12.0,SOFT,0
1251,9646,2,77,6.0,12.0,SOFT,0
1251,9646,2,44,5.0,11.0,SOFT,0
1251,9646,2,4,6.0,10.0,SOFT,0
1251,9646,2,43,6.0,9.0,SOFT,0
1251,9646,2,23,6.0,9.0,SOFT,0
1251,9646,3,31,7.0,10.0,SOFT,0
1251,9646,2,11,7.0,11.0,SOFT,0
1251,9646,2,30,7.0,10.0,SOFT,0
1251,9646,2,22,7.0,11.0,SOFT,0
1251,9646,3,10,7.0,11.0,SOFT,0
1251,9646,3,14,7.0,9.0,SOFT,0
1251,9646,3,18,7.0,9.0,SOFT,0
1251,9646,3,63,12.0,15.0,SOFT,0
1251,9646,4,55,12.0,15.0,SOFT,6
1251,9646,3,81,9.0,15.0,SOFT,0
1251,9646,3,16,12.0,15.0,SOFT,0
1251,9646,3,44,11.0,14.0,SOFT,3
1251,9646,3,20,12.0,16.0,SOFT,0
1251,9646,3,77,12.0,16.0,SOFT,0
1251,9646,3,24,12.0,16.0,SOFT,0
1251,9646,3,1,8.0,11.0,SOFT,4
1251,9646,3,11,11.0,14.0,SOFT,0
1251,9646,3,4,10.0,13.0,SOFT,4
1251,9646,4,10,11.0,15.0,SOFT,0
1251,9646,3,22,11.0,14.0,SOFT,0
1251,9646,4,14,9.0,11.0,SOFT,0
1251,9646,4,18,9.0,12.0,SOFT,0
1251,9646,4,63,15.0,18.0,SOFT,0
1251,9646,5,55,15.0,21.0,SOFT,0
1251,9646,4,44,14.0,17.0,SOFT,0
1251,9646,4,16,15.0,21.0,SOFT,0
1251,9646,4,1,11.0,17.0,SOFT,0
1251,9646,4,4,13.0,16.0,SOFT,0
1251,9646,4,20,16.0,20.0,SOFT,0
1251,9646,4,24,16.0,19.0,SOFT,0
1251,9646,4,77,16.0,19.0,SOFT,0
1251,9646,5,10,15.0,18.0,SOFT,0
1251,9646,4,22,14.0,16.0,SOFT,0
1251,9646,5,18,12.0,14.0,SOFT,0
1251,9646,5,63,18.0,21.0,SOFT,3
1251,9646,5,14,11.0,14.0,SOFT,0
1251,9646,5,44,17.0,20.0,SOFT,3
1251,9646,4,11,14.0,16.0,SOFT,0
1251,9646,5,20,20.0,23.0,SOFT,4
1251,9646,6,63,21.0,25.0,SOFT,0
1251,9646,4,81,15.0,19.0,SOFT,0
1251,9646,6,44,20.0,24.0,SOFT,0
1251,9646,6,55,21.0,24.0,SOFT,0
1251,9646,5,16,21.0,24.0,SOFT,0
1251,9646,5,11,16.0,19.0,SOFT,3
1251,9646,6,14,14.0,17.0,SOFT,2
1251,9646,5,4,16.0,18.0,SOFT,0
1251,9646,5,1,17.0,22.0,SOFT,0
1251,9646,6,4,18.0,22.0,SOFT,0
1251,9646,6,20,23.0,26.0,SOFT,0
1251,9646,5,81,19.0,22.0,SOFT,0
1251,9646,7,63,25.0,28.0,SOFT,0
1251,9646,6,11,19.0,22.0,SOFT,0
1251,9646,7,44,24.0,27.0,SOFT,0
1251,9646,7,55,24.0,26.0,SOFT,0
1251,9646,6,16,24.0,26.0,SOFT,0
1251,9646,7,14,17.0,19.0,SOFT,0
1251,9650,1,20,1.0,6.0,MEDIUM,0
1251,9650,1,18,1.0,9.0,MEDIUM,0
1251,9650,1,24,1.0,6.0,MEDIUM,0
1251,9650,1,77,1.0,6.0,MEDIUM,0
1251,9650,1,55,1.0,9.0,MEDIUM,0
1251,9650,1,16,1.0,8.0,MEDIUM,0
1251,9650,1,43,1.0,8.0,MEDIUM,0
1251,9650,1,23,1.0,9.0,MEDIUM,0
1251,9650,1,1,1.0,9.0,MEDIUM,0
1251,9650,1,27,1.0,4.0,MEDIUM,0
1251,9650,1,10,1.0,8.0,MEDIUM,0
1251,9650,1,31,1.0,7.0,MEDIUM,0
1251,9650,1,11,1.0,7.0,MEDIUM,0
1251,9650,1,4,1.0,8.0,MEDIUM,0
1251,9650,1,30,1.0,8.0,MEDIUM,0
1251,9650,1,81,1.0,7.0,MEDIUM,0
1251,9650,1,22,1.0,7.0,MEDIUM,0
1251,9650,1,63,1.0,7.0,MEDIUM,0
1251,9650,1,44,1.0,8.0,MEDIUM,0
1251,9650,1,14,1.0,7.0,MEDIUM,0
1251,9650,2,20,6.0,9.0,MEDIUM,0
1251,9650,2,27,4.0,7.0,MEDIUM,0
1251,9650,2,77,6.0,9.0,MEDIUM,0
1251,9650,2,24,6.0,8.0,MEDIUM,0
1251,9650,3,27,7.0,10.0,MEDIUM,0
1251,9650,3,20,9.0,12.0,MEDIUM,0
1251,9650,2,1,9.0,16.0,MEDIUM,0
1251,9650,2,55,9.0,14.0,MEDIUM,0
1251,9650,2,16,8.0,13.0,MEDIUM,0
1251,9650,2,30,8.0,15.0,MEDIUM,0
1251,9650,2,18,9.0,14.0,MEDIUM,0
1251,9650,2,14,7.0,12.0,MEDIUM,0
1251,9650,2,4,8.0,13.0,MEDIUM,0
1251,9650,2,23,9.0,14.0,MEDIUM,0
1251,9650,2,10,8.0,11.0,MEDIUM,0
1251,9650,2,81,7.0,12.0,MEDIUM,0
1251,9650,2,63,7.0,11.0,MEDIUM,0
1251,9650,2,44,8.0,14.0,MEDIUM,0
1251,9650,3,77,9.0,13.0,MEDIUM,0
1251,9650,4,27,10.0,13.0,MEDIUM,0
1251,9650,4,20,12.0,14.0,MEDIUM,0
1251,9650,3,10,11.0,14.0,MEDIUM,0
1251,9650,3,30,15.0,18.0,SOFT,0
1251,9650,4,10,14.0,17.0,SOFT,0
1251,9650,3,1,16.0,21.0,SOFT,0
1251,9650,3,55,14.0,19.0,SOFT,0
1251,9650,3,63,11.0,16.0,SOFT,0
1251,9650,3,16,13.0,18.0,SOFT,0
1251,9650,3,44,14.0,19.0,SOFT,0
1251,9650,3,4,13.0,16.0,SOFT,0
1251,9650,3,81,12.0,16.0,SOFT,0
1251,9650,5,27,13.0,15.0,SOFT,0
1251,9650,4,30,18.0,20.0,SOFT,0
1251,9650,5,10,17.0,19.0,SOFT,0
1251,9654,1,63,1.0,19.0,MEDIUM,4
1251,9654,1,23,1.0,19.0,MEDIUM,6
1251,9654,1,16,1.0,19.0,MEDIUM,1
1251,9654,1,18,1.0,19.0,MEDIUM,6
1251,9654,1,27,1.0,19.0,MEDIUM,6
1251,9654,1,22,1.0,19.0,MEDIUM,7
1251,9654,1,4,1.0,19.0,MEDIUM,5
1251,9654,1,55,1.0,19.0,MEDIUM,1
1251,9654,1,20,1.0,19.0,MEDIUM,6
1251,9654,1,31,1.0,19.0,MEDIUM,7
1251,9654,1,44,1.0,19.0,MEDIUM,6
1251,9654,1,10,1.0,19.0,MEDIUM,7
1251,9654,1,1,1.0,19.0,MEDIUM,8
1251,9654,1,81,1.0,19.0,MEDIUM,5
1251,9654,1,30,1.0,19.0,MEDIUM,7
1251,9654,1,24,1.0,10.0,SOFT,0
1251,9654,1,14,1.0,19.0,MEDIUM,6
1251,9654,1,77,1.0,19.0,MEDIUM,12
1251,9654,1,43,1.0,19.0,MEDIUM,4
1251,9654,1,11,1.0,14.0,MEDIUM,11
1251,9654,2,24,11.0,19.0,MEDIUM,8
1251,9654,2,11,15.0,19.0,MEDIUM,21
1251,9655,1,22,1.0,35.0,MEDIUM,0
1251,9655,1,30,1.0,35.0,MEDIUM,0
1251,9655,1,14,1.0,35.0,MEDIUM,0
1251,9655,1,44,1.0,34.0,MEDIUM,0
1251,9655,1,1,1.0,35.0,MEDIUM,0
1251,9655,1,77,1.0,24.0,MEDIUM,0
1251,9655,1,63,1.0,23.0,MEDIUM,1
1251,9655,1,10,1.0,35.0,MEDIUM,0
1251,9655,1,81,1.0,34.0,MEDIUM,0
1251,9655,1,23,1.0,35.0,MEDIUM,0
1251,9655,1,16,1.0,35.0,MEDIUM,1
1251,9655,1,27,1.0,1.0,HARD,0
1251,9655,1,18,1.0,1.0,MEDIUM,0
1251,9655,1,20,1.0,27.0,MEDIUM,0
1251,9655,1,11,1.0,35.0,MEDIUM,0
1251,9655,1,24,1.0,35.0,MEDIUM,0
1251,9655,1,55,1.0,34.0,MEDIUM,1
1251,9655,1,4,1.0,35.0,MEDIUM,0
1251,9655,2,18,2.0,7.0,HARD,0
1251,9655,2,27,2.0,31.0,HARD,0
1251,9655,3,18,8.0,8.0,HARD,0
1251,9655,2,63,24.0,35.0,HARD,0
1251,9655,2,77,25.0,35.0,HARD,0
1251,9655,2,20,28.0,36.0,HARD,0
1251,9655,3,27,32.0,36.0,MEDIUM,0
1251,9655,2,81,35.0,36.0,HARD,0
1251,9655,2,55,35.0,36.0,HARD,0
1251,9655,2,4,36.0,36.0,HARD,0
1251,9655,2,44,35.0,35.0,HARD,0
1251,9655,2,1,36.0,36.0,HARD,0
1251,9655,2,16,36.0,36.0,HARD,0
1251,9655,2,11,36.0,36.0,HARD,0
1251,9655,2,10,36.0,36.0,HARD,0
1251,9655,2,14,36.0,36.0,HARD,0
1251,9655,3,63,36.0,36.0,HARD,0
1251,9655,2,24,36.0,36.0,HARD,0
1251,9655,2,23,36.0,36.0,SOFT,0
1251,9655,2,22,36.0,36.0,HARD,0
1251,9655,2,30,36.0,36.0,HARD,0
1251,9655,3,44,36.0,36.0,HARD,0
1251,9655,3,1,37.0,37.0,HARD,1
1251,9655,3,4,37.0,37.0,HARD,0
1251,9655,3,77,36.0,36.0,MEDIUM,0
1251,9655,3,16,37.0,37.0,HARD,0
1251,9655,3,81,37.0,37.0,HARD,0
1251,9655,3,11,37.0,37.0,HARD,1
1251,9655,3,10,37.0,37.0,HARD,0
1251,9655,4,63,37.0,37.0,HARD,1
1251,9655,3,55,37.0,37.0,HARD,2
1251,9655,3,24,37.0,37.0,HARD,0
1251,9655,3,20,37.0,37.0,HARD,27
1251,9655,3,14,37.0,37.0,MEDIUM,6
1251,9655,3,22,37.0,37.0,HARD,1
1251,9655,3,23,37.0,37.0,SOFT,0
1251,9655,4,27,37.0,37.0,MEDIUM,5
1251,9655,3,30,37.0,37.0,HARD,1
1251,9655,4,1,38.0,57.0,HARD,0
1251,9655,4,44,37.0,47.0,HARD,0
1251,9655,4,77,37.0,57.0,MEDIUM,0
1251,9655,4,4,38.0,45.0,HARD,2
1251,9655,4,16,38.0,57.0,HARD,2
1251,9655,4,11,38.0,38.0,HARD,0
1251,9655,4,81,38.0,57.0,HARD,3
1251,9655,4,10,38.0,57.0,HARD,2
1251,9655,5,63,38.0,57.0,HARD,2
1251,9655,4,55,38.0,57.0,HARD,3
1251,9655,4,14,38.0,57.0,MEDIUM,7
1251,9655,4,24,38.0,57.0,HARD,0
1251,9655,4,20,38.0,57.0,HARD,28
1251,9655,4,22,38.0,40.0,HARD,2
1251,9655,4,23,38.0,55.0,SOFT,0
1251,9655,4,30,38.0,40.0,HARD,0
1251,9655,5,27,38.0,39.0,MEDIUM,6
1251,9655,5,22,41.0,57.0,SOFT,0
1251,9655,5,30,41.0,57.0,SOFT,0
1251,9655,5,4,46.0,57.0,HARD,0
1251,9655,5,44,48.0,57.0,HARD,13
1251,9655,5,23,56.0,56.0,SOFT,0
1252,9658,1,18,1.0,4.0,SOFT,0
1252,9658,1,14,1.0,2.0,HARD,0
1252,9658,1,63,1.0,2.0,HARD,0
1252,9658,1,44,1.0,2.0,HARD,0
1252,9658,1,11,1.0,4.0,SOFT,0
1252,9658,1,43,1.0,4.0,SOFT,0
1252,9658,1,23,1.0,4.0,SOFT,0
1252,9658,1,22,1.0,4.0,SOFT,0
1252,9658,1,1,1.0,4.0,SOFT,0
1252,9658,1,24,1.0,4.0,SOFT,0
1252,9658,1,16,1.0,4.0,SOFT,0
1252,9658,1,55,1.0,4.0,SOFT,0
1252,9658,1,30,1.0,4.0,SOFT,0
1252,9658,1,77,1.0,4.0,SOFT,0
1252,9658,1,20,1.0,4.0,SOFT,0
1252,9658,1,4,1.0,4.0,SOFT,0
1252,9658,1,81,1.0,4.0,SOFT,0
1252,9658,1,61,1.0,4.0,SOFT,0
1252,9658,1,10,1.0,4.0,SOFT,0
1252,9658,1,27,1.0,4.0,SOFT,0
1252,9658,2,14,2.0,5.0,SOFT,0
1252,9658,2,63,2.0,5.0,SOFT,0
1252,9658,2,44,2.0,5.0,SOFT,0
1252,9658,2,18,4.0,7.0,SOFT,0
1252,9658,2,43,4.0,6.0,SOFT,0
1252,9658,2,23,4.0,6.0,SOFT,0
1252,9658,2,24,4.0,6.0,SOFT,0
1252,9658,2,11,4.0,7.0,SOFT,0
1252,9658,2,77,4.0,7.0,SOFT,0
1252,9658,2,22,4.0,7.0,SOFT,0
1252,9658,2,30,4.0,7.0,SOFT,0
1252,9658,2,10,4.0,7.0,SOFT,0
1252,9658,2,16,4.0,7.0,SOFT,0
1252,9658,2,4,4.0,6.0,SOFT,0
1252,9658,2,81,4.0,6.0,SOFT,0
1252,9658,2,1,4.0,7.0,SOFT,3
1252,9658,2,20,4.0,6.0,SOFT,0
1252,9658,3,14,5.0,8.0,SOFT,0
1252,9658,3,18,7.0,9.0,SOFT,0
1252,9658,2,61,4.0,6.0,SOFT,0
1252,9658,2,55,4.0,5.0,SOFT,0
1252,9658,2,27,4.0,6.0,SOFT,0
1252,9658,3,44,5.0,7.0,SOFT,0
1252,9658,3,63,5.0,8.0,SOFT,0
1252,9658,3,1,7.0,10.0,SOFT,0
1252,9658,3,20,6.0,9.0,SOFT,2
1252,9658,4,63,8.0,11.0,SOFT,3
1252,9658,3,27,6.0,9.0,SOFT,2
1252,9658,3,16,7.0,10.0,SOFT,3
1252,9658,3,55,5.0,8.0,SOFT,1
1252,9658,3,4,6.0,9.0,SOFT,2
1252,9658,3,30,7.0,10.0,SOFT,0
1252,9658,4,18,9.0,12.0,SOFT,3
1252,9658,4,14,8.0,11.0,SOFT,0
1252,9658,3,22,7.0,10.0,SOFT,0
1252,9658,3,10,7.0,10.0,SOFT,3
1252,9658,3,77,7.0,10.0,SOFT,3
1252,9658,3,11,7.0,10.0,SOFT,3
1252,9658,3,81,6.0,9.0,SOFT,2
1252,9658,4,20,9.0,11.0,SOFT,0
1252,9658,4,27,9.0,12.0,SOFT,0
1252,9658,4,10,10.0,13.0,SOFT,0
1252,9658,5,63,11.0,14.0,SOFT,0
1252,9658,4,11,10.0,13.0,SOFT,0
1252,9658,5,18,12.0,14.0,SOFT,2
1252,9658,5,14,11.0,14.0,SOFT,0
1252,9658,4,16,10.0,12.0,SOFT,0
1252,9658,4,55,8.0,11.0,SOFT,0
1252,9658,4,22,10.0,12.0,SOFT,0
1252,9658,4,30,10.0,12.0,SOFT,0
1252,9658,4,81,9.0,11.0,SOFT,0
1252,9658,4,4,9.0,11.0,SOFT,0
1252,9658,4,77,10.0,13.0,SOFT,0
1252,9658,5,27,12.0,15.0,SOFT,3
1252,9658,6,63,14.0,17.0,SOFT,3
1252,9658,5,11,13.0,16.0,SOFT,3
1252,9658,4,1,10.0,13.0,SOFT,0
1252,9658,5,55,11.0,14.0,SOFT,3
1252,9658,6,14,14.0,17.0,SOFT,3
1252,9658,5,10,13.0,16.0,SOFT,3
1252,9658,5,81,11.0,14.0,SOFT,0
1252,9658,5,4,11.0,14.0,SOFT,2
1252,9658,6,11,16.0,18.0,SOFT,0
1252,9658,5,77,13.0,15.0,SOFT,0
1252,9658,6,27,15.0,17.0,SOFT,0
1252,9658,6,10,16.0,18.0,SOFT,0
1252,9658,6,81,14.0,16.0,SOFT,0
1252,9658,7,14,17.0,19.0,SOFT,0
1252,9658,6,55,14.0,16.0,SOFT,0
1252,9658,6,4,14.0,16.0,SOFT,0
1252,9658,7,63,17.0,19.0,SOFT,0
1252,9658,5,1,13.0,15.0,SOFT,0
1252,9662,1,18,1.0,11.0,MEDIUM,1
1252,9662,1,4,1.0,26.0,MEDIUM,0
1252,9662,1,24,1.0,12.0,MEDIUM,0
1252,9662,1,44,1.0,34.0,HARD,0
1252,9662,1,14,1.0,13.0,MEDIUM,1
1252,9662,1,63,1.0,26.0,MEDIUM,1
1252,9662,1,20,1.0,12.0,MEDIUM,0
1252,9662,1,55,1.0,25.0,MEDIUM,0
1252,9662,1,10,1.0,14.0,MEDIUM,0
1252,9662,1,61,1.0,22.0,MEDIUM,0
1252,9662,1,81,1.0,4.0,MEDIUM,0
1252,9662,1,30,1.0,23.0,MEDIUM,0
1252,9662,1,16,1.0,20.0,MEDIUM,0
1252,9662,1,43,1.0,3.0,MEDIUM,0
1252,9662,1,77,1.0,6.0,MEDIUM,0
1252,9662,1,1,1.0,29.0,MEDIUM,0
1252,9662,1,27,1.0,13.0,MEDIUM,0
1252,9662,1,22,1.0,22.0,MEDIUM,0
1252,9662,1,23,1.0,12.0,MEDIUM,0
1252,9662,2,43,4.0,26.0,HARD,0
1252,9662,2,81,5.0,32.0,HARD,0
1252,9662,2,77,7.0,30.0,HARD,0
1252,9662,2,18,12.0,32.0,HARD,1
1252,9662,2,20,13.0,29.0,HARD,0
1252,9662,2,23,13.0,57.0,HARD,0
1252,9662,2,24,13.0,39.0,HARD,0
1252,9662,2,27,14.0,58.0,HARD,0
1252,9662,2,14,14.0,37.0,HARD,1
1252,9662,2,10,15.0,58.0,HARD,0
1252,9662,2,16,21.0,58.0,HARD,0
1252,9662,2,61,23.0,57.0,HARD,0
1252,9662,2,22,23.0,57.0,HARD,0
1252,9662,2,30,24.0,24.0,HARD,0
1252,9662,3,30,25.0,29.0,HARD,1
1252,9662,2,55,26.0,58.0,HARD,0
1252,9662,2,4,27.0,58.0,HARD,0
1252,9662,2,63,27.0,58.0,HARD,0
1252,9662,2,1,30.0,58.0,HARD,0
1252,9662,3,20,30.0,30.0,HARD,0
1252,9662,4,30,30.0,55.0,HARD,6
1252,9662,4,20,31.0,55.0,SOFT,0
1252,9662,3,18,33.0,57.0,HARD,0
1252,9662,3,81,33.0,58.0,HARD,0
1252,9662,2,44,35.0,58.0,MEDIUM,1
1252,9662,3,14,38.0,58.0,HARD,1
1252,9662,3,24,40.0,57.0,HARD,0
1252,9662,5,20,56.0,57.0,SOFT,3
1233,9664,1,10,1.0,4.0,SOFT,0
1233,9664,1,22,1.0,4.0,SOFT,0
1233,9664,1,27,1.0,4.0,SOFT,0
1233,9664,1,31,1.0,4.0,SOFT,7
1233,9664,1,24,1.0,3.0,SOFT,0
1233,9664,1,23,1.0,3.0,SOFT,0
1233,9664,1,20,1.0,4.0,SOFT,0
1233,9664,1,2,1.0,3.0,SOFT,0
1233,9664,1,55,1.0,4.0,MEDIUM,6
1233,9664,1,63,1.0,7.0,SOFT,0
1233,9664,1,4,1.0,4.0,SOFT,0
1233,9664,1,81,1.0,3.0,SOFT,3
1233,9664,1,16,1.0,6.0,SOFT,0
1233,9664,1,14,1.0,4.0,SOFT,0
1233,9664,1,18,1.0,4.0,SOFT,0
1233,9664,1,77,1.0,4.0,SOFT,0
1233,9664,1,1,1.0,4.0,SOFT,0
1233,9664,1,44,1.0,4.0,SOFT,0
1233,9664,1,11,1.0,3.0,SOFT,0
1233,9664,1,3,1.0,4.0,SOFT,0
1233,9664,2,2,3.0,6.0,SOFT,0
1233,9664,2,24,3.0,6.0,SOFT,0
1233,9664,2,23,3.0,6.0,SOFT,0
1233,9664,2,81,3.0,6.0,SOFT,0
1233,9664,2,27,4.0,7.0,SOFT,3
1233,9664,2,10,4.0,7.0,SOFT,0
1233,9664,2,31,4.0,7.0,SOFT,0
1233,9664,2,22,4.0,7.0,SOFT,0
1233,9664,2,55,4.0,7.0,SOFT,0
1233,9664,2,4,4.0,7.0,SOFT,0
1233,9664,2,11,3.0,8.0,SOFT,2
1233,9664,2,77,4.0,7.0,SOFT,0
1233,9664,3,24,6.0,8.0,SOFT,0
1233,9664,3,23,6.0,9.0,SOFT,0
1233,9664,3,2,6.0,7.0,SOFT,0
1233,9664,2,20,4.0,6.0,SOFT,0
1233,9664,3,27,7.0,10.0,SOFT,0
1233,9664,2,44,4.0,6.0,SOFT,0
1233,9664,2,3,4.0,7.0,SOFT,0
1233,9664,2,18,4.0,7.0,SOFT,0
1233,9664,2,63,7.0,10.0,SOFT,0
1233,9664,2,1,4.0,7.0,SOFT,3
1233,9664,3,10,7.0,10.0,SOFT,0
1233,9664,3,31,7.0,10.0,SOFT,0
1233,9664,2,16,6.0,9.0,SOFT,0
1233,9664,3,22,7.0,9.0,SOFT,0
1233,9664,4,27,10.0,13.0,SOFT,0
1233,9664,4,31,10.0,13.0,SOFT,0
1233,9664,4,10,10.0,13.0,SOFT,0
1233,9664,3,18,7.0,10.0,SOFT,0
1233,9664,3,3,7.0,10.0,SOFT,0
1233,9664,2,14,4.0,7.0,SOFT,0
1233,9664,3,81,6.0,9.0,SOFT,0
1233,9664,4,23,9.0,12.0,SOFT,0
1233,9664,3,4,7.0,10.0,SOFT,0
1233,9664,3,77,7.0,10.0,SOFT,0
1233,9664,3,1,7.0,10.0,SOFT,0
1233,9664,3,16,9.0,12.0,SOFT,3
1233,9664,3,55,7.0,9.0,SOFT,0
1233,9664,3,11,8.0,11.0,SOFT,0
1233,9664,3,63,10.0,12.0,SOFT,0
1233,9664,4,63,12.0,15.0,SOFT,0
1233,9664,4,1,10.0,13.0,SOFT,0
1233,9664,5,10,13.0,15.0,SOFT,0
1233,9664,4,18,10.0,12.0,SOFT,0
1233,9664,3,14,7.0,10.0,SOFT,0
1233,9664,5,31,13.0,15.0,SOFT,0
1233,9664,5,27,13.0,16.0,SOFT,0
1233,9664,4,3,10.0,12.0,SOFT,0
1233,9664,4,55,9.0,12.0,SOFT,0
1233,9664,5,23,12.0,14.0,SOFT,0
1233,9664,4,16,12.0,15.0,SOFT,0
1233,9664,4,11,11.0,14.0,SOFT,0
1233,9664,4,77,10.0,13.0,SOFT,0
1233,9664,4,81,9.0,11.0,SOFT,0
1233,9664,6,27,16.0,19.0,SOFT,3
1233,9664,5,63,15.0,18.0,SOFT,2
1233,9664,5,1,13.0,16.0,SOFT,0
1233,9664,5,11,14.0,17.0,SOFT,0
1233,9664,4,14,10.0,13.0,SOFT,0
1233,9664,5,81,11.0,14.0,SOFT,0
1233,9664,5,55,12.0,15.0,SOFT,0
1233,9664,4,4,10.0,13.0,SOFT,0
1233,9664,5,16,15.0,18.0,SOFT,0
1233,9664,7,27,19.0,21.0,SOFT,0
1233,9664,6,63,18.0,20.0,SOFT,0
1233,9664,6,55,15.0,17.0,SOFT,0
1233,9664,6,16,18.0,20.0,SOFT,0
1233,9664,6,81,14.0,16.0,SOFT,0
1233,9664,5,77,13.0,15.0,SOFT,0
1233,9664,5,4,13.0,15.0,SOFT,0
1233,9664,6,1,16.0,18.0,SOFT,0
1233,9664,5,14,13.0,15.0,SOFT,0
1233,9664,6,11,17.0,19.0,SOFT,0
1233,9668,1,23,1.0,4.0,MEDIUM,0
1233,9668,1,2,1.0,4.0,MEDIUM,0
1233,9668,1,24,1.0,8.0,MEDIUM,0
1233,9668,1,77,1.0,8.0,MEDIUM,0
1233,9668,1,44,1.0,4.0,MEDIUM,0
1233,9668,1,63,1.0,4.0,MEDIUM,0
1233,9668,1,55,1.0,7.0,MEDIUM,0
1233,9668,1,16,1.0,7.0,MEDIUM,0
1233,9668,1,81,1.0,8.0,MEDIUM,0
1233,9668,1,31,1.0,6.0,MEDIUM,0
1233,9668,1,4,1.0,6.0,MEDIUM,0
1233,9668,1,10,1.0,6.0,MEDIUM,0
1233,9668,1,22,1.0,6.0,MEDIUM,0
1233,9668,1,14,1.0,7.0,MEDIUM,0
1233,9668,1,18,1.0,6.0,MEDIUM,0
1233,9668,1,1,1.0,5.0,MEDIUM,0
1233,9668,1,3,1.0,7.0,MEDIUM,0
1233,9668,1,11,1.0,5.0,MEDIUM,0
1233,9668,1,27,1.0,7.0,MEDIUM,0
1233,9668,1,20,1.0,7.0,MEDIUM,0
1233,9668,2,23,4.0,6.0,MEDIUM,3
1233,9668,2,2,4.0,6.0,MEDIUM,3
1233,9668,2,63,4.0,7.0,MEDIUM,3
1233,9668,2,44,4.0,7.0,MEDIUM,3
1233,9668,2,4,6.0,9.0,MEDIUM,0
1233,9668,2,81,8.0,11.0,MEDIUM,0
1233,9668,2,20,7.0,10.0,MEDIUM,0
1233,9668,2,18,6.0,8.0,MEDIUM,0
1233,9668,2,27,7.0,10.0,MEDIUM,0
1233,9668,2,55,7.0,11.0,MEDIUM,0
1233,9668,2,14,7.0,10.0,MEDIUM,0
1233,9668,2,16,7.0,11.0,MEDIUM,0
1233,9668,2,24,8.0,12.0,MEDIUM,0
1233,9668,2,3,7.0,9.0,MEDIUM,0
1233,9668,2,77,8.0,12.0,MEDIUM,0
1233,9668,3,63,7.0,10.0,MEDIUM,0
1233,9668,3,44,7.0,11.0,MEDIUM,0
1233,9668,2,1,5.0,8.0,MEDIUM,0
1233,9668,2,11,5.0,8.0,MEDIUM,0
1233,9668,3,20,10.0,10.0,MEDIUM,0
1233,9668,3,27,10.0,10.0,MEDIUM,3
1233,9668,3,81,11.0,15.0,INTERMEDIATE,0
1233,9668,3,16,11.0,12.0,INTERMEDIATE,0
1233,9668,3,55,11.0,15.0,INTERMEDIATE,0
1233,9668,3,1,8.0,12.0,INTERMEDIATE,0
1233,9668,3,4,9.0,13.0,INTERMEDIATE,0
1233,9668,3,11,8.0,12.0,INTERMEDIATE,0
1233,9668,3,14,10.0,14.0,INTERMEDIATE,0
1233,9668,3,24,12.0,16.0,INTERMEDIATE,0
1233,9668,3,77,12.0,16.0,INTERMEDIATE,0
1233,9668,4,44,11.0,12.0,INTERMEDIATE,0
1233,9668,4,16,12.0,15.0,INTERMEDIATE,0
1233,9668,5,44,12.0,15.0,INTERMEDIATE,0
1233,9672,1,18,1.0,19.0,MEDIUM,3
1233,9672,1,31,1.0,19.0,MEDIUM,0
1233,9672,1,11,1.0,19.0,MEDIUM,3
1233,9672,1,1,1.0,19.0,MEDIUM,3
1233,9672,1,14,1.0,16.0,MEDIUM,3
1233,9672,1,16,1.0,19.0,MEDIUM,4
1233,9672,1,2,1.0,19.0,MEDIUM,6
1233,9672,1,20,1.0,19.0,MEDIUM,4
1233,9672,1,22,1.0,19.0,MEDIUM,0
1233,9672,1,44,1.0,19.0,MEDIUM,0
1233,9672,1,55,1.0,19.0,MEDIUM,0
1233,9672,1,77,1.0,19.0,MEDIUM,4
1233,9672,1,4,1.0,19.0,MEDIUM,0
1233,9672,1,24,1.0,19.0,MEDIUM,4
1233,9672,1,10,1.0,19.0,MEDIUM,0
1233,9672,1,81,1.0,19.0,MEDIUM,3
1233,9672,1,23,1.0,19.0,MEDIUM,6
1233,9672,1,27,1.0,19.0,MEDIUM,4
1233,9672,1,3,1.0,19.0,MEDIUM,3
1233,9672,1,63,1.0,19.0,SOFT,0
1233,9672,2,14,17.0,17.0,MEDIUM,6
1233,9673,1,24,1.0,8.0,MEDIUM,0
1233,9673,1,44,1.0,9.0,SOFT,0
1233,9673,1,77,1.0,9.0,MEDIUM,0
1233,9673,1,3,1.0,14.0,MEDIUM,0
1233,9673,1,10,1.0,11.0,MEDIUM,0
1233,9673,1,1,1.0,13.0,MEDIUM,0
1233,9673,1,81,1.0,16.0,MEDIUM,0
1233,9673,1,16,1.0,21.0,MEDIUM,0
1233,9673,1,63,1.0,11.0,MEDIUM,0
1233,9673,1,14,1.0,11.0,MEDIUM,0
1233,9673,1,11,1.0,13.0,MEDIUM,0
1233,9673,1,18,1.0,9.0,SOFT,0
1233,9673,1,4,1.0,22.0,MEDIUM,0
1233,9673,1,31,1.0,9.0,MEDIUM,0
1233,9673,1,22,1.0,8.0,SOFT,0
1233,9673,1,55,1.0,17.0,MEDIUM,0
1233,9673,1,23,1.0,9.0,MEDIUM,0
1233,9673,1,20,1.0,17.0,HARD,0
1233,9673,1,27,1.0,8.0,MEDIUM,0
1233,9673,1,2,1.0,12.0,SOFT,0
1233,9673,2,27,9.0,23.0,HARD,0
1233,9673,2,22,9.0,23.0,MEDIUM,0
1233,9673,2,24,9.0,23.0,HARD,0
1233,9673,2,18,10.0,21.0,MEDIUM,0
1233,9673,2,23,10.0,23.0,MEDIUM,0
1233,9673,2,77,10.0,19.0,HARD,0
1233,9673,2,31,10.0,23.0,HARD,0
1233,9673,2,44,10.0,21.0,MEDIUM,0
1233,9673,2,63,12.0,23.0,MEDIUM,0
1233,9673,2,14,12.0,23.0,HARD,0
1233,9673,2,10,12.0,23.0,HARD,0
1233,9673,2,2,13.0,24.0,MEDIUM,0
1233,9673,2,1,14.0,23.0,HARD,0
1233,9673,2,11,14.0,23.0,HARD,0
1233,9673,2,3,15.0,33.0,MEDIUM,0
1233,9673,2,81,17.0,24.0,MEDIUM,1
1233,9673,2,55,18.0,56.0,HARD,0
1233,9673,2,20,18.0,27.0,HARD,0
1233,9673,2,16,22.0,56.0,HARD,0
1233,9673,3,18,22.0,26.0,HARD,0
1233,9673,3,44,22.0,56.0,HARD,0
1233,9673,2,4,23.0,56.0,HARD,0
1233,9673,3,1,24.0,56.0,HARD,0
1233,9673,3,11,24.0,56.0,HARD,0
1233,9673,3,14,24.0,43.0,SOFT,0
1233,9673,3,63,24.0,56.0,HARD,0
1233,9673,3,27,24.0,56.0,HARD,0
1233,9673,3,31,24.0,56.0,HARD,0
1233,9673,3,22,24.0,26.0,HARD,0
1233,9673,3,23,24.0,56.0,HARD,0
1233,9673,3,24,24.0,40.0,HARD,0
1233,9673,3,10,24.0,38.0,HARD,0
1233,9673,3,81,25.0,56.0,HARD,0
1233,9673,3,2,25.0,56.0,HARD,0
1233,9673,4,18,27.0,35.0,MEDIUM,0
1233,9673,3,20,28.0,56.0,MEDIUM,0
1233,9673,5,18,36.0,56.0,HARD,0
1233,9673,4,10,39.0,56.0,MEDIUM,0
1233,9673,4,24,41.0,56.0,SOFT,0
1233,9673,4,14,44.0,56.0,MEDIUM,0
1256,10002,1,31,1.0,4.0,SOFT,0
1256,10002,1,87,1.0,4.0,SOFT,0
1256,10002,1,7,1.0,4.0,SOFT,0
1256,10002,1,55,1.0,7.0,SOFT,0
1256,10002,1,27,1.0,4.0,SOFT,0
1256,10002,1,5,1.0,4.0,SOFT,0
1256,10002,1,16,1.0,4.0,SOFT,0
1256,10002,1,44,1.0,4.0,MEDIUM,0
1256,10002,1,4,1.0,7.0,SOFT,0
1256,10002,1,23,1.0,4.0,SOFT,0
1256,10002,1,22,1.0,4.0,SOFT,0
1256,10002,1,1,1.0,4.0,SOFT,0
1256,10002,1,81,1.0,4.0,SOFT,0
1256,10002,1,18,1.0,4.0,SOFT,0
1256,10002,1,14,1.0,4.0,SOFT,0
1256,10002,1,63,1.0,4.0,SOFT,0
1256,10002,1,12,1.0,4.0,SOFT,0
1256,10002,1,10,1.0,4.0,SOFT,0
1256,10002,1,6,1.0,4.0,SOFT,0
1256,10002,1,30,1.0,4.0,SOFT,0
1256,10002,2,27,4.0,7.0,SOFT,0
1256,10002,2,5,4.0,7.0,SOFT,0
1256,10002,2,7,4.0,7.0,SOFT,0
1256,10002,2,16,4.0,7.0,SOFT,3
1256,10002,2,31,4.0,7.0,SOFT,0
1256,10002,2,87,4.0,7.0,SOFT,0
1256,10002,2,44,4.0,10.0,SOFT,0
1256,10002,2,23,4.0,7.0,SOFT,0
1256,10002,2,1,4.0,7.0,SOFT,3
1256,10002,2,81,4.0,7.0,SOFT,3
1256,10002,2,22,4.0,7.0,SOFT,0
1256,10002,2,63,4.0,7.0,SOFT,0
1256,10002,2,12,4.0,7.0,SOFT,0
1256,10002,2,18,4.0,5.0,SOFT,0
1256,10002,2,14,4.0,7.0,SOFT,0
1256,10002,2,55,7.0,10.0,SOFT,0
1256,10002,2,10,4.0,7.0,SOFT,0
1256,10002,3,7,7.0,9.0,SOFT,0
1256,10002,2,6,4.0,7.0,SOFT,0
1256,10002,3,31,7.0,9.0,SOFT,0
1256,10002,3,27,7.0,9.0,SOFT,0
1256,10002,3,5,7.0,9.0,SOFT,0
1256,10002,3,87,7.0,10.0,SOFT,0
1256,10002,2,30,4.0,7.0,SOFT,0
1256,10002,3,1,7.0,10.0,SOFT,0
1256,10002,4,87,10.0,13.0,SOFT,3
1256,10002,3,10,7.0,10.0,SOFT,0
1256,10002,3,22,7.0,10.0,SOFT,0
1256,10002,3,16,7.0,10.0,SOFT,6
1256,10002,3,44,10.0,13.0,SOFT,6
1256,10002,2,4,7.0,10.0,SOFT,0
1256,10002,3,30,7.0,10.0,SOFT,0
1256,10002,3,14,7.0,10.0,SOFT,0
1256,10002,3,6,7.0,10.0,SOFT,0
1256,10002,3,81,7.0,10.0,SOFT,0
1256,10002,3,63,7.0,10.0,SOFT,0
1256,10002,3,12,7.0,10.0,SOFT,0
1256,10002,3,55,10.0,13.0,SOFT,0
1256,10002,3,23,7.0,10.0,SOFT,0
1256,10002,4,44,13.0,16.0,SOFT,0
1256,10002,4,16,10.0,13.0,SOFT,0
1256,10002,4,23,10.0,12.0,SOFT,0
1256,10002,4,22,10.0,12.0,SOFT,0
1256,10002,4,12,10.0,13.0,SOFT,0
1256,10002,4,63,10.0,12.0,SOFT,3
1256,10002,4,6,10.0,13.0,SOFT,0
1256,10002,4,30,10.0,12.0,SOFT,0
1256,10002,4,14,10.0,12.0,SOFT,0
1256,10002,5,87,13.0,16.0,SOFT,0
1256,10002,4,10,10.0,12.0,SOFT,0
1256,10002,4,1,10.0,12.0,SOFT,3
1256,10002,4,81,10.0,13.0,SOFT,3
1256,10002,4,55,13.0,15.0,SOFT,0
1256,10002,5,23,12.0,15.0,SOFT,0
1256,10002,5,16,13.0,16.0,SOFT,3
1256,10002,5,44,16.0,18.0,SOFT,3
1256,10002,6,87,16.0,19.0,SOFT,3
1256,10002,5,12,13.0,16.0,SOFT,3
1256,10002,5,63,12.0,15.0,SOFT,0
1256,10002,5,6,13.0,16.0,SOFT,3
1256,10002,5,1,12.0,15.0,SOFT,0
1256,10002,5,81,13.0,16.0,SOFT,0
1256,10002,3,4,10.0,13.0,SOFT,0
1256,10002,6,44,18.0,21.0,SOFT,0
1256,10002,6,23,15.0,18.0,SOFT,3
1256,10002,6,16,16.0,19.0,SOFT,0
1256,10002,7,87,19.0,21.0,SOFT,0
1256,10002,6,12,16.0,18.0,SOFT,0
1256,10002,6,63,15.0,17.0,SOFT,0
1256,10002,6,6,16.0,18.0,SOFT,0
1256,10002,4,4,13.0,15.0,SOFT,0
1256,10002,7,44,21.0,23.0,SOFT,0
1256,10002,7,23,18.0,20.0,SOFT,0
1256,10002,7,16,19.0,21.0,SOFT,0
1256,10002,6,1,15.0,17.0,SOFT,0
1256,10002,6,81,16.0,18.0,SOFT,0
1256,10006,1,12,1.0,31.0,MEDIUM,0
1256,10006,1,63,1.0,19.0,MEDIUM,0
1256,10006,1,7,1.0,15.0,SOFT,0
1256,10006,1,18,1.0,9.0,SOFT,0
1256,10006,1,14,1.0,24.0,MEDIUM,1
1256,10006,1,23,1.0,24.0,MEDIUM,0
1256,10006,1,4,1.0,21.0,MEDIUM,0
1256,10006,1,55,1.0,33.0,MEDIUM,0
1256,10006,1,44,1.0,30.0,HARD,0
1256,10006,1,10,1.0,24.0,MEDIUM,0
1256,10006,1,30,1.0,33.0,MEDIUM,0
1256,10006,1,81,1.0,20.0,MEDIUM,0
1256,10006,1,5,1.0,31.0,HARD,0
1256,10006,1,31,1.0,32.0,HARD,1
1256,10006,1,6,1.0,25.0,MEDIUM,0
1256,10006,1,1,1.0,21.0,MEDIUM,0
1256,10006,1,16,1.0,21.0,MEDIUM,0
1256,10006,1,87,1.0,23.0,MEDIUM,0
1256,10006,1,27,1.0,22.0,MEDIUM,0
1256,10006,1,22,1.0,23.0,MEDIUM,0
1256,10006,2,18,10.0,30.0,HARD,1
1256,10006,2,7,16.0,53.0,HARD,0
1256,10006,2,63,20.0,53.0,HARD,0
1256,10006,2,81,21.0,53.0,HARD,0
1256,10006,2,1,22.0,53.0,HARD,0
1256,10006,2,4,22.0,53.0,HARD,0
1256,10006,2,16,22.0,53.0,HARD,0
1256,10006,2,27,23.0,53.0,HARD,0
1256,10006,2,87,24.0,53.0,HARD,1
1256,10006,2,22,24.0,53.0,HARD,0
1256,10006,2,23,25.0,53.0,HARD,0
1256,10006,2,14,25.0,53.0,HARD,1
1256,10006,2,10,25.0,53.0,HARD,0
1256,10006,2,6,26.0,53.0,HARD,0
1256,10006,2,44,31.0,53.0,MEDIUM,0
1256,10006,3,18,31.0,52.0,MEDIUM,0
1256,10006,2,12,32.0,53.0,HARD,0
1256,10006,2,5,32.0,53.0,MEDIUM,0
1256,10006,2,31,33.0,53.0,MEDIUM,0
1256,10006,2,55,34.0,53.0,SOFT,0
1256,10006,2,30,34.0,53.0,SOFT,0
1257,10010,1,18,1.0,4.0,SOFT,0
1257,10010,1,27,1.0,4.0,SOFT,0
1257,10010,1,14,1.0,4.0,SOFT,0
1257,10010,1,1,1.0,3.0,SOFT,0
1257,10010,1,22,1.0,4.0,SOFT,0
1257,10010,1,10,1.0,4.0,SOFT,0
1257,10010,1,7,1.0,4.0,SOFT,0
1257,10010,1,87,1.0,4.0,SOFT,0
1257,10010,1,30,1.0,4.0,SOFT,0
1257,10010,1,6,1.0,4.0,SOFT,0
1257,10010,1,55,1.0,4.0,SOFT,0
1257,10010,1,23,1.0,4.0,SOFT,0
1257,10010,1,44,1.0,4.0,SOFT,0
1257,10010,1,16,1.0,4.0,SOFT,0
1257,10010,1,5,1.0,4.0,SOFT,0
1257,10010,1,81,1.0,4.0,SOFT,0
1257,10010,1,4,1.0,4.0,SOFT,0
1257,10010,2,18,4.0,7.0,SOFT,0
1257,10010,1,12,1.0,4.0,SOFT,0
1257,10010,1,63,1.0,4.0,SOFT,0
1257,10010,2,14,4.0,7.0,SOFT,0
1257,10010,1,31,1.0,4.0,SOFT,0
1257,10010,2,27,4.0,7.0,SOFT,0
1257,10010,2,12,4.0,7.0,SOFT,0
1257,10010,2,5,4.0,6.0,SOFT,0
1257,10010,2,87,4.0,6.0,SOFT,0
1257,10010,3,18,7.0,9.0,SOFT,0
1257,10010,2,6,4.0,7.0,SOFT,0
1257,10010,2,55,4.0,7.0,SOFT,0
1257,10010,2,10,4.0,7.0,SOFT,0
1257,10010,2,7,4.0,7.0,SOFT,0
1257,10010,2,30,4.0,6.0,SOFT,0
1257,10010,2,44,4.0,7.0,SOFT,0
1257,10010,2,81,4.0,6.0,SOFT,3
1257,10010,2,1,3.0,6.0,SOFT,0
1257,10010,2,22,4.0,7.0,SOFT,0
1257,10010,2,4,4.0,6.0,SOFT,0
1257,10010,2,63,4.0,7.0,SOFT,0
1257,10010,2,31,4.0,7.0,SOFT,0
1257,10010,3,14,7.0,10.0,SOFT,0
1257,10010,2,23,4.0,6.0,SOFT,0
1257,10010,3,27,7.0,10.0,SOFT,0
1257,10010,3,22,7.0,9.0,SOFT,0
1257,10010,3,12,7.0,9.0,SOFT,3
1257,10010,3,31,7.0,8.0,SOFT,0
1257,10010,4,27,10.0,12.0,SOFT,3
1257,10010,3,63,7.0,9.0,SOFT,3
1257,10010,3,44,7.0,8.0,SOFT,3
1257,10010,3,55,7.0,8.0,SOFT,0
1257,10010,3,10,7.0,8.0,SOFT,0
1257,10010,3,7,7.0,8.0,SOFT,0
1257,10010,3,6,7.0,8.0,SOFT,0
1257,10010,2,16,4.0,5.0,SOFT,3
1257,10010,3,1,6.0,7.0,SOFT,3
1257,10010,3,4,6.0,7.0,SOFT,0
1257,10010,4,14,10.0,11.0,SOFT,3
1257,10010,3,81,6.0,7.0,SOFT,0
1257,10010,4,12,9.0,12.0,SOFT,0
1257,10010,4,63,9.0,12.0,SOFT,0
1257,10010,4,55,8.0,11.0,SOFT,1
1257,10010,5,27,12.0,15.0,SOFT,3
1257,10010,4,6,8.0,10.0,SOFT,0
1257,10010,4,10,8.0,11.0,SOFT,1
1257,10010,4,4,7.0,10.0,SOFT,0
1257,10010,4,81,7.0,10.0,SOFT,0
1257,10010,4,1,7.0,9.0,SOFT,4
1257,10010,4,44,8.0,10.0,SOFT,4
1257,10010,5,14,11.0,13.0,SOFT,3
1257,10010,3,16,5.0,8.0,SOFT,0
1257,10010,4,7,8.0,11.0,SOFT,1
1257,10010,5,12,12.0,15.0,SOFT,0
1257,10010,5,63,12.0,15.0,SOFT,0
1257,10010,4,22,9.0,12.0,SOFT,0
1257,10010,5,44,10.0,13.0,SOFT,0
1257,10010,5,6,10.0,12.0,SOFT,0
1257,10010,5,10,11.0,14.0,SOFT,0
1257,10010,5,1,9.0,12.0,SOFT,0
1257,10010,6,14,13.0,15.0,SOFT,3
1257,10010,5,55,11.0,14.0,SOFT,0
1257,10010,6,27,15.0,17.0,SOFT,3
1257,10010,5,7,11.0,13.0,SOFT,0
1257,10010,4,16,8.0,11.0,SOFT,0
1257,10010,5,4,10.0,13.0,SOFT,3
1257,10010,5,22,12.0,15.0,SOFT,0
1257,10010,6,1,12.0,15.0,SOFT,2
1257,10010,6,12,15.0,18.0,SOFT,0
1257,10010,6,55,14.0,17.0,SOFT,3
1257,10010,6,63,15.0,18.0,SOFT,0
1257,10010,6,10,14.0,17.0,SOFT,3
1257,10010,6,44,13.0,16.0,SOFT,3
1257,10010,5,16,11.0,14.0,SOFT,3
1257,10010,5,81,10.0,13.0,SOFT,1
1257,10010,6,4,13.0,16.0,SOFT,1
1257,10010,6,22,15.0,17.0,SOFT,0
1257,10010,7,12,18.0,20.0,SOFT,0
1257,10010,7,63,18.0,20.0,SOFT,0
1257,10010,7,44,16.0,18.0,SOFT,0
1257,10010,6,16,14.0,16.0,SOFT,0
1257,10010,7,10,17.0,19.0,SOFT,0
1257,10010,7,1,15.0,17.0,SOFT,0
1257,10010,6,81,13.0,15.0,SOFT,0
1257,10010,7,4,16.0,18.0,SOFT,0
1257,10010,7,55,17.0,19.0,SOFT,0
1257,10014,1,18,1.0,12.0,SOFT,0
1257,10014,1,4,1.0,10.0,SOFT,3
1257,10014,1,55,1.0,14.0,SOFT,3
1257,10014,1,44,1.0,17.0,MEDIUM,0
1257,10014,1,30,1.0,14.0,MEDIUM,0
1257,10014,1,5,1.0,13.0,MEDIUM,0
1257,10014,1,14,1.0,16.0,MEDIUM,0
1257,10014,1,10,1.0,10.0,SOFT,3
1257,10014,1,81,1.0,14.0,SOFT,3
1257,10014,1,16,1.0,17.0,MEDIUM,0
1257,10014,1,22,1.0,11.0,SOFT,3
1257,10014,1,87,1.0,14.0,SOFT,0
1257,10014,1,31,1.0,8.0,SOFT,0
1257,10014,1,6,1.0,6.0,SOFT,0
1257,10014,1,12,1.0,12.0,SOFT,3
1257,10014,1,63,1.0,13.0,SOFT,3
1257,10014,1,7,1.0,9.0,SOFT,0
1257,10014,1,27,1.0,5.0,SOFT,0
1257,10014,1,23,1.0,16.0,SOFT,0
1257,10014,1,1,1.0,10.0,SOFT,3
1257,10014,2,27,6.0,27.0,MEDIUM,0
1257,10014,2,6,7.0,28.0,MEDIUM,0
1257,10014,2,31,9.0,27.0,MEDIUM,0
1257,10014,2,7,10.0,28.0,MEDIUM,0
1257,10014,2,4,11.0,32.0,MEDIUM,0
1257,10014,2,1,11.0,26.0,HARD,0
1257,10014,2,10,11.0,28.0,MEDIUM,0
1257,10014,2,22,12.0,32.0,MEDIUM,0
1257,10014,2,12,13.0,27.0,MEDIUM,0
1257,10014,2,18,13.0,32.0,MEDIUM,0
1257,10014,2,63,14.0,32.0,MEDIUM,0
1257,10014,2,5,14.0,32.0,HARD,0
1257,10014,2,81,15.0,32.0,MEDIUM,0
1257,10014,2,55,15.0,32.0,MEDIUM,0
1257,10014,2,87,15.0,32.0,HARD,0
1257,10014,2,30,15.0,32.0,HARD,0
1257,10014,2,23,17.0,32.0,HARD,0
1257,10014,2,14,17.0,32.0,MEDIUM,0
1257,10014,2,16,18.0,32.0,MEDIUM,0
1257,10014,2,44,18.0,32.0,MEDIUM,0
1257,10014,3,1,27.0,57.0,MEDIUM,0
1257,10014,3,12,28.0,32.0,SOFT,3
1257,10014,3,31,28.0,57.0,HARD,0
1257,10014,3,27,28.0,57.0,MEDIUM,0
1257,10014,3,10,29.0,57.0,HARD,0
1257,10014,3,7,29.0,57.0,HARD,0
1257,10014,3,6,29.0,57.0,HARD,0
1257,10014,3,81,33.0,57.0,MEDIUM,0
1257,10014,3,63,33.0,57.0,SOFT,3
1257,10014,3,16,33.0,57.0,HARD,0
1257,10014,3,4,33.0,57.0,MEDIUM,0
1257,10014,3,44,33.0,57.0,HARD,0
1257,10014,3,55,33.0,44.0,HARD,0
1257,10014,3,22,33.0,57.0,SOFT,0
1257,10014,3,87,33.0,57.0,SOFT,0
1257,10014,4,12,33.0,57.0,SOFT,3
1257,10014,3,23,33.0,57.0,MEDIUM,0
1257,10014,3,14,33.0,57.0,HARD,0
1257,10014,3,30,33.0,57.0,SOFT,0
1257,10014,3,18,33.0,57.0,HARD,0
1257,10014,3,5,33.0,57.0,MEDIUM,0
1257,10014,4,55,45.0,45.0,SOFT,3
1258,10018,1,5,1.0,4.0,SOFT,0
1258,10018,1,31,1.0,4.0,SOFT,0
1258,10018,1,87,1.0,4.0,SOFT,0
1258,10018,1,14,1.0,4.0,SOFT,0
1258,10018,1,27,1.0,4.0,SOFT,0
1258,10018,1,18,1.0,4.0,SOFT,0
1258,10018,2,5,4.0,4.0,SOFT,0
1258,10018,1,44,1.0,4.0,SOFT,0
1258,10018,1,16,1.0,4.0,SOFT,0
1258,10018,1,23,1.0,6.0,SOFT,0
1258,10018,1,81,1.0,4.0,SOFT,0
1258,10018,1,12,1.0,4.0,SOFT,0
1258,10018,1,7,1.0,7.0,SOFT,0
1258,10018,1,6,1.0,4.0,SOFT,0
1258,10018,1,1,1.0,4.0,SOFT,0
1258,10018,1,55,1.0,7.0,SOFT,0
1258,10018,1,30,1.0,4.0,SOFT,0
1258,10018,2,31,4.0,7.0,SOFT,3
1258,10018,1,22,1.0,4.0,SOFT,0
1258,10018,2,87,4.0,7.0,SOFT,0
1258,10018,1,10,1.0,7.0,SOFT,0
1258,10018,2,14,4.0,7.0,SOFT,0
1258,10018,2,18,4.0,7.0,SOFT,0
1258,10018,2,27,4.0,7.0,SOFT,3
1258,10018,3,5,5.0,7.0,SOFT,0
1258,10018,2,44,4.0,7.0,SOFT,0
1258,10018,2,16,4.0,7.0,SOFT,3
1258,10018,1,63,1.0,4.0,SOFT,0
1258,10018,2,7,7.0,9.0,SOFT,0
1258,10018,3,27,7.0,8.0,SOFT,0
1258,10018,4,5,7.0,8.0,SOFT,0
1258,10018,3,31,7.0,9.0,SOFT,0
1258,10018,3,18,7.0,9.0,SOFT,0
1258,10018,2,23,6.0,9.0,SOFT,0
1258,10018,3,87,7.0,10.0,SOFT,0
1258,10018,2,10,7.0,10.0,SOFT,0
1258,10018,2,6,4.0,7.0,SOFT,0
1258,10018,2,55,7.0,10.0,SOFT,0
1258,10018,2,81,4.0,7.0,SOFT,3
1258,10018,3,14,7.0,9.0,SOFT,0
1258,10018,2,12,4.0,7.0,SOFT,0
1258,10018,2,63,4.0,6.0,SOFT,3
1258,10018,2,1,4.0,7.0,SOFT,3
1258,10018,2,30,4.0,7.0,SOFT,0
1258,10018,3,16,7.0,9.0,SOFT,0
1258,10018,3,44,7.0,10.0,SOFT,0
1258,10018,2,22,4.0,7.0,SOFT,0
1258,10018,1,4,1.0,7.0,SOFT,0
1258,10018,3,23,9.0,12.0,SOFT,0
1258,10018,3,63,6.0,9.0,SOFT,5
1258,10018,3,12,7.0,10.0,SOFT,0
1258,10018,3,81,7.0,10.0,SOFT,0
1258,10018,3,55,10.0,13.0,SOFT,3
1258,10018,4,87,10.0,13.0,SOFT,3
1258,10018,3,6,7.0,10.0,SOFT,3
1258,10018,4,23,12.0,14.0,SOFT,0
1258,10018,3,30,7.0,9.0,SOFT,3
1258,10018,4,16,9.0,12.0,SOFT,2
1258,10018,4,44,10.0,13.0,SOFT,3
1258,10018,3,10,10.0,13.0,SOFT,0
1258,10018,4,14,9.0,12.0,SOFT,3
1258,10018,3,22,7.0,10.0,SOFT,3
1258,10018,3,1,7.0,10.0,SOFT,0
1258,10018,5,87,13.0,15.0,SOFT,0
1258,10018,4,6,10.0,12.0,SOFT,0
1258,10018,4,30,9.0,11.0,SOFT,0
1258,10018,5,14,12.0,14.0,SOFT,2
1258,10018,4,81,10.0,13.0,SOFT,3
1258,10018,4,63,9.0,12.0,SOFT,0
1258,10018,4,12,10.0,13.0,SOFT,0
1258,10018,4,55,13.0,16.0,SOFT,0
1258,10018,5,16,12.0,15.0,SOFT,0
1258,10018,2,4,7.0,10.0,SOFT,0
1258,10018,5,44,13.0,16.0,SOFT,0
1258,10018,4,10,13.0,16.0,SOFT,0
1258,10018,4,1,10.0,13.0,SOFT,3
1258,10018,4,22,10.0,13.0,SOFT,0
1258,10018,3,4,10.0,11.0,SOFT,0
1258,10018,5,55,16.0,18.0,SOFT,3
1258,10018,5,10,16.0,18.0,SOFT,3
1258,10018,5,1,13.0,14.0,SOFT,0
1258,10018,5,63,12.0,14.0,SOFT,0
1258,10018,5,12,13.0,15.0,SOFT,3
1258,10018,5,22,13.0,14.0,SOFT,3
1258,10018,6,16,15.0,17.0,SOFT,3
1258,10018,6,44,16.0,18.0,SOFT,3
1258,10018,6,10,18.0,20.0,SOFT,0
1258,10018,5,81,13.0,16.0,SOFT,0
1258,10018,6,1,14.0,17.0,SOFT,1
1258,10018,6,55,18.0,21.0,SOFT,0
1258,10018,6,63,14.0,16.0,SOFT,0
1258,10018,6,12,15.0,17.0,SOFT,0
1258,10018,6,22,14.0,16.0,SOFT,0
1258,10018,7,16,17.0,19.0,SOFT,0
1258,10018,7,44,18.0,20.0,SOFT,0
1258,10018,7,10,20.0,22.0,SOFT,0
1258,10018,7,1,17.0,19.0,SOFT,0
1258,10018,6,81,16.0,18.0,SOFT,0
1258,10018,7,55,21.0,23.0,SOFT,0
1258,10022,1,7,1.0,1.0,MEDIUM,0
1258,10022,1,31,1.0,1.0,MEDIUM,0
1258,10022,1,5,1.0,1.0,MEDIUM,0
1258,10022,1,22,1.0,1.0,MEDIUM,0
1258,10022,1,87,1.0,18.0,MEDIUM,0
1258,10022,1,81,1.0,19.0,MEDIUM,0
1258,10022,1,12,1.0,19.0,MEDIUM,0
1258,10022,1,14,1.0,19.0,MEDIUM,1
1258,10022,1,63,1.0,20.0,MEDIUM,0
1258,10022,1,30,1.0,20.0,MEDIUM,0
1258,10022,1,1,1.0,21.0,MEDIUM,0
1258,10022,1,55,1.0,21.0,MEDIUM,0
1258,10022,1,23,1.0,22.0,MEDIUM,0
1258,10022,1,44,1.0,23.0,MEDIUM,0
1258,10022,1,16,1.0,29.0,MEDIUM,0
1258,10022,2,7,2.0,32.0,HARD,0
1258,10022,1,27,1.0,33.0,HARD,0
1258,10022,1,4,1.0,34.0,HARD,0
1258,10022,1,6,1.0,34.0,HARD,0
1258,10022,1,18,1.0,39.0,HARD,1
1258,10022,2,81,20.0,50.0,HARD,0
1258,10022,2,1,22.0,50.0,HARD,0
1258,10022,2,27,34.0,49.0,MEDIUM,0
1258,10022,2,18,40.0,49.0,MEDIUM,1
1258,10022,2,16,30.0,50.0,HARD,0
1258,10022,2,4,35.0,50.0,MEDIUM,0
1258,10022,3,7,33.0,49.0,HARD,0
1258,10022,2,5,2.0,49.0,HARD,0
1258,10022,2,63,21.0,50.0,HARD,0
1258,10022,2,12,20.0,50.0,HARD,0
1258,10022,2,44,24.0,50.0,HARD,0
1258,10022,2,55,22.0,50.0,HARD,0
1258,10022,2,23,23.0,50.0,HARD,0
1258,10022,2,6,35.0,50.0,MEDIUM,0
1258,10022,2,30,21.0,50.0,HARD,1
1258,10022,2,14,20.0,50.0,HARD,1
1258,10022,2,87,19.0,50.0,HARD,0
1258,10022,2,31,2.0,50.0,HARD,0
1259,10024,1,5,1.0,3.0,MEDIUM,0
1259,10024,1,27,1.0,3.0,MEDIUM,0
1259,10024,1,22,1.0,3.0,MEDIUM,0
1259,10024,1,1,1.0,3.0,MEDIUM,0
1259,10024,1,55,1.0,3.0,MEDIUM,0
1259,10024,1,6,1.0,3.0,MEDIUM,0
1259,10024,1,23,1.0,3.0,MEDIUM,0
1259,10024,1,10,1.0,3.0,MEDIUM,0
1259,10024,1,30,1.0,3.0,MEDIUM,0
1259,10024,1,7,1.0,3.0,MEDIUM,0
1259,10024,1,18,1.0,3.0,MEDIUM,0
1259,10024,1,14,1.0,3.0,MEDIUM,0
1259,10024,1,44,1.0,6.0,MEDIUM,0
1259,10024,1,16,1.0,7.0,MEDIUM,0
1259,10024,1,87,1.0,3.0,MEDIUM,0
1259,10024,1,31,1.0,3.0,MEDIUM,0
1259,10024,1,4,1.0,3.0,MEDIUM,0
1259,10024,1,81,1.0,6.0,MEDIUM,0
1259,10024,1,12,1.0,6.0,MEDIUM,0
1259,10024,1,63,1.0,6.0,MEDIUM,0
1259,10024,2,4,4.0,5.0,MEDIUM,0
1259,10024,2,18,4.0,6.0,MEDIUM,3
1259,10024,2,5,4.0,6.0,MEDIUM,3
1259,10024,2,27,4.0,6.0,MEDIUM,3
1259,10024,2,6,4.0,6.0,MEDIUM,3
1259,10024,2,14,4.0,6.0,MEDIUM,3
1259,10024,2,55,4.0,6.0,MEDIUM,0
1259,10024,2,23,4.0,6.0,MEDIUM,3
1259,10024,2,30,4.0,5.0,MEDIUM,3
1259,10024,2,10,4.0,6.0,MEDIUM,3
1259,10024,2,31,4.0,6.0,MEDIUM,3
1259,10024,2,1,4.0,4.0,MEDIUM,3
1259,10024,2,22,4.0,5.0,MEDIUM,3
1259,10024,2,7,4.0,5.0,MEDIUM,3
1259,10024,2,87,4.0,5.0,MEDIUM,3
1259,10024,3,14,7.0,7.0,MEDIUM,0
1259,10024,3,1,5.0,10.0,MEDIUM,0
1259,10024,2,12,7.0,9.0,MEDIUM,0
1259,10024,2,63,7.0,9.0,MEDIUM,0
1259,10024,3,23,7.0,9.0,MEDIUM,0
1259,10024,2,44,7.0,9.0,MEDIUM,0
1259,10024,3,4,6.0,11.0,MEDIUM,0
1259,10024,2,81,7.0,9.0,MEDIUM,0
1259,10024,2,16,8.0,13.0,MEDIUM,0
1259,10024,3,10,7.0,9.0,MEDIUM,0
1259,10024,3,63,10.0,12.0,MEDIUM,0
1259,10024,3,27,7.0,9.0,MEDIUM,0
1259,10024,3,31,7.0,9.0,MEDIUM,0
1259,10024,3,6,7.0,9.0,MEDIUM,0
1259,10024,4,14,8.0,10.0,MEDIUM,1
1259,10024,3,55,7.0,8.0,MEDIUM,0
1259,10024,3,12,10.0,12.0,MEDIUM,3
1259,10024,3,30,6.0,8.0,MEDIUM,0
1259,10024,3,44,10.0,12.0,MEDIUM,3
1259,10024,4,23,10.0,12.0,MEDIUM,3
1259,10024,4,1,11.0,16.0,SOFT,0
1259,10024,4,63,13.0,15.0,SOFT,0
1259,10024,5,23,13.0,15.0,SOFT,0
1259,10024,5,14,11.0,13.0,SOFT,1
1259,10024,4,44,13.0,15.0,SOFT,0
1259,10024,4,12,13.0,15.0,SOFT,0
1259,10024,4,4,12.0,14.0,SOFT,0
1259,10024,3,81,10.0,12.0,SOFT,0
1259,10024,3,16,14.0,16.0,SOFT,0
1259,10024,4,6,10.0,12.0,SOFT,0
1259,10028,1,44,1.0,1.0,INTERMEDIATE,0
1259,10028,1,55,1.0,1.0,INTERMEDIATE,0
1259,10028,1,6,1.0,1.0,INTERMEDIATE,0
1259,10028,1,30,1.0,1.0,INTERMEDIATE,0
1259,10028,1,10,1.0,1.0,INTERMEDIATE,0
1259,10028,1,81,1.0,1.0,INTERMEDIATE,0
1259,10028,1,23,1.0,1.0,INTERMEDIATE,0
1259,10028,1,14,1.0,1.0,INTERMEDIATE,0
1259,10028,1,1,1.0,1.0,INTERMEDIATE,0
1259,10028,1,7,1.0,1.0,INTERMEDIATE,0
1259,10028,1,5,1.0,1.0,INTERMEDIATE,0
1259,10028,1,27,1.0,1.0,INTERMEDIATE,0
1259,10028,1,18,1.0,1.0,INTERMEDIATE,0
1259,10028,1,4,1.0,1.0,INTERMEDIATE,0
1259,10028,1,12,1.0,1.0,INTERMEDIATE,0
1259,10028,1,87,1.0,1.0,INTERMEDIATE,0
1259,10028,1,63,1.0,1.0,INTERMEDIATE,0
1259,10028,1,31,1.0,1.0,INTERMEDIATE,0
1259,10028,1,22,1.0,1.0,INTERMEDIATE,0
1259,10028,2,12,2.0,13.0,INTERMEDIATE,0
1259,10028,2,81,2.0,18.0,MEDIUM,0
1259,10028,2,4,2.0,18.0,SOFT,0
1259,10028,2,1,2.0,18.0,SOFT,0
1259,10028,2,63,2.0,18.0,MEDIUM,0
1259,10028,2,44,2.0,18.0,SOFT,0
1259,10028,2,23,2.0,18.0,MEDIUM,0
1259,10028,2,6,2.0,18.0,MEDIUM,0
1259,10028,2,27,2.0,18.0,MEDIUM,0
1259,10028,2,14,2.0,13.0,MEDIUM,0
1259,10028,2,31,2.0,18.0,MEDIUM,0
1259,10028,2,30,2.0,18.0,MEDIUM,0
1259,10028,2,10,2.0,18.0,MEDIUM,0
1259,10028,2,18,2.0,18.0,MEDIUM,0
1259,10028,2,55,2.0,12.0,MEDIUM,0
1259,10028,2,7,2.0,18.0,SOFT,0
1259,10028,2,5,2.0,18.0,MEDIUM,0
1259,10028,2,87,2.0,18.0,MEDIUM,0
1259,10028,2,22,2.0,18.0,MEDIUM,0
1259,10028,3,12,14.0,18.0,MEDIUM,0
1259,10029,1,5,1.0,3.0,SOFT,0
1259,10029,1,27,1.0,3.0,SOFT,0
1259,10029,1,10,1.0,3.0,SOFT,1
1259,10029,1,7,1.0,3.0,SOFT,0
1259,10029,1,18,1.0,3.0,SOFT,4
1259,10029,1,55,1.0,3.0,SOFT,3
1259,10029,1,14,1.0,3.0,SOFT,4
1259,10029,1,23,1.0,3.0,SOFT,3
1259,10029,1,6,1.0,2.0,SOFT,3
1259,10029,1,30,1.0,2.0,SOFT,3
1259,10029,1,87,1.0,6.0,SOFT,0
1259,10029,1,31,1.0,3.0,SOFT,2
1259,10029,1,22,1.0,3.0,SOFT,4
1259,10029,1,1,1.0,3.0,SOFT,9
1259,10029,1,44,1.0,3.0,SOFT,2
1259,10029,1,81,1.0,3.0,SOFT,3
1259,10029,1,4,1.0,3.0,SOFT,0
1259,10029,1,16,1.0,3.0,SOFT,3
1259,10029,1,12,1.0,2.0,SOFT,0
1259,10029,1,63,1.0,2.0,SOFT,3
1259,10029,2,10,4.0,6.0,SOFT,0
1259,10029,2,6,3.0,5.0,SOFT,0
1259,10029,2,18,4.0,6.0,SOFT,0
1259,10029,2,14,4.0,6.0,SOFT,0
1259,10029,2,55,4.0,6.0,SOFT,0
1259,10029,2,23,4.0,6.0,SOFT,0
1259,10029,2,12,3.0,5.0,SOFT,0
1259,10029,2,5,4.0,6.0,SOFT,0
1259,10029,2,30,3.0,5.0,SOFT,0
1259,10029,2,27,4.0,6.0,SOFT,0
1259,10029,2,63,3.0,5.0,SOFT,0
1259,10029,2,7,4.0,6.0,SOFT,0
1259,10029,2,31,4.0,6.0,SOFT,0
1259,10029,2,22,4.0,6.0,SOFT,0
1259,10029,2,16,4.0,9.0,SOFT,0
1259,10029,2,44,4.0,6.0,SOFT,0
1259,10029,2,1,4.0,6.0,SOFT,0
1259,10029,2,81,4.0,7.0,SOFT,0
1259,10029,2,4,4.0,9.0,SOFT,0
1259,10029,3,12,6.0,8.0,SOFT,0
1259,10029,3,63,6.0,8.0,SOFT,0
1259,10029,2,87,7.0,9.0,SOFT,0
1259,10029,3,10,7.0,9.0,SOFT,0
1259,10029,3,6,6.0,8.0,SOFT,0
1259,10029,3,18,7.0,9.0,SOFT,1
1259,10029,3,30,6.0,8.0,SOFT,0
1259,10029,3,14,7.0,9.0,SOFT,0
1259,10029,3,23,7.0,9.0,SOFT,3
1259,10029,3,7,7.0,9.0,SOFT,0
1259,10029,3,5,7.0,9.0,SOFT,0
1259,10029,3,27,7.0,9.0,SOFT,0
1259,10029,3,31,7.0,9.0,SOFT,0
1259,10029,3,55,7.0,8.0,SOFT,0
1259,10029,3,44,7.0,9.0,SOFT,0
1259,10029,3,22,7.0,9.0,SOFT,0
1259,10029,3,1,7.0,9.0,SOFT,0
1259,10029,4,22,10.0,12.0,SOFT,0
1259,10029,4,31,10.0,12.0,SOFT,0
1259,10029,3,16,10.0,12.0,SOFT,0
1259,10029,4,5,10.0,12.0,SOFT,0
1259,10029,4,55,9.0,11.0,SOFT,0
1259,10029,4,44,10.0,12.0,SOFT,3
1259,10029,4,6,9.0,10.0,SOFT,0
1259,10029,4,30,9.0,11.0,SOFT,0
1259,10029,4,23,10.0,12.0,SOFT,0
1259,10029,3,81,8.0,10.0,SOFT,0
1259,10029,3,4,10.0,12.0,SOFT,0
1259,10029,4,7,10.0,12.0,SOFT,0
1259,10029,4,12,9.0,11.0,SOFT,0
1259,10029,4,63,9.0,11.0,SOFT,3
1259,10029,5,22,13.0,15.0,SOFT,0
1259,10029,5,31,13.0,15.0,SOFT,0
1259,10029,5,5,13.0,15.0,SOFT,0
1259,10029,5,6,11.0,13.0,SOFT,0
1259,10029,4,4,13.0,15.0,SOFT,3
1259,10029,5,12,12.0,14.0,SOFT,0
1259,10029,4,1,10.0,12.0,SOFT,3
1259,10029,5,44,13.0,15.0,SOFT,0
1259,10029,4,16,13.0,15.0,SOFT,0
1259,10029,5,55,12.0,14.0,SOFT,0
1259,10029,5,63,12.0,14.0,SOFT,0
1259,10029,5,7,13.0,15.0,SOFT,0
1259,10029,5,30,12.0,14.0,SOFT,0
1259,10029,5,23,13.0,14.0,SOFT,0
1259,10029,6,31,16.0,18.0,SOFT,3
1259,10029,5,16,16.0,17.0,SOFT,0
1259,10029,6,22,16.0,18.0,SOFT,3
1259,10029,5,1,13.0,15.0,SOFT,0
1259,10029,4,81,11.0,13.0,SOFT,0
1259,10029,5,4,16.0,18.0,SOFT,0
1259,10029,6,55,15.0,17.0,SOFT,2
1259,10029,6,12,15.0,17.0,SOFT,0
1259,10029,6,23,15.0,17.0,SOFT,2
1259,10029,6,63,15.0,17.0,SOFT,0
1259,10029,7,22,19.0,21.0,SOFT,0
1259,10029,6,1,16.0,18.0,SOFT,0
1259,10029,7,31,19.0,21.0,SOFT,0
1259,10029,6,16,18.0,20.0,SOFT,3
1259,10029,6,4,19.0,21.0,SOFT,0
1259,10029,5,81,14.0,16.0,SOFT,0
1259,10029,7,55,18.0,20.0,SOFT,0
1259,10029,7,23,18.0,20.0,SOFT,0
1259,10029,7,12,18.0,20.0,SOFT,0
1259,10029,7,63,18.0,20.0,SOFT,0
1259,10033,1,1,1.0,32.0,MEDIUM,24
1259,10033,1,12,1.0,32.0,MEDIUM,24
1259,10033,1,81,1.0,32.0,MEDIUM,24
1259,10033,1,63,1.0,32.0,HARD,24
1259,10033,1,23,1.0,32.0,MEDIUM,24
1259,10033,1,4,1.0,32.0,MEDIUM,24
1259,10033,1,55,1.0,32.0,MEDIUM,30
1259,10033,1,16,1.0,32.0,MEDIUM,24
1259,10033,1,22,1.0,32.0,MEDIUM,24
1259,10033,1,31,1.0,23.0,MEDIUM,23
1259,10033,1,6,1.0,23.0,MEDIUM,22
1259,10033,1,44,1.0,32.0,HARD,23
1259,10033,1,5,1.0,23.0,MEDIUM,19
1259,10033,1,27,1.0,36.0,HARD,23
1259,10033,1,18,1.0,23.0,MEDIUM,21
1259,10033,1,87,1.0,27.0,HARD,23
1259,10033,1,14,1.0,32.0,HARD,24
1259,10033,1,10,1.0,32.0,HARD,23
1259,10033,1,30,1.0,31.0,HARD,23
1259,10033,2,5,24.0,30.0,HARD,4
1259,10033,2,31,24.0,57.0,HARD,0
1259,10033,2,6,24.0,57.0,HARD,1
1259,10033,2,18,24.0,56.0,HARD,4
1259,10033,1,7,1.0,1.0,MEDIUM,0
1259,10033,2,63,33.0,57.0,MEDIUM,3
1259,10033,2,14,33.0,56.0,MEDIUM,5
1259,10033,2,10,33.0,57.0,MEDIUM,0
1259,10033,2,81,33.0,57.0,HARD,3
1259,10033,2,12,33.0,57.0,HARD,7
1259,10033,2,23,33.0,57.0,HARD,6
1259,10033,2,16,33.0,57.0,HARD,3
1259,10033,2,22,33.0,57.0,HARD,5
1259,10033,2,4,33.0,57.0,HARD,3
1259,10033,2,55,33.0,57.0,HARD,7
1259,10033,2,44,33.0,57.0,MEDIUM,4
1259,10033,2,30,32.0,36.0,MEDIUM,3
1259,10033,2,1,33.0,57.0,HARD,6
1259,10033,2,27,37.0,56.0,MEDIUM,0
1254,9689,1,31,1.0,4.0,SOFT,0
1254,9689,1,87,1.0,1.0,SOFT,0
1254,9689,1,63,1.0,4.0,MEDIUM,0
1254,9689,1,7,1.0,7.0,SOFT,0
1254,9689,1,27,1.0,4.0,SOFT,0
1254,9689,1,55,1.0,7.0,SOFT,0
1254,9689,1,5,1.0,3.0,SOFT,0
1254,9689,1,14,1.0,4.0,SOFT,0
1254,9689,1,30,1.0,4.0,SOFT,0
1254,9689,1,23,1.0,7.0,SOFT,0
1254,9689,1,18,1.0,4.0,SOFT,0
1254,9689,1,10,1.0,7.0,SOFT,0
1254,9689,1,12,1.0,4.0,MEDIUM,0
1254,9689,1,16,1.0,4.0,SOFT,0
1254,9689,1,44,1.0,4.0,SOFT,0
1254,9689,1,4,1.0,4.0,SOFT,0
1254,9689,1,81,1.0,4.0,SOFT,0
1254,9689,1,1,1.0,4.0,SOFT,0
1254,9689,2,5,3.0,6.0,SOFT,0
1254,9689,1,6,1.0,4.0,SOFT,0
1254,9689,2,63,4.0,7.0,MEDIUM,3
1254,9689,1,22,1.0,4.0,SOFT,0
1254,9689,2,27,4.0,7.0,SOFT,3
1254,9689,2,31,4.0,7.0,SOFT,0
1254,9689,2,16,4.0,7.0,SOFT,0
1254,9689,2,14,4.0,7.0,SOFT,0
1254,9689,2,18,4.0,7.0,SOFT,0
1254,9689,2,4,4.0,7.0,SOFT,3
1254,9689,2,44,4.0,7.0,SOFT,3
1254,9689,2,30,4.0,6.0,SOFT,0
1254,9689,2,81,4.0,7.0,SOFT,3
1254,9689,2,12,4.0,9.0,SOFT,0
1254,9689,2,55,7.0,10.0,SOFT,0
1254,9689,2,1,4.0,6.0,SOFT,3
1254,9689,3,30,6.0,7.0,SOFT,0
1254,9689,3,63,7.0,10.0,SOFT,0
1254,9689,2,22,4.0,7.0,SOFT,0
1254,9689,2,10,7.0,10.0,SOFT,0
1254,9689,2,6,4.0,7.0,SOFT,0
1254,9689,2,7,7.0,10.0,SOFT,0
1254,9689,3,31,7.0,9.0,SOFT,0
1254,9689,2,23,7.0,10.0,SOFT,0
1254,9689,3,4,7.0,7.0,SOFT,0
1254,9689,3,18,7.0,10.0,SOFT,0
1254,9689,3,44,7.0,10.0,SOFT,6
1254,9689,3,14,7.0,9.0,SOFT,0
1254,9689,4,4,8.0,12.0,SOFT,6
1254,9689,3,27,7.0,9.0,SOFT,0
1254,9689,3,5,6.0,9.0,SOFT,0
1254,9689,3,16,7.0,8.0,SOFT,0
1254,9689,3,81,7.0,8.0,SOFT,0
1254,9689,3,1,6.0,9.0,SOFT,0
1254,9689,4,16,8.0,11.0,SOFT,7
1254,9689,4,44,10.0,13.0,SOFT,3
1254,9689,4,63,10.0,13.0,SOFT,3
1254,9689,3,55,10.0,13.0,SOFT,0
1254,9689,3,23,10.0,13.0,SOFT,0
1254,9689,4,81,8.0,11.0,SOFT,0
1254,9689,4,14,9.0,11.0,SOFT,2
1254,9689,4,18,10.0,13.0,SOFT,3
1254,9689,3,6,7.0,10.0,SOFT,0
1254,9689,3,10,10.0,13.0,SOFT,0
1254,9689,3,7,10.0,13.0,SOFT,3
1254,9689,4,5,9.0,12.0,SOFT,3
1254,9689,3,22,7.0,10.0,SOFT,0
1254,9689,5,16,11.0,14.0,SOFT,0
1254,9689,5,44,13.0,18.0,SOFT,0
1254,9689,5,5,12.0,13.0,SOFT,0
1254,9689,5,18,13.0,15.0,SOFT,0
1254,9689,5,63,13.0,16.0,SOFT,0
1254,9689,4,7,13.0,15.0,SOFT,0
1254,9689,4,22,10.0,13.0,SOFT,0
1254,9689,4,6,10.0,12.0,SOFT,0
1254,9689,4,55,13.0,16.0,SOFT,0
1254,9689,4,23,13.0,16.0,SOFT,0
1254,9689,4,1,9.0,12.0,SOFT,3
1254,9689,5,4,12.0,15.0,SOFT,3
1254,9689,5,14,11.0,13.0,SOFT,0
1254,9689,4,10,13.0,16.0,SOFT,0
1254,9689,6,16,14.0,16.0,SOFT,3
1254,9689,5,81,11.0,13.0,SOFT,3
1254,9689,6,81,13.0,16.0,SOFT,0
1254,9689,6,4,15.0,18.0,SOFT,0
1254,9689,7,16,16.0,19.0,SOFT,0
1254,9689,6,63,16.0,19.0,SOFT,0
1254,9689,6,44,18.0,21.0,SOFT,6
1254,9689,5,1,12.0,15.0,SOFT,0
1254,9689,5,55,16.0,19.0,SOFT,0
1254,9689,5,10,16.0,19.0,SOFT,3
1254,9689,5,23,16.0,19.0,SOFT,3
1254,9689,5,22,13.0,16.0,SOFT,3
1254,9689,7,81,16.0,18.0,SOFT,0
1254,9689,7,4,18.0,20.0,SOFT,0
1254,9689,7,63,19.0,21.0,SOFT,0
1254,9689,6,1,15.0,17.0,SOFT,0
1254,9689,6,10,19.0,21.0,SOFT,0
1254,9689,8,16,19.0,20.0,SOFT,2
1254,9689,7,44,21.0,23.0,SOFT,0
1254,9689,6,55,19.0,21.0,SOFT,0
1254,9689,6,23,19.0,21.0,SOFT,0
1254,9689,6,22,16.0,18.0,SOFT,0
1254,9693,1,18,1.0,2.0,INTERMEDIATE,0
1254,9693,1,12,1.0,2.0,INTERMEDIATE,0
1254,9693,1,14,1.0,2.0,INTERMEDIATE,0
1254,9693,1,63,1.0,2.0,INTERMEDIATE,0
1254,9693,1,4,1.0,2.0,INTERMEDIATE,0
1254,9693,1,27,1.0,2.0,INTERMEDIATE,0
1254,9693,1,31,1.0,2.0,INTERMEDIATE,0
1254,9693,1,22,1.0,2.0,INTERMEDIATE,0
1254,9693,1,10,1.0,2.0,INTERMEDIATE,0
1254,9693,1,44,1.0,2.0,INTERMEDIATE,0
1254,9693,1,1,1.0,2.0,INTERMEDIATE,0
1254,9693,1,23,1.0,2.0,INTERMEDIATE,0
1254,9693,1,16,1.0,2.0,INTERMEDIATE,0
1254,9693,1,81,1.0,2.0,INTERMEDIATE,0
1254,9693,1,87,1.0,2.0,INTERMEDIATE,0
1254,9693,1,5,1.0,2.0,INTERMEDIATE,0
1254,9693,3,30,1.0,2.0,INTERMEDIATE,0
1254,9693,2,4,2.0,3.0,INTERMEDIATE,0
1254,9693,2,1,2.0,3.0,INTERMEDIATE,2
1254,9693,2,81,2.0,3.0,INTERMEDIATE,0
1254,9693,2,63,2.0,3.0,INTERMEDIATE,2
1254,9693,2,16,2.0,3.0,INTERMEDIATE,2
1254,9693,2,23,2.0,3.0,INTERMEDIATE,0
1254,9693,2,22,2.0,3.0,INTERMEDIATE,2
1254,9693,2,10,2.0,3.0,INTERMEDIATE,0
1254,9693,2,44,2.0,3.0,INTERMEDIATE,2
1254,9693,2,14,2.0,3.0,INTERMEDIATE,2
1254,9693,2,27,2.0,3.0,INTERMEDIATE,0
1254,9693,2,18,2.0,3.0,INTERMEDIATE,2
1254,9693,2,5,2.0,2.0,INTERMEDIATE,0
1254,9693,2,31,2.0,3.0,INTERMEDIATE,2
1254,9693,2,12,2.0,3.0,INTERMEDIATE,2
1254,9693,4,30,2.0,3.0,INTERMEDIATE,2
1254,9693,2,87,2.0,2.0,INTERMEDIATE,0
1254,9693,3,5,3.0,3.0,INTERMEDIATE,0
1254,9693,3,87,3.0,3.0,INTERMEDIATE,0
1254,9693,3,1,3.0,4.0,INTERMEDIATE,0
1254,9693,3,4,3.0,4.0,INTERMEDIATE,0
1254,9693,3,81,3.0,4.0,INTERMEDIATE,0
1254,9693,3,63,3.0,4.0,INTERMEDIATE,3
1254,9693,3,16,3.0,4.0,INTERMEDIATE,3
1254,9693,3,22,3.0,4.0,INTERMEDIATE,0
1254,9693,3,23,3.0,4.0,INTERMEDIATE,1
1254,9693,3,44,3.0,4.0,INTERMEDIATE,3
1254,9693,3,14,3.0,4.0,INTERMEDIATE,3
1254,9693,3,10,3.0,4.0,INTERMEDIATE,3
1254,9693,3,27,3.0,4.0,INTERMEDIATE,3
1254,9693,3,18,3.0,4.0,INTERMEDIATE,3
1254,9693,3,12,3.0,4.0,INTERMEDIATE,0
1254,9693,4,5,3.0,3.0,INTERMEDIATE,0
1254,9693,3,31,3.0,4.0,INTERMEDIATE,3
1254,9693,4,87,3.0,3.0,INTERMEDIATE,0
1254,9693,5,30,3.0,4.0,INTERMEDIATE,3
1254,9693,5,5,4.0,4.0,INTERMEDIATE,3
1254,9693,5,87,4.0,4.0,INTERMEDIATE,3
1254,9693,4,4,4.0,34.0,INTERMEDIATE,0
1254,9693,4,1,4.0,34.0,INTERMEDIATE,0
1254,9693,4,63,4.0,34.0,INTERMEDIATE,4
1254,9693,4,81,4.0,34.0,INTERMEDIATE,0
1254,9693,4,22,4.0,33.0,INTERMEDIATE,0
1254,9693,4,16,4.0,34.0,INTERMEDIATE,4
1254,9693,4,23,4.0,33.0,INTERMEDIATE,2
1254,9693,4,44,4.0,33.0,INTERMEDIATE,4
1254,9693,4,14,4.0,32.0,INTERMEDIATE,4
1254,9693,4,10,4.0,33.0,INTERMEDIATE,4
1254,9693,4,27,4.0,33.0,INTERMEDIATE,4
1254,9693,4,18,4.0,33.0,INTERMEDIATE,4
1254,9693,6,5,4.0,44.0,MEDIUM,4
1254,9693,4,12,4.0,33.0,INTERMEDIATE,4
1254,9693,6,30,4.0,33.0,INTERMEDIATE,0
1254,9693,4,31,4.0,39.0,INTERMEDIATE,0
1254,9693,6,87,4.0,44.0,MEDIUM,0
1254,9693,5,44,33.0,47.0,HARD,1
1254,9693,5,23,33.0,44.0,MEDIUM,0
1254,9693,5,22,33.0,47.0,MEDIUM,0
1254,9693,5,10,33.0,46.0,HARD,0
1254,9693,5,12,33.0,44.0,HARD,0
1254,9693,5,18,33.0,44.0,HARD,1
1254,9693,5,27,33.0,44.0,MEDIUM,0
1254,9693,5,4,34.0,44.0,HARD,1
1254,9693,5,81,34.0,44.0,HARD,1
1254,9693,7,30,33.0,46.0,MEDIUM,0
1254,9693,5,1,34.0,46.0,MEDIUM,0
1254,9693,5,63,34.0,44.0,HARD,0
1254,9693,5,16,34.0,47.0,HARD,1
1254,9693,5,31,39.0,46.0,MEDIUM,0
1254,9693,6,4,44.0,57.0,INTERMEDIATE,0
1254,9693,6,23,44.0,57.0,INTERMEDIATE,0
1254,9693,6,63,44.0,57.0,INTERMEDIATE,0
1254,9693,6,18,44.0,57.0,INTERMEDIATE,0
1254,9693,6,27,44.0,57.0,INTERMEDIATE,0
1254,9693,6,12,44.0,57.0,INTERMEDIATE,0
1254,9693,7,5,44.0,45.0,INTERMEDIATE,0
1254,9693,6,81,44.0,57.0,INTERMEDIATE,0
1254,9693,7,87,44.0,57.0,INTERMEDIATE,0
1254,9693,6,1,46.0,57.0,INTERMEDIATE,0
1254,9693,6,10,46.0,57.0,INTERMEDIATE,0
1254,9693,6,31,46.0,57.0,INTERMEDIATE,0
1254,9693,6,44,47.0,57.0,INTERMEDIATE,0
1254,9693,6,22,47.0,57.0,INTERMEDIATE,0
1254,9693,6,16,47.0,57.0,INTERMEDIATE,0
1276,9835,1,10,1.0,3.0,MEDIUM,0
1276,9835,1,43,1.0,3.0,SOFT,0
1276,9835,1,30,1.0,2.0,SOFT,0
1276,9835,1,44,1.0,3.0,MEDIUM,0
1276,9835,1,18,1.0,6.0,SOFT,0
1276,9835,1,27,1.0,3.0,SOFT,0
1276,9835,1,5,1.0,3.0,SOFT,0
1276,9835,1,1,1.0,3.0,SOFT,0
1276,9835,1,22,1.0,3.0,SOFT,0
1276,9835,1,6,1.0,3.0,SOFT,0
1276,9835,1,16,1.0,3.0,MEDIUM,0
1276,9835,1,55,1.0,3.0,SOFT,0
1276,9835,1,23,1.0,3.0,SOFT,0
1276,9835,1,14,1.0,3.0,SOFT,0
1276,9835,1,4,1.0,3.0,SOFT,0
1276,9835,1,31,1.0,3.0,SOFT,0
1276,9835,2,30,3.0,5.0,SOFT,0
1276,9835,1,87,1.0,3.0,SOFT,0
1276,9835,1,81,1.0,3.0,SOFT,0
1276,9835,1,12,1.0,3.0,SOFT,0
1276,9835,1,63,1.0,3.0,SOFT,0
1276,9835,2,10,4.0,6.0,SOFT,0
1276,9835,2,44,4.0,6.0,SOFT,0
1276,9835,2,43,4.0,6.0,SOFT,0
1276,9835,2,27,4.0,6.0,SOFT,0
1276,9835,2,5,4.0,6.0,SOFT,3
1276,9835,2,4,4.0,6.0,SOFT,0
1276,9835,2,81,4.0,6.0,SOFT,0
1276,9835,2,23,4.0,6.0,SOFT,0
1276,9835,2,6,4.0,6.0,SOFT,0
1276,9835,2,55,4.0,6.0,SOFT,0
1276,9835,2,12,4.0,6.0,SOFT,0
1276,9835,2,1,4.0,6.0,SOFT,0
1276,9835,2,63,4.0,6.0,SOFT,3
1276,9835,2,16,4.0,6.0,SOFT,0
1276,9835,2,22,4.0,6.0,SOFT,0
1276,9835,3,30,6.0,8.0,SOFT,0
1276,9835,3,10,7.0,9.0,SOFT,0
1276,9835,2,18,7.0,9.0,SOFT,0
1276,9835,2,14,4.0,6.0,SOFT,0
1276,9835,3,43,7.0,9.0,SOFT,0
1276,9835,2,31,4.0,6.0,SOFT,0
1276,9835,3,44,7.0,9.0,SOFT,0
1276,9835,2,87,4.0,5.0,SOFT,0
1276,9835,3,5,7.0,9.0,SOFT,0
1276,9835,3,27,7.0,9.0,SOFT,0
1276,9835,3,1,7.0,9.0,SOFT,3
1276,9835,3,31,7.0,9.0,SOFT,0
1276,9835,3,87,6.0,8.0,SOFT,2
1276,9835,4,30,9.0,11.0,SOFT,2
1276,9835,3,55,7.0,9.0,SOFT,0
1276,9835,3,12,7.0,9.0,SOFT,0
1276,9835,3,6,7.0,9.0,SOFT,0
1276,9835,3,63,7.0,9.0,SOFT,0
1276,9835,3,18,10.0,12.0,SOFT,0
1276,9835,3,16,7.0,9.0,SOFT,0
1276,9835,3,14,7.0,9.0,SOFT,0
1276,9835,3,22,7.0,9.0,SOFT,1
1276,9835,4,5,10.0,12.0,SOFT,0
1276,9835,3,81,7.0,9.0,SOFT,3
1276,9835,3,4,7.0,9.0,SOFT,3
1276,9835,4,1,10.0,12.0,SOFT,3
1276,9835,4,12,10.0,12.0,SOFT,0
1276,9835,4,16,10.0,12.0,SOFT,0
1276,9835,4,22,10.0,12.0,SOFT,0
1276,9835,5,5,13.0,15.0,SOFT,0
1276,9835,4,55,10.0,12.0,SOFT,0
1276,9835,5,30,12.0,14.0,SOFT,0
1276,9835,4,6,10.0,12.0,SOFT,0
1276,9835,4,31,10.0,12.0,SOFT,0
1276,9835,4,63,10.0,12.0,SOFT,3
1276,9835,4,18,13.0,15.0,SOFT,0
1276,9835,4,14,10.0,12.0,SOFT,0
1276,9835,4,87,9.0,11.0,SOFT,0
1276,9835,4,81,10.0,11.0,SOFT,0
1276,9835,4,4,10.0,11.0,SOFT,0
1276,9835,5,22,13.0,14.0,SOFT,3
1276,9835,5,1,13.0,15.0,SOFT,0
1276,9835,6,5,16.0,18.0,SOFT,3
1276,9835,5,31,13.0,15.0,SOFT,3
1276,9835,5,6,13.0,15.0,SOFT,3
1276,9835,5,4,12.0,14.0,SOFT,2
1276,9835,5,14,13.0,15.0,SOFT,0
1276,9835,5,16,13.0,15.0,SOFT,0
1276,9835,5,81,12.0,14.0,SOFT,2
1276,9835,5,63,13.0,15.0,SOFT,0
1276,9835,6,22,15.0,17.0,SOFT,0
1276,9835,6,31,16.0,18.0,SOFT,0
1276,9835,7,5,19.0,21.0,SOFT,0
1276,9835,6,6,16.0,18.0,SOFT,0
1276,9835,6,14,16.0,18.0,SOFT,0
1276,9835,6,16,16.0,18.0,SOFT,0
1276,9835,6,81,15.0,17.0,SOFT,0
1276,9835,6,4,15.0,17.0,SOFT,0
1276,9835,6,1,16.0,18.0,SOFT,0
1276,9835,6,63,16.0,18.0,SOFT,0
1276,9839,1,55,1.0,18.0,MEDIUM,0
1276,9839,1,10,1.0,13.0,MEDIUM,0
1276,9839,1,43,1.0,15.0,MEDIUM,0
1276,9839,1,12,1.0,32.0,HARD,0
1276,9839,1,63,1.0,14.0,MEDIUM,0
1276,9839,1,44,1.0,8.0,SOFT,0
1276,9839,1,6,1.0,14.0,MEDIUM,0
1276,9839,1,1,1.0,23.0,MEDIUM,0
1276,9839,1,81,1.0,41.0,HARD,0
1276,9839,1,23,1.0,8.0,SOFT,0
1276,9839,1,5,1.0,15.0,MEDIUM,0
1276,9839,1,30,1.0,21.0,MEDIUM,0
1276,9839,1,27,1.0,7.0,SOFT,0
1276,9839,1,14,1.0,16.0,MEDIUM,1
1276,9839,1,16,1.0,16.0,MEDIUM,0
1276,9839,1,31,1.0,19.0,MEDIUM,0
1276,9839,1,87,1.0,14.0,MEDIUM,0
1276,9839,1,18,1.0,42.0,HARD,1
1276,9839,1,22,1.0,32.0,HARD,0
1276,9839,1,4,1.0,16.0,MEDIUM,0
1276,9839,2,27,8.0,42.0,HARD,0
1276,9839,2,44,9.0,31.0,HARD,0
1276,9839,2,23,9.0,33.0,HARD,0
1276,9839,2,10,14.0,40.0,HARD,0
1276,9839,2,63,15.0,58.0,HARD,0
1276,9839,2,6,15.0,57.0,HARD,0
1276,9839,2,87,15.0,58.0,HARD,0
1276,9839,2,5,16.0,58.0,HARD,0
1276,9839,2,43,16.0,40.0,HARD,0
1276,9839,2,4,17.0,40.0,HARD,0
1276,9839,2,16,17.0,39.0,HARD,0
1276,9839,2,14,17.0,58.0,HARD,1
1276,9839,2,55,19.0,58.0,HARD,0
1276,9839,2,31,20.0,58.0,HARD,0
1276,9839,2,30,22.0,57.0,HARD,0
1276,9839,2,1,24.0,58.0,HARD,0
1276,9839,3,44,32.0,58.0,MEDIUM,0
1276,9839,2,22,33.0,58.0,MEDIUM,0
1276,9839,2,12,33.0,58.0,MEDIUM,0
1276,9839,3,23,34.0,58.0,MEDIUM,0
1276,9839,3,16,40.0,58.0,MEDIUM,3
1276,9839,3,4,41.0,58.0,HARD,0
1276,9839,3,10,41.0,57.0,MEDIUM,3
1276,9839,3,43,41.0,57.0,MEDIUM,0
1276,9839,2,81,42.0,58.0,MEDIUM,0
1276,9839,2,18,43.0,58.0,MEDIUM,0
1276,9839,3,27,43.0,58.0,MEDIUM,0
1275,9841,1,1,1.0,8.0,MEDIUM,0
1275,9841,1,10,1.0,8.0,MEDIUM,0
1275,9841,1,22,1.0,8.0,MEDIUM,0
1275,9841,1,16,1.0,8.0,MEDIUM,0
1275,9841,1,44,1.0,8.0,MEDIUM,0
1275,9841,1,55,1.0,8.0,MEDIUM,0
1275,9841,1,31,1.0,8.0,MEDIUM,0
1275,9841,1,87,1.0,8.0,MEDIUM,0
1275,9841,1,43,1.0,8.0,MEDIUM,0
1275,9841,1,6,1.0,8.0,MEDIUM,0
1275,9841,1,23,1.0,8.0,MEDIUM,0
1275,9841,1,4,1.0,7.0,MEDIUM,0
1275,9841,1,81,1.0,7.0,MEDIUM,0
1275,9841,1,27,1.0,8.0,MEDIUM,0
1275,9841,1,5,1.0,7.0,MEDIUM,0
1275,9841,1,18,1.0,7.0,MEDIUM,0
1275,9841,1,14,1.0,6.0,MEDIUM,0
1275,9841,1,30,1.0,3.0,MEDIUM,0
1275,9841,1,12,1.0,6.0,MEDIUM,0
1275,9841,1,63,1.0,6.0,MEDIUM,0
1275,9841,2,30,4.0,6.0,MEDIUM,3
1275,9841,2,63,7.0,13.0,MEDIUM,0
1275,9841,2,1,9.0,14.0,MEDIUM,0
1275,9841,2,22,9.0,11.0,MEDIUM,0
1275,9841,2,27,9.0,11.0,MEDIUM,0
1275,9841,2,5,8.0,10.0,MEDIUM,0
1275,9841,2,16,9.0,11.0,MEDIUM,0
1275,9841,2,31,9.0,11.0,MEDIUM,0
1275,9841,2,87,9.0,11.0,MEDIUM,0
1275,9841,2,81,8.0,12.0,MEDIUM,0
1275,9841,2,4,8.0,12.0,MEDIUM,0
1275,9841,2,55,9.0,14.0,MEDIUM,0
1275,9841,2,23,9.0,14.0,MEDIUM,0
1275,9841,2,6,9.0,14.0,MEDIUM,0
1275,9841,2,14,7.0,12.0,MEDIUM,0
1275,9841,2,12,7.0,12.0,MEDIUM,0
1275,9841,3,16,12.0,14.0,MEDIUM,3
1275,9841,3,22,12.0,14.0,MEDIUM,0
1275,9841,3,27,12.0,14.0,MEDIUM,3
1275,9841,3,31,12.0,14.0,MEDIUM,0
1275,9841,3,87,12.0,14.0,MEDIUM,3
1275,9841,3,5,11.0,13.0,MEDIUM,3
1275,9841,3,12,13.0,15.0,SOFT,0
1275,9841,3,63,14.0,16.0,SOFT,0
1275,9841,3,1,15.0,20.0,SOFT,0
1275,9841,4,22,15.0,20.0,SOFT,0
1275,9841,3,55,15.0,20.0,SOFT,0
1275,9841,3,14,13.0,18.0,SOFT,0
1275,9841,4,16,15.0,20.0,SOFT,0
1275,9841,3,81,13.0,18.0,SOFT,0
1275,9841,3,23,15.0,20.0,SOFT,0
1275,9841,3,4,13.0,18.0,SOFT,0
1275,9841,4,12,16.0,18.0,SOFT,3
1275,9841,4,63,17.0,19.0,SOFT,3
1275,9845,1,30,1.0,19.0,MEDIUM,6
1275,9845,1,6,1.0,1.0,MEDIUM,6
1275,9845,1,1,1.0,1.0,MEDIUM,6
1275,9845,1,23,1.0,1.0,MEDIUM,6
1275,9845,1,14,1.0,1.0,MEDIUM,6
1275,9845,1,18,1.0,13.0,MEDIUM,7
1275,9845,1,55,1.0,19.0,MEDIUM,6
1275,9845,1,22,1.0,1.0,MEDIUM,6
1275,9845,1,44,1.0,19.0,MEDIUM,0
1275,9845,1,12,1.0,1.0,MEDIUM,6
1275,9845,1,63,1.0,19.0,MEDIUM,6
1275,9845,1,10,1.0,1.0,MEDIUM,0
1275,9845,1,5,1.0,1.0,MEDIUM,6
1275,9845,1,81,1.0,19.0,MEDIUM,5
1275,9845,1,43,1.0,17.0,MEDIUM,0
1275,9845,1,16,1.0,1.0,MEDIUM,6
1275,9845,1,27,1.0,19.0,MEDIUM,6
1275,9845,1,87,1.0,19.0,MEDIUM,6
1275,9845,1,31,1.0,19.0,MEDIUM,6
1275,9845,1,4,1.0,1.0,MEDIUM,5
1275,9845,2,12,2.0,19.0,HARD,0
1275,9845,2,5,2.0,19.0,HARD,0
1275,9845,2,6,2.0,19.0,HARD,0
1275,9845,2,4,2.0,19.0,HARD,0
1275,9845,2,10,2.0,19.0,SOFT,0
1275,9845,2,1,2.0,19.0,HARD,0
1275,9845,2,14,2.0,19.0,HARD,0
1275,9845,2,22,2.0,19.0,HARD,0
1275,9845,2,16,2.0,19.0,HARD,0
1275,9845,2,23,2.0,19.0,HARD,0
1275,9845,2,18,14.0,19.0,SOFT,10
1275,9845,2,43,18.0,19.0,SOFT,6
1275,9846,1,55,1.0,5.0,SOFT,0
1275,9846,1,27,1.0,5.0,SOFT,0
1275,9846,1,23,1.0,5.0,SOFT,5
1275,9846,1,5,1.0,5.0,SOFT,0
1275,9846,1,31,1.0,5.0,SOFT,0
1275,9846,1,87,1.0,5.0,SOFT,0
1275,9846,1,30,1.0,3.0,SOFT,0
1275,9846,1,6,1.0,3.0,SOFT,0
1275,9846,1,12,1.0,4.0,SOFT,0
1275,9846,1,63,1.0,4.0,SOFT,6
1275,9846,1,18,1.0,5.0,SOFT,0
1275,9846,1,16,1.0,3.0,SOFT,6
1275,9846,1,14,1.0,5.0,SOFT,0
1275,9846,1,44,1.0,3.0,SOFT,7
1275,9846,1,10,1.0,3.0,SOFT,0
1275,9846,1,43,1.0,3.0,SOFT,0
1275,9846,1,1,1.0,3.0,SOFT,3
1275,9846,1,22,1.0,3.0,SOFT,6
1275,9846,1,4,1.0,3.0,SOFT,6
1275,9846,1,81,1.0,3.0,SOFT,0
1275,9846,2,30,4.0,6.0,SOFT,0
1275,9846,2,16,4.0,6.0,SOFT,0
1275,9846,2,6,4.0,6.0,SOFT,0
1275,9846,2,10,4.0,6.0,SOFT,0
1275,9846,2,44,4.0,6.0,SOFT,0
1275,9846,2,43,4.0,6.0,SOFT,0
1275,9846,2,1,4.0,9.0,SOFT,0
1275,9846,2,22,4.0,9.0,SOFT,0
1275,9846,2,63,5.0,11.0,SOFT,0
1275,9846,2,23,6.0,11.0,SOFT,0
1275,9846,2,55,6.0,11.0,SOFT,0
1275,9846,2,4,4.0,6.0,SOFT,0
1275,9846,2,27,6.0,8.0,SOFT,0
1275,9846,2,81,4.0,6.0,SOFT,0
1275,9846,2,12,5.0,10.0,SOFT,0
1275,9846,2,5,6.0,8.0,SOFT,0
1275,9846,2,31,6.0,11.0,SOFT,0
1275,9846,2,87,6.0,11.0,SOFT,0
1275,9846,2,18,6.0,10.0,SOFT,0
1275,9846,2,14,6.0,9.0,SOFT,0
1275,9846,3,16,7.0,9.0,SOFT,0
1275,9846,3,44,7.0,9.0,SOFT,0
1275,9846,3,6,7.0,9.0,SOFT,3
1275,9846,3,30,7.0,9.0,SOFT,0
1275,9846,3,27,9.0,11.0,SOFT,0
1275,9846,3,43,7.0,9.0,SOFT,0
1275,9846,3,10,7.0,9.0,SOFT,0
1275,9846,3,5,9.0,11.0,SOFT,3
1275,9846,3,23,12.0,13.0,SOFT,6
1275,9846,3,55,12.0,13.0,SOFT,6
1275,9846,3,1,10.0,16.0,SOFT,0
1275,9846,4,27,12.0,14.0,SOFT,5
1275,9846,3,87,12.0,14.0,SOFT,0
1275,9846,4,5,12.0,14.0,SOFT,0
1275,9846,4,16,10.0,12.0,SOFT,3
1275,9846,4,30,10.0,12.0,SOFT,0
1275,9846,4,23,14.0,16.0,SOFT,0
1275,9846,3,81,7.0,9.0,SOFT,3
1275,9846,4,6,10.0,12.0,SOFT,0
1275,9846,3,4,7.0,9.0,SOFT,3
1275,9846,3,14,10.0,12.0,SOFT,0
1275,9846,4,55,14.0,16.0,SOFT,0
1275,9846,4,10,10.0,12.0,SOFT,0
1275,9846,3,63,12.0,18.0,SOFT,0
1275,9846,5,16,13.0,15.0,SOFT,0
1275,9846,3,12,11.0,13.0,SOFT,0
1275,9846,4,87,15.0,20.0,SOFT,0
1275,9846,5,5,15.0,17.0,SOFT,0
1275,9846,5,27,15.0,17.0,SOFT,0
1275,9846,4,4,10.0,12.0,SOFT,0
1275,9846,4,81,10.0,12.0,SOFT,0
1275,9846,5,55,17.0,19.0,SOFT,0
1275,9846,5,23,17.0,19.0,SOFT,0
1275,9846,4,14,13.0,15.0,SOFT,0
1275,9846,5,6,13.0,15.0,SOFT,0
1275,9846,5,10,13.0,15.0,SOFT,0
1275,9846,4,12,14.0,16.0,SOFT,0
1275,9846,5,30,13.0,15.0,SOFT,0
1275,9846,6,16,16.0,18.0,SOFT,0
1275,9846,6,27,18.0,20.0,SOFT,3
1275,9846,6,5,18.0,20.0,SOFT,3
1275,9846,4,1,17.0,20.0,SOFT,0
1275,9846,5,4,13.0,15.0,SOFT,0
1275,9846,4,63,19.0,22.0,SOFT,0
1275,9846,7,16,19.0,20.0,SOFT,3
1275,9846,6,6,16.0,18.0,SOFT,0
1275,9846,5,81,13.0,15.0,SOFT,0
1275,9846,6,10,16.0,18.0,SOFT,0
1275,9846,6,55,20.0,22.0,SOFT,3
1275,9846,5,12,17.0,19.0,SOFT,3
1275,9846,5,14,16.0,18.0,SOFT,3
1275,9846,5,63,23.0,26.0,SOFT,0
1275,9846,6,4,16.0,17.0,SOFT,0
1275,9846,8,16,21.0,23.0,SOFT,3
1275,9846,6,14,19.0,21.0,SOFT,3
1275,9846,7,6,19.0,20.0,SOFT,0
1275,9846,6,81,16.0,18.0,SOFT,0
1275,9846,7,10,19.0,21.0,SOFT,3
1275,9846,5,1,21.0,23.0,SOFT,0
1275,9846,6,12,20.0,22.0,SOFT,0
1275,9846,7,55,23.0,25.0,SOFT,0
1275,9850,1,5,1.0,7.0,MEDIUM,0
1275,9850,1,31,1.0,8.0,MEDIUM,0
1275,9850,1,6,1.0,7.0,MEDIUM,0
1275,9850,1,1,1.0,7.0,MEDIUM,0
1275,9850,1,16,1.0,7.0,MEDIUM,0
1275,9850,1,87,1.0,7.0,MEDIUM,0
1275,9850,1,22,1.0,7.0,MEDIUM,0
1275,9850,1,12,1.0,7.0,MEDIUM,0
1275,9850,1,63,1.0,7.0,MEDIUM,0
1275,9850,1,43,1.0,7.0,HARD,0
1275,9850,1,18,1.0,7.0,MEDIUM,0
1275,9850,1,27,1.0,6.0,SOFT,0
1275,9850,1,23,1.0,7.0,HARD,0
1275,9850,1,14,1.0,7.0,MEDIUM,0
1275,9850,1,4,1.0,25.0,MEDIUM,0
1275,9850,1,44,1.0,7.0,SOFT,0
1275,9850,1,10,1.0,7.0,MEDIUM,0
1275,9850,1,55,1.0,7.0,MEDIUM,0
1275,9850,1,30,1.0,7.0,MEDIUM,0
1275,9850,1,81,1.0,24.0,MEDIUM,0
1275,9850,2,1,8.0,32.0,MEDIUM,0
1275,9850,2,12,8.0,32.0,MEDIUM,0
1275,9850,2,55,8.0,32.0,MEDIUM,0
1275,9850,2,14,8.0,32.0,MEDIUM,0
1275,9850,2,63,8.0,32.0,MEDIUM,0
1275,9850,2,6,8.0,32.0,MEDIUM,0
1275,9850,2,16,8.0,32.0,MEDIUM,0
1275,9850,2,30,8.0,32.0,MEDIUM,0
1275,9850,2,87,8.0,32.0,MEDIUM,0
1275,9850,2,23,8.0,32.0,MEDIUM,0
1275,9850,2,5,8.0,32.0,MEDIUM,0
1275,9850,2,18,8.0,24.0,MEDIUM,0
1275,9850,2,22,8.0,32.0,MEDIUM,0
1275,9850,2,44,8.0,32.0,MEDIUM,0
1275,9850,2,43,8.0,32.0,MEDIUM,0
1275,9850,2,10,8.0,32.0,HARD,0
1275,9850,2,31,9.0,9.0,HARD,0
1275,9850,3,31,10.0,34.0,MEDIUM,0
1275,9850,2,81,25.0,42.0,MEDIUM,0
1275,9850,3,18,25.0,49.0,MEDIUM,0
1275,9850,2,4,26.0,44.0,MEDIUM,0
1275,9850,3,1,33.0,57.0,HARD,0
1275,9850,3,55,33.0,57.0,HARD,0
1275,9850,3,12,33.0,57.0,HARD,0
1275,9850,3,6,33.0,55.0,HARD,0
1275,9850,3,14,33.0,57.0,HARD,0
1275,9850,3,63,33.0,57.0,HARD,0
1275,9850,3,16,33.0,57.0,HARD,0
1275,9850,3,22,33.0,57.0,HARD,0
1275,9850,3,30,33.0,57.0,HARD,0
1275,9850,3,5,33.0,57.0,SOFT,0
1275,9850,3,44,33.0,57.0,MEDIUM,0
1275,9850,3,23,33.0,57.0,MEDIUM,0
1275,9850,3,43,33.0,56.0,MEDIUM,0
1275,9850,3,10,33.0,56.0,MEDIUM,0
1275,9850,3,87,33.0,40.0,HARD,0
1275,9850,4,31,35.0,56.0,HARD,1
1275,9850,4,87,41.0,41.0,HARD,8
1275,9850,3,81,43.0,57.0,HARD,0
1275,9850,3,4,45.0,57.0,HARD,0
1275,9850,4,18,50.0,55.0,SOFT,0
1274,9854,1,87,1.0,1.0,INTERMEDIATE,0
1274,9854,1,10,1.0,1.0,INTERMEDIATE,0
1274,9854,1,31,1.0,1.0,INTERMEDIATE,0
1274,9854,1,43,1.0,1.0,INTERMEDIATE,0
1274,9854,1,30,1.0,1.0,INTERMEDIATE,0
1274,9854,1,6,1.0,1.0,INTERMEDIATE,0
1274,9854,1,4,1.0,1.0,INTERMEDIATE,0
1274,9854,1,22,1.0,1.0,INTERMEDIATE,0
1274,9854,1,63,1.0,1.0,INTERMEDIATE,0
1274,9854,1,1,1.0,1.0,INTERMEDIATE,0
1274,9854,1,12,1.0,1.0,INTERMEDIATE,0
1274,9854,1,44,1.0,2.0,INTERMEDIATE,0
1274,9854,1,23,1.0,2.0,INTERMEDIATE,0
1274,9854,1,16,1.0,2.0,INTERMEDIATE,0
1274,9854,1,55,1.0,2.0,INTERMEDIATE,0
1274,9854,2,23,3.0,8.0,WET,0
1274,9854,2,12,2.0,8.0,WET,0
1274,9854,2,44,3.0,9.0,WET,0
1274,9854,1,5,1.0,9.0,WET,0
1274,9854,2,22,2.0,9.0,WET,0
1274,9854,2,4,2.0,8.0,WET,0
1274,9854,1,18,1.0,10.0,WET,0
1274,9854,2,63,2.0,9.0,WET,0
1274,9854,2,6,2.0,9.0,WET,0
1274,9854,2,43,2.0,9.0,WET,0
1274,9854,2,30,2.0,9.0,WET,0
1274,9854,2,10,2.0,10.0,WET,0
1274,9854,2,1,2.0,9.0,WET,0
1274,9854,1,14,1.0,10.0,WET,0
1274,9854,2,16,3.0,9.0,WET,0
1274,9854,2,55,3.0,9.0,WET,0
1274,9854,2,87,2.0,9.0,WET,0
1274,9854,2,31,2.0,9.0,WET,0
1274,9854,1,81,1.0,8.0,WET,0
1274,9854,1,27,1.0,10.0,WET,0
1274,9854,2,18,11.0,14.0,WET,0
1274,9854,3,43,10.0,17.0,WET,0
1274,9854,3,31,10.0,17.0,WET,0
1274,9854,3,87,10.0,17.0,WET,0
1274,9854,3,18,15.0,18.0,INTERMEDIATE,0
1274,9854,2,27,11.0,18.0,WET,10
1274,9854,3,16,10.0,17.0,WET,0
1274,9854,3,4,9.0,17.0,WET,0
1274,9854,2,81,9.0,16.0,WET,0
1274,9854,3,6,10.0,18.0,WET,0
1274,9854,3,30,10.0,18.0,WET,0
1274,9854,3,55,10.0,17.0,WET,0
1274,9854,2,14,11.0,18.0,WET,0
1274,9854,3,1,10.0,17.0,WET,0
1274,9854,3,10,11.0,19.0,WET,0
1274,9854,3,63,10.0,18.0,WET,8
1274,9854,4,10,20.0,25.0,INTERMEDIATE,0
1274,9854,4,16,18.0,24.0,INTERMEDIATE,0
1274,9854,3,81,17.0,23.0,INTERMEDIATE,0
1274,9854,4,6,19.0,25.0,INTERMEDIATE,0
1274,9854,4,30,19.0,25.0,INTERMEDIATE,0
1274,9854,4,55,18.0,24.0,INTERMEDIATE,0
1274,9854,4,1,18.0,24.0,INTERMEDIATE,0
1274,9854,3,14,19.0,25.0,INTERMEDIATE,0
1274,9854,4,63,19.0,25.0,INTERMEDIATE,0
1274,9854,4,4,18.0,25.0,INTERMEDIATE,0
1274,9858,1,5,1.0,1.0,HARD,0
1274,9858,1,31,1.0,27.0,MEDIUM,0
1274,9858,1,6,1.0,20.0,MEDIUM,0
1274,9858,1,12,1.0,2.0,SOFT,0
1274,9858,1,1,1.0,25.0,MEDIUM,0
1274,9858,1,27,1.0,30.0,HARD,0
1274,9858,1,22,1.0,1.0,MEDIUM,0
1274,9858,1,23,1.0,13.0,HARD,0
1274,9858,1,30,1.0,2.0,MEDIUM,0
1274,9858,1,43,1.0,25.0,HARD,0
1274,9858,1,63,1.0,17.0,MEDIUM,0
1274,9858,1,18,1.0,1.0,MEDIUM,0
1274,9858,1,4,1.0,22.0,MEDIUM,0
1274,9858,1,44,1.0,29.0,HARD,0
1274,9858,1,14,1.0,16.0,MEDIUM,0
1274,9858,1,55,1.0,22.0,MEDIUM,0
1274,9858,1,10,1.0,2.0,MEDIUM,0
1274,9858,1,16,1.0,24.0,MEDIUM,0
1274,9858,1,81,1.0,21.0,MEDIUM,0
1274,9858,1,87,1.0,17.0,MEDIUM,0
1274,9858,2,22,2.0,27.0,HARD,0
1274,9858,2,5,2.0,2.0,MEDIUM,0
1274,9858,2,12,3.0,50.0,HARD,0
1274,9858,2,10,3.0,50.0,HARD,0
1274,9858,2,30,3.0,28.0,HARD,0
1274,9858,2,23,14.0,14.0,MEDIUM,0
1274,9858,3,23,15.0,34.0,HARD,0
1274,9858,2,14,17.0,50.0,HARD,0
1274,9858,2,63,18.0,18.0,HARD,0
1274,9858,3,63,19.0,50.0,HARD,0
1274,9858,2,87,18.0,50.0,HARD,0
1274,9858,2,6,21.0,50.0,HARD,0
1274,9858,2,81,22.0,50.0,HARD,0
1274,9858,2,4,23.0,50.0,HARD,0
1274,9858,2,55,23.0,50.0,HARD,0
1274,9858,2,16,25.0,50.0,HARD,0
1274,9858,2,1,26.0,50.0,HARD,0
1274,9858,2,43,26.0,49.0,MEDIUM,0
1274,9858,2,31,28.0,50.0,HARD,0
1274,9858,3,22,28.0,50.0,MEDIUM,0
1274,9858,3,30,29.0,49.0,HARD,0
1274,9858,2,44,30.0,50.0,MEDIUM,0
1274,9858,2,27,31.0,50.0,MEDIUM,0
1274,9858,4,23,35.0,35.0,MEDIUM,1
1273,9860,1,22,1.0,3.0,MEDIUM,0
1273,9860,1,87,1.0,3.0,MEDIUM,0
1273,9860,1,23,1.0,3.0,MEDIUM,0
1273,9860,1,31,1.0,3.0,MEDIUM,0
1273,9860,1,5,1.0,3.0,MEDIUM,0
1273,9860,1,27,1.0,3.0,MEDIUM,0
1273,9860,1,6,1.0,3.0,MEDIUM,0
1273,9860,1,14,1.0,3.0,MEDIUM,0
1273,9860,1,18,1.0,3.0,MEDIUM,0
1273,9860,1,55,1.0,3.0,MEDIUM,0
1273,9860,1,30,1.0,3.0,MEDIUM,0
1273,9860,2,22,4.0,6.0,MEDIUM,3
1273,9860,2,31,4.0,6.0,MEDIUM,3
1273,9860,2,30,4.0,5.0,MEDIUM,0
1273,9860,1,43,1.0,6.0,MEDIUM,0
1273,9860,2,55,4.0,6.0,MEDIUM,3
1273,9860,2,5,4.0,6.0,MEDIUM,3
1273,9860,2,87,4.0,6.0,MEDIUM,3
1273,9860,2,27,4.0,6.0,MEDIUM,3
1273,9860,2,23,4.0,6.0,MEDIUM,3
1273,9860,2,14,4.0,6.0,MEDIUM,3
1273,9860,2,18,4.0,6.0,MEDIUM,3
1273,9860,1,16,1.0,8.0,MEDIUM,0
1273,9860,1,44,1.0,8.0,MEDIUM,0
1273,9860,2,6,4.0,6.0,MEDIUM,0
1273,9860,1,1,1.0,6.0,MEDIUM,0
1273,9860,1,4,1.0,9.0,MEDIUM,0
1273,9860,1,10,1.0,6.0,MEDIUM,0
1273,9860,1,81,1.0,9.0,MEDIUM,0
1273,9860,1,63,1.0,4.0,MEDIUM,0
1273,9860,1,12,1.0,5.0,MEDIUM,0
1273,9860,3,27,7.0,9.0,MEDIUM,0
1273,9860,3,5,7.0,9.0,MEDIUM,0
1273,9860,3,87,7.0,9.0,MEDIUM,0
1273,9860,3,23,7.0,9.0,MEDIUM,0
1273,9860,3,18,7.0,9.0,MEDIUM,0
1273,9860,2,16,9.0,11.0,MEDIUM,0
1273,9860,2,44,9.0,11.0,MEDIUM,0
1273,9860,4,5,10.0,12.0,MEDIUM,3
1273,9860,4,87,10.0,12.0,MEDIUM,3
1273,9860,4,23,10.0,12.0,MEDIUM,3
1273,9860,3,44,12.0,14.0,MEDIUM,3
1273,9860,2,10,7.0,12.0,MEDIUM,0
1273,9860,2,63,5.0,10.0,MEDIUM,0
1273,9860,3,16,12.0,13.0,MEDIUM,3
1273,9860,2,12,6.0,10.0,MEDIUM,0
1273,9860,2,81,10.0,13.0,MEDIUM,0
1273,9860,2,4,10.0,14.0,MEDIUM,0
1273,9860,4,27,10.0,12.0,MEDIUM,3
1273,9860,4,18,10.0,12.0,MEDIUM,3
1273,9860,3,14,7.0,9.0,MEDIUM,0
1273,9860,2,1,7.0,12.0,MEDIUM,0
1273,9860,3,6,7.0,12.0,MEDIUM,0
1273,9860,3,63,11.0,13.0,SOFT,0
1273,9860,4,16,14.0,16.0,SOFT,0
1273,9860,3,12,11.0,13.0,SOFT,0
1273,9860,5,27,13.0,15.0,SOFT,0
1273,9860,5,18,13.0,15.0,SOFT,0
1273,9860,3,81,14.0,19.0,SOFT,0
1273,9860,3,4,15.0,20.0,SOFT,0
1273,9860,4,14,10.0,12.0,SOFT,0
1273,9860,3,1,13.0,15.0,SOFT,0
1273,9860,4,6,13.0,15.0,SOFT,0
1273,9860,4,63,14.0,16.0,SOFT,3
1273,9860,5,16,17.0,19.0,SOFT,3
1273,9860,4,12,14.0,16.0,SOFT,3
1273,9864,1,81,1.0,5.0,MEDIUM,4
1273,9864,1,43,1.0,5.0,MEDIUM,6
1273,9864,1,27,1.0,6.0,MEDIUM,6
1273,9864,1,4,1.0,7.0,MEDIUM,5
1273,9864,1,12,1.0,7.0,SOFT,6
1273,9864,1,63,1.0,7.0,SOFT,6
1273,9864,1,1,1.0,7.0,SOFT,3
1273,9864,1,14,1.0,7.0,MEDIUM,3
1273,9864,1,16,1.0,7.0,SOFT,6
1273,9864,1,44,1.0,7.0,MEDIUM,6
1273,9864,1,18,1.0,7.0,MEDIUM,0
1273,9864,1,10,1.0,7.0,MEDIUM,6
1273,9864,1,23,1.0,7.0,SOFT,0
1273,9864,1,6,1.0,7.0,SOFT,3
1273,9864,1,5,1.0,7.0,MEDIUM,6
1273,9864,1,30,1.0,7.0,MEDIUM,5
1273,9864,1,31,1.0,7.0,MEDIUM,6
1273,9864,1,87,1.0,7.0,MEDIUM,6
1273,9864,1,22,1.0,7.0,MEDIUM,6
1273,9864,1,55,1.0,7.0,MEDIUM,6
1273,9864,2,27,7.0,7.0,MEDIUM,0
1273,9864,2,5,8.0,23.0,MEDIUM,10
1273,9864,2,4,8.0,24.0,SOFT,6
1273,9864,2,12,8.0,24.0,MEDIUM,5
1273,9864,2,63,8.0,24.0,MEDIUM,6
1273,9864,2,1,8.0,24.0,MEDIUM,0
1273,9864,2,16,8.0,24.0,MEDIUM,8
1273,9864,2,14,8.0,24.0,SOFT,3
1273,9864,2,44,8.0,24.0,MEDIUM,8
1273,9864,2,10,8.0,24.0,SOFT,0
1273,9864,2,18,8.0,24.0,SOFT,3
1273,9864,2,6,8.0,24.0,MEDIUM,6
1273,9864,2,31,8.0,24.0,MEDIUM,10
1273,9864,2,87,8.0,24.0,MEDIUM,10
1273,9864,2,30,8.0,24.0,MEDIUM,12
1273,9864,2,22,8.0,24.0,MEDIUM,13
1273,9864,2,55,8.0,24.0,MEDIUM,12
1273,9864,3,27,8.0,24.0,MEDIUM,11
1273,9864,2,23,8.0,24.0,SOFT,7
1273,9865,1,23,1.0,1.0,MEDIUM,12
1273,9865,1,55,1.0,1.0,MEDIUM,13
1273,9865,1,27,1.0,2.0,SOFT,0
1273,9865,1,31,1.0,3.0,SOFT,0
1273,9865,1,30,1.0,3.0,SOFT,0
1273,9865,1,87,1.0,3.0,SOFT,0
1273,9865,1,18,1.0,3.0,MEDIUM,7
1273,9865,1,14,1.0,3.0,MEDIUM,10
1273,9865,1,43,1.0,3.0,SOFT,0
1273,9865,1,10,1.0,3.0,MEDIUM,11
1273,9865,2,55,2.0,4.0,SOFT,0
1273,9865,1,81,1.0,3.0,SOFT,6
1273,9865,2,23,2.0,4.0,SOFT,0
1273,9865,2,27,3.0,5.0,SOFT,0
1273,9865,1,44,1.0,4.0,SOFT,0
1273,9865,1,1,1.0,3.0,SOFT,2
1273,9865,1,4,1.0,6.0,SOFT,0
1273,9865,1,63,1.0,3.0,SOFT,0
1273,9865,2,30,4.0,6.0,SOFT,0
1273,9865,2,18,4.0,6.0,SOFT,0
1273,9865,1,6,1.0,6.0,SOFT,0
1273,9865,1,16,1.0,6.0,MEDIUM,0
1273,9865,2,31,4.0,6.0,SOFT,0
1273,9865,2,14,4.0,6.0,SOFT,0
1273,9865,1,22,1.0,6.0,SOFT,0
1273,9865,3,55,5.0,7.0,SOFT,0
1273,9865,2,10,4.0,6.0,SOFT,0
1273,9865,2,44,5.0,6.0,SOFT,4
1273,9865,2,43,4.0,6.0,SOFT,0
1273,9865,2,81,4.0,6.0,SOFT,0
1273,9865,3,23,5.0,7.0,SOFT,0
1273,9865,2,87,4.0,6.0,SOFT,0
1273,9865,3,27,6.0,8.0,SOFT,0
1273,9865,1,12,1.0,3.0,SOFT,0
1273,9865,3,31,7.0,9.0,SOFT,0
1273,9865,2,22,7.0,9.0,SOFT,0
1273,9865,3,43,7.0,9.0,SOFT,0
1273,9865,2,1,4.0,9.0,SOFT,0
1273,9865,4,55,8.0,10.0,SOFT,0
1273,9865,4,23,8.0,9.0,SOFT,0
1273,9865,3,81,7.0,8.0,SOFT,0
1273,9865,2,16,7.0,9.0,SOFT,0
1273,9865,3,44,7.0,9.0,SOFT,0
1273,9865,3,87,7.0,8.0,SOFT,3
1273,9865,2,6,7.0,9.0,SOFT,0
1273,9865,3,14,7.0,9.0,SOFT,0
1273,9865,3,30,7.0,9.0,SOFT,0
1273,9865,3,18,7.0,9.0,SOFT,0
1273,9865,4,27,9.0,11.0,SOFT,0
1273,9865,3,10,7.0,9.0,SOFT,0
1273,9865,2,4,7.0,9.0,SOFT,0
1273,9865,5,55,11.0,12.0,SOFT,3
1273,9865,5,23,10.0,12.0,SOFT,3
1273,9865,2,63,4.0,6.0,SOFT,0
1273,9865,2,12,4.0,5.0,SOFT,0
1273,9865,4,14,10.0,12.0,SOFT,0
1273,9865,4,18,10.0,12.0,SOFT,0
1273,9865,5,27,12.0,14.0,SOFT,0
1273,9865,3,16,10.0,13.0,SOFT,0
1273,9865,4,44,10.0,12.0,SOFT,0
1273,9865,4,10,10.0,12.0,SOFT,0
1273,9865,6,55,13.0,15.0,SOFT,0
1273,9865,3,6,10.0,12.0,SOFT,0
1273,9865,4,30,10.0,12.0,SOFT,0
1273,9865,6,23,13.0,15.0,SOFT,0
1273,9865,3,4,10.0,12.0,SOFT,3
1273,9865,4,87,9.0,11.0,SOFT,0
1273,9865,4,81,9.0,11.0,SOFT,0
1273,9865,7,55,16.0,17.0,SOFT,0
1273,9865,5,14,13.0,15.0,SOFT,0
1273,9865,5,18,13.0,15.0,SOFT,0
1273,9865,3,12,6.0,8.0,SOFT,0
1273,9865,3,63,7.0,9.0,SOFT,0
1273,9865,7,23,16.0,18.0,SOFT,0
1273,9865,5,44,13.0,16.0,SOFT,0
1273,9865,6,27,15.0,17.0,SOFT,0
1273,9865,5,87,12.0,13.0,SOFT,0
1273,9865,5,10,13.0,15.0,SOFT,0
1273,9865,4,16,14.0,16.0,SOFT,0
1273,9865,4,4,13.0,15.0,SOFT,0
1273,9865,5,30,13.0,15.0,SOFT,0
1273,9865,4,6,13.0,15.0,SOFT,0
1273,9865,5,81,12.0,13.0,SOFT,0
1273,9865,4,63,10.0,10.0,SOFT,0
1273,9865,4,12,9.0,10.0,SOFT,2
1273,9865,7,27,18.0,20.0,SOFT,3
1273,9865,6,87,14.0,16.0,SOFT,0
1273,9865,5,16,17.0,19.0,SOFT,0
1273,9865,5,4,16.0,18.0,SOFT,0
1273,9865,6,81,14.0,16.0,SOFT,0
1273,9865,6,30,16.0,18.0,SOFT,3
1273,9865,5,6,16.0,18.0,SOFT,3
1273,9865,6,10,16.0,18.0,SOFT,0
1273,9865,5,63,11.0,13.0,SOFT,0
1273,9865,5,12,11.0,13.0,SOFT,0
1273,9865,8,27,21.0,23.0,SOFT,0
1273,9865,7,87,17.0,19.0,SOFT,0
1273,9865,6,16,20.0,22.0,SOFT,0
1273,9865,6,4,19.0,21.0,SOFT,0
1273,9865,7,30,19.0,21.0,SOFT,0
1273,9865,7,81,17.0,19.0,SOFT,0
1273,9865,6,6,19.0,21.0,SOFT,0
1273,9865,7,10,19.0,21.0,SOFT,0
1273,9865,6,63,14.0,16.0,MEDIUM,0
1273,9865,6,12,14.0,16.0,SOFT,0
1273,9869,1,63,1.0,34.0,MEDIUM,4
1273,9869,1,22,1.0,2.0,HARD,0
1273,9869,1,55,1.0,17.0,SOFT,0
1273,9869,1,10,1.0,18.0,SOFT,3
1273,9869,1,1,1.0,7.0,HARD,0
1273,9869,1,43,1.0,29.0,MEDIUM,0
1273,9869,1,12,1.0,21.0,SOFT,3
1273,9869,1,27,1.0,36.0,MEDIUM,0
1273,9869,1,31,1.0,8.0,HARD,0
1273,9869,1,16,1.0,5.0,MEDIUM,0
1273,9869,1,87,1.0,17.0,SOFT,2
1273,9869,1,18,1.0,29.0,HARD,0
1273,9869,1,4,1.0,30.0,MEDIUM,0
1273,9869,1,44,1.0,2.0,SOFT,0
1273,9869,1,6,1.0,18.0,SOFT,3
1273,9869,1,30,1.0,19.0,SOFT,3
1273,9869,1,81,1.0,38.0,MEDIUM,0
1273,9869,1,23,1.0,35.0,MEDIUM,6
1273,9869,1,14,1.0,28.0,HARD,0
1273,9869,1,5,1.0,1.0,SOFT,0
1273,9869,2,22,3.0,24.0,MEDIUM,0
1273,9869,2,44,3.0,14.0,HARD,0
1273,9869,2,1,8.0,34.0,MEDIUM,0
1273,9869,2,31,9.0,47.0,MEDIUM,0
1273,9869,3,44,15.0,32.0,MEDIUM,0
1273,9869,2,87,18.0,42.0,MEDIUM,0
1273,9869,2,55,18.0,38.0,MEDIUM,0
1273,9869,2,6,19.0,37.0,MEDIUM,6
1273,9869,2,10,19.0,39.0,MEDIUM,0
1273,9869,2,30,20.0,71.0,MEDIUM,0
1273,9869,2,12,22.0,47.0,MEDIUM,0
1273,9869,3,22,25.0,47.0,MEDIUM,0
1273,9869,2,14,29.0,46.0,MEDIUM,6
1273,9869,2,18,30.0,54.0,MEDIUM,0
1273,9869,2,43,30.0,43.0,SOFT,0
1273,9869,2,4,31.0,50.0,SOFT,3
1273,9869,4,44,33.0,37.0,MEDIUM,0
1273,9869,2,63,35.0,48.0,SOFT,1
1273,9869,3,1,35.0,54.0,MEDIUM,0
1273,9869,2,23,36.0,55.0,SOFT,2
1273,9869,2,27,37.0,71.0,SOFT,0
1273,9869,3,6,38.0,71.0,MEDIUM,0
1273,9869,2,81,39.0,51.0,SOFT,2
1273,9869,3,55,39.0,71.0,MEDIUM,0
1273,9869,3,10,40.0,71.0,MEDIUM,6
1273,9869,3,87,43.0,71.0,MEDIUM,0
1273,9869,3,43,44.0,71.0,MEDIUM,0
1273,9869,3,14,47.0,71.0,MEDIUM,0
1273,9869,3,12,48.0,71.0,MEDIUM,5
1273,9869,3,31,48.0,71.0,MEDIUM,0
1273,9869,4,22,48.0,71.0,MEDIUM,0
1273,9869,3,63,49.0,71.0,MEDIUM,3
1273,9869,3,4,51.0,71.0,MEDIUM,9
1273,9869,3,81,52.0,71.0,MEDIUM,0
1273,9869,4,1,55.0,71.0,SOFT,0
1273,9869,3,18,55.0,71.0,MEDIUM,0
1273,9869,3,23,56.0,71.0,MEDIUM,0
1272,9873,1,18,1.0,3.0,SOFT,1
1272,9873,1,87,1.0,3.0,SOFT,0
1272,9873,1,31,1.0,3.0,SOFT,0
1272,9873,1,14,1.0,3.0,SOFT,1
1272,9873,1,10,1.0,3.0,SOFT,0
1272,9873,1,43,1.0,3.0,SOFT,0
1272,9873,1,5,1.0,3.0,SOFT,0
1272,9873,1,27,1.0,3.0,SOFT,0
1272,9873,1,23,1.0,3.0,SOFT,0
1272,9873,1,6,1.0,3.0,SOFT,0
1272,9873,1,30,1.0,3.0,SOFT,0
1272,9873,1,1,1.0,3.0,SOFT,0
1272,9873,1,22,1.0,3.0,SOFT,0
1272,9873,1,4,1.0,6.0,SOFT,0
1272,9873,2,18,4.0,6.0,SOFT,1
1272,9873,1,12,1.0,3.0,SOFT,0
1272,9873,1,55,1.0,3.0,SOFT,0
1272,9873,2,10,4.0,6.0,SOFT,0
1272,9873,2,43,4.0,6.0,SOFT,0
1272,9873,2,5,4.0,6.0,SOFT,3
1272,9873,2,27,4.0,6.0,SOFT,0
1272,9873,2,31,4.0,6.0,SOFT,0
1272,9873,2,87,4.0,6.0,SOFT,0
1272,9873,1,63,1.0,3.0,SOFT,0
1272,9873,1,44,1.0,6.0,SOFT,0
1272,9873,2,14,4.0,6.0,SOFT,1
1272,9873,1,81,1.0,6.0,SOFT,0
1272,9873,1,16,1.0,6.0,SOFT,0
1272,9873,2,23,4.0,6.0,SOFT,0
1272,9873,3,43,7.0,8.0,SOFT,0
1272,9873,3,18,7.0,9.0,SOFT,1
1272,9873,3,10,7.0,9.0,SOFT,0
1272,9873,3,5,7.0,9.0,SOFT,0
1272,9873,3,23,7.0,9.0,SOFT,0
1272,9873,2,6,4.0,6.0,SOFT,0
1272,9873,2,30,4.0,6.0,SOFT,0
1272,9873,3,27,7.0,9.0,SOFT,0
1272,9873,3,14,7.0,9.0,SOFT,1
1272,9873,2,44,7.0,9.0,SOFT,0
1272,9873,2,1,4.0,6.0,SOFT,3
1272,9873,2,16,7.0,8.0,SOFT,6
1272,9873,2,22,4.0,6.0,SOFT,0
1272,9873,3,31,7.0,9.0,SOFT,0
1272,9873,3,87,7.0,9.0,SOFT,0
1272,9873,2,55,4.0,6.0,SOFT,0
1272,9873,2,4,7.0,9.0,SOFT,0
1272,9873,2,81,7.0,8.0,SOFT,0
1272,9873,2,12,4.0,6.0,SOFT,0
1272,9873,2,63,4.0,6.0,SOFT,0
1272,9873,3,6,7.0,9.0,SOFT,0
1272,9873,3,30,7.0,8.0,SOFT,0
1272,9873,4,27,10.0,12.0,SOFT,0
1272,9873,4,31,10.0,12.0,SOFT,0
1272,9873,3,1,7.0,9.0,SOFT,0
1272,9873,4,87,10.0,12.0,SOFT,3
1272,9873,3,44,10.0,12.0,SOFT,3
1272,9873,3,12,7.0,9.0,SOFT,0
1272,9873,3,63,7.0,9.0,SOFT,0
1272,9873,3,55,7.0,9.0,SOFT,0
1272,9873,3,4,10.0,12.0,SOFT,0
1272,9873,3,16,9.0,11.0,SOFT,0
1272,9873,3,22,7.0,9.0,SOFT,0
1272,9873,4,14,10.0,12.0,SOFT,4
1272,9873,3,81,9.0,11.0,SOFT,2
1272,9873,4,30,9.0,10.0,SOFT,0
1272,9873,5,27,13.0,15.0,SOFT,0
1272,9873,5,31,13.0,15.0,SOFT,0
1272,9873,4,22,10.0,12.0,SOFT,0
1272,9873,5,14,13.0,15.0,SOFT,1
1272,9873,5,30,11.0,13.0,SOFT,3
1272,9873,4,1,10.0,12.0,SOFT,0
1272,9873,5,87,13.0,15.0,SOFT,0
1272,9873,4,4,13.0,15.0,SOFT,0
1272,9873,4,81,12.0,14.0,SOFT,0
1272,9873,4,55,10.0,12.0,SOFT,0
1272,9873,4,6,10.0,12.0,SOFT,0
1272,9873,4,44,13.0,15.0,SOFT,0
1272,9873,4,16,12.0,14.0,SOFT,3
1272,9873,4,12,10.0,12.0,SOFT,0
1272,9873,4,63,10.0,12.0,SOFT,0
1272,9873,6,87,16.0,18.0,SOFT,3
1272,9873,5,81,15.0,17.0,SOFT,0
1272,9873,5,1,13.0,15.0,SOFT,0
1272,9873,5,55,13.0,15.0,SOFT,0
1272,9873,5,6,13.0,15.0,SOFT,3
1272,9873,5,4,16.0,18.0,SOFT,0
1272,9873,5,44,16.0,18.0,SOFT,0
1272,9873,5,16,15.0,17.0,SOFT,0
1272,9873,5,12,13.0,15.0,SOFT,3
1272,9873,5,63,13.0,15.0,SOFT,0
1272,9873,7,87,19.0,21.0,SOFT,0
1272,9873,6,81,18.0,20.0,SOFT,0
1272,9873,6,1,16.0,18.0,SOFT,0
1272,9873,6,55,16.0,18.0,SOFT,0
1272,9873,6,6,16.0,18.0,SOFT,0
1272,9873,6,4,19.0,21.0,SOFT,0
1272,9873,6,44,19.0,21.0,SOFT,0
1272,9873,6,16,18.0,20.0,SOFT,0
1272,9873,6,12,16.0,18.0,SOFT,0
1272,9873,6,63,16.0,18.0,SOFT,0
1272,9877,1,30,1.0,2.0,SOFT,0
1272,9877,2,30,3.0,5.0,HARD,0
1272,9877,1,55,1.0,17.0,MEDIUM,0
1272,9877,1,14,1.0,20.0,SOFT,0
1272,9877,1,12,1.0,22.0,SOFT,3
1272,9877,1,44,1.0,23.0,SOFT,3
1272,9877,1,87,1.0,24.0,SOFT,3
1272,9877,1,81,1.0,24.0,SOFT,3
1272,9877,1,63,1.0,25.0,SOFT,3
1272,9877,1,27,1.0,25.0,SOFT,0
1272,9877,1,18,1.0,26.0,SOFT,0
1272,9877,1,31,1.0,27.0,SOFT,0
1272,9877,1,16,1.0,31.0,SOFT,0
1272,9877,1,10,1.0,33.0,MEDIUM,0
1272,9877,1,4,1.0,34.0,SOFT,0
1272,9877,1,6,1.0,34.0,MEDIUM,0
1272,9877,2,14,21.0,34.0,MEDIUM,1
1272,9877,1,22,1.0,36.0,MEDIUM,0
1272,9877,1,1,1.0,37.0,MEDIUM,0
1272,9877,1,5,1.0,37.0,MEDIUM,0
1272,9877,1,23,1.0,41.0,HARD,0
1272,9877,2,18,27.0,43.0,MEDIUM,1
1272,9877,2,55,18.0,46.0,SOFT,0
1272,9877,2,12,23.0,47.0,MEDIUM,0
1272,9877,2,81,25.0,47.0,MEDIUM,0
1272,9877,2,44,24.0,47.0,MEDIUM,0
1272,9877,2,87,25.0,48.0,MEDIUM,0
1272,9877,2,63,26.0,48.0,MEDIUM,0
1272,9877,1,43,1.0,48.0,HARD,0
1272,9877,3,55,47.0,56.0,SOFT,3
1272,9877,4,55,57.0,67.0,SOFT,13
1272,9877,2,4,35.0,71.0,MEDIUM,0
1272,9877,2,23,42.0,70.0,SOFT,0
1272,9877,2,6,35.0,70.0,SOFT,3
1272,9877,3,18,44.0,70.0,SOFT,1
1272,9877,2,16,32.0,71.0,MEDIUM,0
1272,9877,2,1,38.0,71.0,SOFT,3
1272,9877,3,87,49.0,71.0,SOFT,3
1272,9877,3,81,48.0,71.0,SOFT,3
1272,9877,2,10,34.0,70.0,SOFT,0
1272,9877,2,43,49.0,70.0,SOFT,0
1272,9877,3,12,48.0,71.0,SOFT,3
1272,9877,3,63,49.0,71.0,SOFT,3
1272,9877,3,44,48.0,71.0,SOFT,3
1272,9877,2,31,28.0,71.0,MEDIUM,0
1272,9877,2,5,38.0,71.0,SOFT,0
1272,9877,2,22,37.0,71.0,SOFT,0
1271,9879,1,23,1.0,3.0,MEDIUM,0
1271,9879,1,55,1.0,3.0,MEDIUM,0
1271,9879,1,43,1.0,3.0,MEDIUM,0
1271,9879,1,6,1.0,3.0,MEDIUM,0
1271,9879,1,27,1.0,3.0,MEDIUM,0
1271,9879,1,18,1.0,3.0,MEDIUM,0
1271,9879,1,44,1.0,3.0,MEDIUM,0
1271,9879,1,87,1.0,3.0,MEDIUM,0
1271,9879,1,5,1.0,3.0,MEDIUM,0
1271,9879,1,14,1.0,3.0,MEDIUM,0
1271,9879,1,31,1.0,3.0,MEDIUM,0
1271,9879,1,22,1.0,3.0,MEDIUM,0
1271,9879,1,30,1.0,3.0,MEDIUM,0
1271,9879,2,87,4.0,5.0,MEDIUM,3
1271,9879,2,31,4.0,5.0,MEDIUM,3
1271,9879,2,5,4.0,5.0,MEDIUM,3
1271,9879,2,22,4.0,5.0,MEDIUM,3
1271,9879,2,43,4.0,6.0,MEDIUM,3
1271,9879,1,1,1.0,6.0,MEDIUM,0
1271,9879,2,18,4.0,5.0,MEDIUM,3
1271,9879,2,14,4.0,4.0,MEDIUM,3
1271,9879,1,63,1.0,5.0,MEDIUM,0
1271,9879,1,12,1.0,5.0,MEDIUM,0
1271,9879,2,23,4.0,6.0,MEDIUM,0
1271,9879,2,55,4.0,6.0,MEDIUM,3
1271,9879,1,81,1.0,6.0,MEDIUM,0
1271,9879,1,4,1.0,6.0,MEDIUM,0
1271,9879,1,16,1.0,6.0,MEDIUM,0
1271,9879,2,44,4.0,5.0,MEDIUM,3
1271,9879,2,30,4.0,5.0,MEDIUM,3
1271,9879,2,6,4.0,6.0,MEDIUM,3
1271,9879,2,27,4.0,6.0,MEDIUM,3
1271,9879,1,10,1.0,6.0,MEDIUM,0
1271,9879,3,23,7.0,9.0,MEDIUM,0
1271,9879,3,18,6.0,10.0,MEDIUM,0
1271,9879,3,55,7.0,9.0,MEDIUM,0
1271,9879,3,30,6.0,8.0,MEDIUM,0
1271,9879,3,6,7.0,9.0,MEDIUM,0
1271,9879,2,10,7.0,9.0,MEDIUM,0
1271,9879,2,12,6.0,11.0,MEDIUM,0
1271,9879,2,63,6.0,10.0,MEDIUM,0
1271,9879,4,23,10.0,11.0,MEDIUM,3
1271,9879,4,55,10.0,11.0,MEDIUM,3
1271,9879,3,63,11.0,13.0,SOFT,0
1271,9879,3,27,7.0,9.0,MEDIUM,0
1271,9879,2,16,7.0,12.0,MEDIUM,0
1271,9879,5,23,12.0,14.0,SOFT,0
1271,9879,3,44,6.0,11.0,MEDIUM,0
1271,9879,5,55,12.0,14.0,SOFT,0
1271,9879,2,4,7.0,9.0,MEDIUM,0
1271,9879,3,14,5.0,9.0,MEDIUM,0
1271,9879,2,81,7.0,10.0,MEDIUM,0
1271,9879,2,1,7.0,9.0,MEDIUM,0
1271,9879,4,27,10.0,12.0,SOFT,0
1271,9879,3,16,13.0,15.0,SOFT,0
1271,9879,4,44,12.0,14.0,SOFT,0
1271,9879,3,4,10.0,12.0,SOFT,0
1271,9879,4,14,10.0,12.0,SOFT,0
1271,9879,3,81,11.0,13.0,SOFT,0
1271,9879,3,1,10.0,12.0,SOFT,0
1271,9883,1,14,1.0,1.0,MEDIUM,0
1271,9883,1,81,1.0,1.0,MEDIUM,0
1271,9883,1,4,1.0,1.0,MEDIUM,0
1271,9883,1,18,1.0,1.0,MEDIUM,5
1271,9883,1,27,1.0,1.0,MEDIUM,0
1271,9883,1,43,1.0,1.0,MEDIUM,0
1271,9883,2,43,2.0,2.0,UNKNOWN,6
1271,9883,1,31,1.0,15.0,MEDIUM,0
1271,9883,2,18,2.0,15.0,MEDIUM,5
1271,9883,1,1,1.0,19.0,MEDIUM,0
1271,9883,1,63,1.0,19.0,MEDIUM,5
1271,9883,1,55,1.0,19.0,MEDIUM,0
1271,9883,1,44,1.0,19.0,MEDIUM,5
1271,9883,1,16,1.0,19.0,MEDIUM,1
1271,9883,1,23,1.0,19.0,MEDIUM,0
1271,9883,1,22,1.0,19.0,MEDIUM,0
1271,9883,1,87,1.0,19.0,MEDIUM,0
1271,9883,1,12,1.0,19.0,MEDIUM,5
1271,9883,1,30,1.0,19.0,MEDIUM,5
1271,9883,1,10,1.0,19.0,MEDIUM,0
1271,9883,1,5,1.0,19.0,MEDIUM,0
1271,9883,1,6,1.0,19.0,MEDIUM,6
1271,9883,2,27,2.0,19.0,MEDIUM,0
1271,9883,3,43,3.0,19.0,MEDIUM,0
1271,9884,1,6,1.0,2.0,SOFT,0
1271,9884,1,27,1.0,2.0,SOFT,0
1271,9884,1,5,1.0,2.0,SOFT,0
1271,9884,1,23,1.0,1.0,SOFT,3
1271,9884,1,55,1.0,1.0,SOFT,3
1271,9884,1,87,1.0,2.0,SOFT,6
1271,9884,1,31,1.0,2.0,SOFT,6
1271,9884,1,30,1.0,2.0,SOFT,0
1271,9884,1,14,1.0,2.0,SOFT,2
1271,9884,1,43,1.0,2.0,SOFT,0
1271,9884,1,18,1.0,1.0,SOFT,6
1271,9884,1,63,1.0,1.0,SOFT,3
1271,9884,1,16,1.0,1.0,SOFT,3
1271,9884,1,10,1.0,2.0,SOFT,0
1271,9884,1,22,1.0,1.0,SOFT,7
1271,9884,1,4,1.0,1.0,SOFT,0
1271,9884,1,44,1.0,1.0,MEDIUM,6
1271,9884,1,81,1.0,1.0,SOFT,3
1271,9884,2,23,2.0,3.0,SOFT,4
1271,9884,2,55,2.0,3.0,SOFT,4
1271,9884,2,4,2.0,2.0,SOFT,4
1271,9884,2,63,2.0,4.0,SOFT,0
1271,9884,2,22,2.0,4.0,SOFT,0
1271,9884,1,12,1.0,3.0,SOFT,0
1271,9884,1,1,1.0,3.0,SOFT,3
1271,9884,2,87,3.0,5.0,SOFT,0
1271,9884,2,27,3.0,5.0,SOFT,0
1271,9884,2,5,3.0,5.0,SOFT,2
1271,9884,2,18,2.0,4.0,SOFT,0
1271,9884,2,31,3.0,5.0,SOFT,0
1271,9884,2,30,3.0,5.0,SOFT,0
1271,9884,2,10,3.0,5.0,SOFT,0
1271,9884,2,43,3.0,5.0,SOFT,0
1271,9884,2,16,2.0,4.0,SOFT,0
1271,9884,2,44,2.0,4.0,SOFT,0
1271,9884,3,55,4.0,6.0,SOFT,0
1271,9884,3,23,4.0,6.0,SOFT,0
1271,9884,2,14,3.0,5.0,SOFT,0
1271,9884,3,5,6.0,8.0,SOFT,0
1271,9884,3,18,5.0,7.0,SOFT,0
1271,9884,3,31,6.0,8.0,SOFT,0
1271,9884,4,23,7.0,9.0,SOFT,0
1271,9884,3,87,6.0,8.0,SOFT,0
1271,9884,3,63,5.0,7.0,SOFT,0
1271,9884,2,12,4.0,6.0,SOFT,0
1271,9884,3,30,6.0,8.0,SOFT,0
1271,9884,3,43,6.0,8.0,SOFT,0
1271,9884,3,10,6.0,8.0,SOFT,0
1271,9884,4,55,7.0,8.0,SOFT,0
1271,9884,3,14,6.0,6.0,SOFT,0
1271,9884,3,27,6.0,8.0,SOFT,0
1271,9884,3,4,3.0,8.0,SOFT,0
1271,9884,2,1,4.0,6.0,SOFT,0
1271,9884,3,22,5.0,7.0,SOFT,0
1271,9884,2,81,2.0,8.0,SOFT,0
1271,9884,3,16,5.0,7.0,SOFT,3
1271,9884,3,44,5.0,7.0,SOFT,3
1271,9884,4,63,8.0,10.0,SOFT,3
1271,9884,4,22,8.0,10.0,SOFT,0
1271,9884,4,27,9.0,11.0,SOFT,3
1271,9884,3,12,7.0,9.0,SOFT,0
1271,9884,4,87,9.0,11.0,SOFT,0
1271,9884,4,30,9.0,11.0,SOFT,0
1271,9884,4,14,7.0,9.0,SOFT,3
1271,9884,5,55,9.0,11.0,SOFT,0
1271,9884,4,43,9.0,11.0,SOFT,0
1271,9884,4,10,9.0,11.0,SOFT,0
1271,9884,4,4,9.0,11.0,SOFT,0
1271,9884,4,16,8.0,10.0,SOFT,0
1271,9884,4,44,8.0,10.0,SOFT,0
1271,9884,3,81,9.0,11.0,SOFT,0
1271,9884,5,87,12.0,13.0,SOFT,0
1271,9884,5,22,11.0,13.0,SOFT,0
1271,9884,5,27,12.0,14.0,SOFT,0
1271,9884,5,30,12.0,14.0,SOFT,0
1271,9884,5,43,12.0,14.0,SOFT,0
1271,9884,5,10,12.0,14.0,SOFT,0
1271,9884,4,81,12.0,13.0,SOFT,0
1271,9884,5,63,11.0,13.0,SOFT,0
1271,9884,4,12,10.0,12.0,SOFT,0
1271,9884,5,16,11.0,11.0,SOFT,0
1271,9884,6,55,12.0,14.0,SOFT,0
1271,9884,5,44,11.0,12.0,SOFT,0
1271,9884,5,4,12.0,14.0,SOFT,3
1271,9884,5,14,10.0,12.0,SOFT,0
1271,9884,3,1,7.0,9.0,SOFT,0
1271,9884,6,16,12.0,14.0,SOFT,0
1271,9884,6,44,13.0,15.0,SOFT,0
1271,9884,6,87,14.0,16.0,SOFT,2
1271,9884,6,63,14.0,16.0,SOFT,0
1271,9884,7,55,15.0,17.0,SOFT,2
1271,9884,6,4,15.0,17.0,SOFT,0
1271,9884,5,81,14.0,16.0,SOFT,2
1271,9884,5,12,13.0,15.0,SOFT,0
1271,9884,6,14,13.0,15.0,SOFT,3
1271,9884,4,1,10.0,12.0,SOFT,0
1271,9884,7,16,15.0,17.0,SOFT,0
1271,9884,5,1,13.0,14.0,SOFT,0
1271,9884,7,44,16.0,18.0,SOFT,0
1271,9884,7,87,17.0,19.0,SOFT,0
1271,9884,7,63,17.0,19.0,SOFT,0
1271,9884,8,55,18.0,20.0,SOFT,0
1271,9884,7,4,18.0,20.0,SOFT,0
1271,9884,6,81,17.0,19.0,SOFT,0
1271,9884,7,14,16.0,18.0,SOFT,0
1271,9884,6,12,16.0,18.0,SOFT,0
1271,9888,1,55,1.0,5.0,MEDIUM,0
1271,9888,1,23,1.0,7.0,HARD,0
1271,9888,1,5,1.0,14.0,SOFT,0
1271,9888,1,16,1.0,22.0,SOFT,3
1271,9888,1,31,1.0,24.0,HARD,0
1271,9888,1,10,1.0,27.0,MEDIUM,0
1271,9888,1,18,1.0,28.0,SOFT,0
1271,9888,1,6,1.0,28.0,HARD,0
1271,9888,1,22,1.0,29.0,MEDIUM,0
1271,9888,1,81,1.0,30.0,MEDIUM,0
1271,9888,1,87,1.0,30.0,MEDIUM,0
1271,9888,1,14,1.0,30.0,MEDIUM,1
1271,9888,1,30,1.0,30.0,MEDIUM,0
1271,9888,1,44,1.0,31.0,MEDIUM,0
1271,9888,1,12,1.0,31.0,MEDIUM,0
1271,9888,1,4,1.0,32.0,MEDIUM,0
1271,9888,1,43,1.0,32.0,MEDIUM,0
1271,9888,1,1,1.0,33.0,MEDIUM,0
1271,9888,1,63,1.0,33.0,MEDIUM,0
1271,9888,1,27,1.0,33.0,MEDIUM,0
1271,9888,2,23,8.0,36.0,MEDIUM,0
1271,9888,2,5,15.0,36.0,MEDIUM,0
1271,9888,2,1,34.0,56.0,SOFT,2
1271,9888,2,43,33.0,55.0,SOFT,2
1271,9888,3,5,37.0,55.0,SOFT,0
1271,9888,2,10,28.0,55.0,SOFT,2
1271,9888,2,4,33.0,56.0,SOFT,6
1271,9888,2,16,23.0,56.0,MEDIUM,0
1271,9888,2,44,32.0,56.0,SOFT,2
1271,9888,2,81,31.0,56.0,SOFT,3
1271,9888,2,63,34.0,56.0,SOFT,3
1271,9888,2,22,30.0,56.0,SOFT,0
1271,9888,2,27,34.0,56.0,SOFT,0
1271,9888,2,87,31.0,56.0,SOFT,3
1271,9888,2,14,31.0,56.0,SOFT,3
1271,9888,2,30,31.0,56.0,SOFT,0
1271,9888,2,18,29.0,56.0,MEDIUM,1
1271,9888,2,12,32.0,56.0,SOFT,3
1271,9888,3,23,37.0,56.0,SOFT,0
1271,9888,2,31,25.0,56.0,MEDIUM,0
1271,9888,2,6,29.0,56.0,SOFT,0
1270,9892,1,43,1.0,3.0,SOFT,0
1270,9892,1,10,1.0,3.0,SOFT,0
1270,9892,1,23,1.0,3.0,SOFT,0
1270,9892,1,55,1.0,3.0,SOFT,0
1270,9892,1,27,1.0,3.0,SOFT,0
1270,9892,1,81,1.0,2.0,SOFT,0
1270,9892,1,30,1.0,3.0,SOFT,0
1270,9892,1,4,1.0,3.0,SOFT,0
1270,9892,1,12,1.0,2.0,SOFT,0
1270,9892,1,44,1.0,6.0,SOFT,0
1270,9892,1,18,1.0,6.0,SOFT,0
1270,9892,1,1,1.0,3.0,SOFT,0
1270,9892,1,14,1.0,3.0,SOFT,0
1270,9892,1,16,1.0,6.0,SOFT,0
1270,9892,2,43,4.0,6.0,SOFT,0
1270,9892,2,10,4.0,6.0,SOFT,0
1270,9892,1,63,1.0,3.0,SOFT,0
1270,9892,1,22,1.0,3.0,SOFT,0
1270,9892,1,6,1.0,6.0,SOFT,0
1270,9892,2,27,4.0,6.0,SOFT,3
1270,9892,1,5,1.0,5.0,SOFT,0
1270,9892,1,87,1.0,3.0,SOFT,0
1270,9892,1,31,1.0,3.0,SOFT,0
1270,9892,2,23,4.0,6.0,SOFT,3
1270,9892,2,55,4.0,6.0,SOFT,3
1270,9892,2,30,4.0,6.0,SOFT,0
1270,9892,3,10,7.0,8.0,SOFT,0
1270,9892,2,18,7.0,9.0,SOFT,0
1270,9892,3,43,7.0,9.0,SOFT,0
1270,9892,2,5,6.0,8.0,SOFT,0
1270,9892,2,31,4.0,6.0,SOFT,0
1270,9892,2,1,4.0,6.0,SOFT,3
1270,9892,2,87,4.0,5.0,SOFT,0
1270,9892,2,6,7.0,8.0,SOFT,0
1270,9892,3,23,7.0,8.0,SOFT,0
1270,9892,3,55,7.0,8.0,SOFT,0
1270,9892,2,14,4.0,6.0,SOFT,0
1270,9892,2,22,4.0,6.0,SOFT,0
1270,9892,3,30,7.0,8.0,SOFT,0
1270,9892,2,44,7.0,9.0,SOFT,0
1270,9892,2,16,7.0,9.0,SOFT,0
1270,9892,2,63,4.0,6.0,SOFT,0
1270,9892,2,12,3.0,5.0,SOFT,0
1270,9892,2,4,4.0,8.0,SOFT,0
1270,9892,3,27,7.0,9.0,SOFT,0
1270,9892,2,81,3.0,8.0,SOFT,0
1270,9892,3,12,6.0,8.0,SOFT,0
1270,9892,3,63,7.0,9.0,SOFT,3
1270,9892,3,22,7.0,9.0,SOFT,0
1270,9892,4,23,9.0,11.0,SOFT,0
1270,9892,3,1,7.0,9.0,SOFT,0
1270,9892,4,55,9.0,11.0,SOFT,0
1270,9892,3,6,9.0,11.0,SOFT,0
1270,9892,3,87,6.0,8.0,SOFT,0
1270,9892,4,30,9.0,11.0,SOFT,2
1270,9892,3,4,9.0,11.0,SOFT,3
1270,9892,3,14,7.0,9.0,SOFT,0
1270,9892,3,81,9.0,11.0,SOFT,2
1270,9892,3,16,10.0,13.0,SOFT,0
1270,9892,4,27,10.0,12.0,SOFT,0
1270,9892,3,44,10.0,13.0,SOFT,0
1270,9892,4,22,10.0,12.0,SOFT,0
1270,9892,5,23,12.0,14.0,SOFT,0
1270,9892,5,55,12.0,14.0,SOFT,0
1270,9892,5,30,12.0,14.0,SOFT,0
1270,9892,5,27,13.0,15.0,SOFT,0
1270,9892,4,87,9.0,11.0,SOFT,0
1270,9892,4,63,10.0,12.0,SOFT,0
1270,9892,4,12,9.0,11.0,SOFT,0
1270,9892,4,14,10.0,12.0,SOFT,0
1270,9892,4,6,12.0,14.0,SOFT,0
1270,9892,4,4,12.0,14.0,SOFT,0
1270,9892,4,16,14.0,16.0,SOFT,0
1270,9892,4,44,14.0,14.0,SOFT,0
1270,9892,4,81,12.0,14.0,SOFT,0
1270,9892,4,1,10.0,12.0,SOFT,0
1270,9892,5,87,12.0,14.0,SOFT,2
1270,9892,5,4,15.0,17.0,SOFT,0
1270,9892,5,6,15.0,17.0,SOFT,0
1270,9892,5,16,17.0,19.0,SOFT,3
1270,9892,5,63,13.0,15.0,SOFT,0
1270,9892,5,12,12.0,14.0,SOFT,0
1270,9892,5,14,13.0,15.0,SOFT,3
1270,9892,5,44,15.0,17.0,SOFT,0
1270,9892,5,81,15.0,17.0,SOFT,0
1270,9892,5,1,13.0,15.0,SOFT,0
1270,9892,6,6,18.0,19.0,SOFT,0
1270,9892,6,87,15.0,17.0,SOFT,0
1270,9892,6,4,18.0,20.0,SOFT,0
1270,9892,6,16,20.0,22.0,SOFT,0
1270,9892,6,63,16.0,18.0,SOFT,0
1270,9892,6,12,15.0,17.0,SOFT,0
1270,9892,6,14,16.0,18.0,SOFT,0
1270,9892,6,44,18.0,20.0,SOFT,1
1270,9892,6,81,18.0,20.0,SOFT,0
1270,9892,6,1,16.0,18.0,SOFT,0
1270,9896,1,5,1.0,13.0,MEDIUM,0
1270,9896,1,22,1.0,13.0,SOFT,0
1270,9896,1,43,1.0,14.0,SOFT,0
1270,9896,1,1,1.0,19.0,SOFT,3
1270,9896,1,6,1.0,20.0,SOFT,2
1270,9896,1,16,1.0,21.0,MEDIUM,0
1270,9896,1,87,1.0,23.0,MEDIUM,0
1270,9896,1,44,1.0,24.0,MEDIUM,0
1270,9896,1,10,1.0,24.0,MEDIUM,0
1270,9896,1,63,1.0,25.0,MEDIUM,0
1270,9896,1,12,1.0,25.0,MEDIUM,0
1270,9896,1,27,1.0,25.0,MEDIUM,0
1270,9896,1,4,1.0,26.0,MEDIUM,0
1270,9896,1,81,1.0,27.0,MEDIUM,0
1270,9896,1,14,1.0,27.0,SOFT,3
1270,9896,1,31,1.0,30.0,MEDIUM,0
1270,9896,1,18,1.0,38.0,SOFT,0
1270,9896,1,23,1.0,42.0,MEDIUM,0
1270,9896,2,27,26.0,44.0,HARD,0
1270,9896,2,44,25.0,46.0,HARD,0
1270,9896,1,30,1.0,48.0,MEDIUM,0
1270,9896,1,55,1.0,50.0,MEDIUM,0
1270,9896,2,10,25.0,51.0,HARD,0
1270,9896,2,63,26.0,62.0,HARD,0
1270,9896,2,1,20.0,62.0,HARD,0
1270,9896,2,4,27.0,62.0,HARD,0
1270,9896,2,81,28.0,62.0,HARD,0
1270,9896,2,55,51.0,61.0,SOFT,0
1270,9896,2,6,21.0,61.0,HARD,0
1270,9896,2,22,14.0,61.0,HARD,0
1270,9896,2,18,39.0,61.0,MEDIUM,1
1270,9896,2,23,43.0,61.0,SOFT,0
1270,9896,2,30,49.0,61.0,SOFT,0
1270,9896,2,12,26.0,62.0,HARD,0
1270,9896,2,43,15.0,61.0,MEDIUM,0
1270,9896,2,16,22.0,62.0,HARD,0
1270,9896,2,5,14.0,61.0,HARD,0
1270,9896,2,31,31.0,61.0,HARD,0
1270,9896,3,10,52.0,61.0,SOFT,0
1270,9896,3,27,45.0,61.0,SOFT,0
1270,9896,3,44,47.0,62.0,SOFT,3
1270,9896,2,14,28.0,62.0,MEDIUM,1
1270,9896,2,87,24.0,62.0,HARD,0
1269,9900,1,23,1.0,4.0,SOFT,0
1269,9900,1,10,1.0,3.0,SOFT,0
1269,9900,1,14,1.0,3.0,SOFT,0
1269,9900,1,18,1.0,3.0,SOFT,0
1269,9900,1,63,1.0,3.0,SOFT,0
1269,9900,1,12,1.0,2.0,SOFT,0
1269,9900,1,22,1.0,3.0,MEDIUM,0
1269,9900,1,16,1.0,3.0,SOFT,0
1269,9900,1,44,1.0,3.0,SOFT,0
1269,9900,1,43,1.0,3.0,SOFT,0
1269,9900,1,81,1.0,2.0,MEDIUM,0
1269,9900,1,4,1.0,3.0,MEDIUM,0
1269,9900,1,1,1.0,3.0,MEDIUM,0
1269,9900,1,55,1.0,3.0,SOFT,0
1269,9900,1,6,1.0,3.0,SOFT,0
1269,9900,1,27,1.0,3.0,SOFT,0
1269,9900,1,5,1.0,3.0,SOFT,0
1269,9900,1,30,1.0,3.0,SOFT,0
1269,9900,1,31,1.0,4.0,SOFT,0
1269,9900,1,87,1.0,4.0,SOFT,0
1269,9900,2,55,4.0,5.0,SOFT,3
1269,9900,2,87,5.0,5.0,SOFT,0
1269,9900,2,31,5.0,5.0,SOFT,0
1269,9900,2,30,4.0,5.0,MEDIUM,0
1269,9900,2,6,4.0,5.0,MEDIUM,0
1269,9900,2,5,4.0,5.0,MEDIUM,0
1269,9900,2,18,4.0,6.0,MEDIUM,0
1269,9900,2,14,4.0,6.0,MEDIUM,0
1269,9900,2,63,4.0,6.0,MEDIUM,0
1269,9900,2,12,3.0,5.0,MEDIUM,0
1269,9900,2,16,4.0,6.0,SOFT,3
1269,9900,2,4,4.0,5.0,MEDIUM,3
1269,9900,2,1,4.0,5.0,MEDIUM,3
1269,9900,2,44,4.0,6.0,SOFT,3
1269,9900,2,22,4.0,6.0,MEDIUM,3
1269,9900,2,81,3.0,5.0,MEDIUM,2
1269,9900,2,27,4.0,5.0,MEDIUM,0
1269,9900,2,10,4.0,6.0,SOFT,0
1269,9900,2,43,4.0,6.0,SOFT,0
1269,9900,3,10,7.0,8.0,MEDIUM,0
1269,9900,3,43,7.0,8.0,MEDIUM,0
1269,9900,3,31,6.0,9.0,SOFT,0
1269,9900,3,27,6.0,8.0,SOFT,0
1269,9900,3,55,6.0,9.0,SOFT,0
1269,9900,3,87,6.0,9.0,SOFT,0
1269,9900,3,6,6.0,9.0,MEDIUM,0
1269,9900,3,30,6.0,9.0,MEDIUM,0
1269,9900,3,14,7.0,10.0,MEDIUM,0
1269,9900,3,16,7.0,9.0,SOFT,6
1269,9900,3,44,7.0,9.0,SOFT,6
1269,9900,3,1,6.0,8.0,MEDIUM,5
1269,9900,3,22,7.0,9.0,SOFT,0
1269,9900,3,81,6.0,7.0,MEDIUM,5
1269,9900,3,4,6.0,8.0,SOFT,0
1269,9900,3,5,6.0,9.0,MEDIUM,2
1269,9900,3,18,7.0,10.0,MEDIUM,0
1269,9900,4,87,10.0,11.0,MEDIUM,0
1269,9900,4,16,10.0,11.0,SOFT,9
1269,9900,4,44,10.0,11.0,SOFT,9
1269,9900,4,5,10.0,10.0,SOFT,0
1269,9900,4,55,10.0,11.0,MEDIUM,0
1269,9900,4,6,10.0,11.0,SOFT,0
1269,9900,4,30,10.0,11.0,SOFT,0
1269,9900,4,18,11.0,11.0,SOFT,0
1269,9900,4,14,11.0,12.0,MEDIUM,4
1269,9900,4,4,9.0,9.0,SOFT,0
1269,9900,4,81,8.0,8.0,SOFT,0
1269,9900,3,63,7.0,9.0,MEDIUM,3
1269,9900,3,12,6.0,8.0,MEDIUM,3
1269,9900,4,22,10.0,11.0,SOFT,0
1269,9900,4,1,9.0,10.0,SOFT,0
1269,9900,5,30,12.0,14.0,SOFT,0
1269,9900,5,16,12.0,14.0,MEDIUM,0
1269,9900,5,4,10.0,12.0,SOFT,4
1269,9900,5,81,9.0,11.0,SOFT,1
1269,9900,4,63,10.0,12.0,MEDIUM,0
1269,9900,4,12,9.0,11.0,MEDIUM,0
1269,9900,5,5,11.0,13.0,SOFT,1
1269,9900,5,6,12.0,14.0,SOFT,0
1269,9900,5,18,12.0,14.0,SOFT,3
1269,9900,5,55,12.0,14.0,MEDIUM,2
1269,9900,5,44,12.0,17.0,SOFT,0
1269,9900,5,14,13.0,18.0,MEDIUM,0
1269,9900,6,18,15.0,16.0,SOFT,0
1269,9900,6,5,14.0,16.0,MEDIUM,0
1269,9900,6,30,15.0,18.0,MEDIUM,0
1269,9900,6,6,15.0,17.0,MEDIUM,4
1269,9900,6,55,15.0,16.0,MEDIUM,0
1269,9900,5,63,13.0,15.0,MEDIUM,0
1269,9900,6,4,13.0,14.0,MEDIUM,0
1269,9900,5,12,12.0,14.0,MEDIUM,0
1269,9900,6,81,12.0,14.0,SOFT,4
1269,9900,6,16,15.0,17.0,MEDIUM,0
1269,9900,5,22,12.0,17.0,MEDIUM,0
1269,9900,5,1,11.0,16.0,MEDIUM,0
1269,9900,7,16,18.0,19.0,MEDIUM,0
1269,9900,6,1,17.0,18.0,MEDIUM,0
1269,9900,7,55,17.0,19.0,MEDIUM,5
1269,9900,7,30,19.0,21.0,SOFT,3
1269,9900,7,6,18.0,20.0,SOFT,3
1269,9900,7,4,15.0,16.0,MEDIUM,0
1269,9900,6,63,16.0,17.0,MEDIUM,0
1269,9900,6,12,15.0,16.0,MEDIUM,6
1269,9900,7,81,15.0,16.0,MEDIUM,0
1269,9900,6,22,18.0,19.0,MEDIUM,6
1269,9900,8,81,17.0,18.0,SOFT,0
1269,9900,8,4,17.0,18.0,SOFT,0
1269,9900,8,55,20.0,20.0,SOFT,4
1269,9900,7,63,18.0,19.0,MEDIUM,2
1269,9900,8,30,22.0,23.0,SOFT,0
1269,9900,7,12,17.0,18.0,MEDIUM,0
1269,9900,8,6,21.0,22.0,SOFT,0
1269,9900,7,1,19.0,20.0,MEDIUM,0
1269,9900,7,22,20.0,20.0,SOFT,0
1269,9900,9,4,19.0,21.0,SOFT,2
1269,9900,8,63,20.0,22.0,SOFT,0
1269,9900,9,55,21.0,23.0,MEDIUM,2
1269,9900,9,30,24.0,26.0,SOFT,2
1269,9900,8,12,19.0,21.0,MEDIUM,2
1269,9900,9,6,23.0,25.0,SOFT,2
1269,9900,8,1,21.0,23.0,SOFT,0
1269,9900,8,22,21.0,23.0,SOFT,1
1269,9904,1,31,1.0,1.0,HARD,0
1269,9904,1,23,1.0,1.0,MEDIUM,0
1269,9904,2,31,2.0,2.0,MEDIUM,0
1269,9904,2,23,2.0,15.0,MEDIUM,0
1269,9904,1,43,1.0,16.0,MEDIUM,0
1269,9904,1,12,1.0,18.0,MEDIUM,5
1269,9904,1,16,1.0,19.0,MEDIUM,3
1269,9904,1,30,1.0,20.0,MEDIUM,6
1269,9904,1,14,1.0,21.0,MEDIUM,3
1269,9904,1,81,1.0,1.0,MEDIUM,0
1269,9904,1,5,1.0,26.0,HARD,0
1269,9904,1,55,1.0,27.0,MEDIUM,5
1269,9904,1,87,1.0,28.0,HARD,0
1269,9904,1,6,1.0,29.0,MEDIUM,4
1269,9904,1,10,1.0,35.0,HARD,0
1269,9904,1,44,1.0,36.0,HARD,0
1269,9904,1,27,1.0,36.0,HARD,0
1269,9904,1,4,1.0,37.0,MEDIUM,0
1269,9904,1,18,1.0,37.0,MEDIUM,3
1269,9904,1,22,1.0,38.0,HARD,0
1269,9904,1,63,1.0,39.0,HARD,0
1269,9904,1,1,1.0,40.0,HARD,0
1269,9904,2,1,41.0,51.0,MEDIUM,4
1269,9904,2,10,36.0,50.0,MEDIUM,0
1269,9904,2,43,17.0,50.0,HARD,0
1269,9904,2,63,40.0,51.0,MEDIUM,6
1269,9904,2,55,28.0,51.0,HARD,0
1269,9904,2,12,19.0,51.0,HARD,0
1269,9904,2,30,21.0,51.0,HARD,1
1269,9904,2,22,39.0,51.0,MEDIUM,6
1269,9904,2,4,38.0,51.0,HARD,0
1269,9904,2,44,37.0,51.0,MEDIUM,0
1269,9904,2,16,20.0,51.0,HARD,0
1269,9904,2,6,30.0,51.0,HARD,1
1269,9904,3,23,16.0,51.0,HARD,0
1269,9904,2,5,27.0,51.0,MEDIUM,0
1269,9904,2,87,29.0,51.0,MEDIUM,0
1269,9904,3,31,3.0,51.0,HARD,1
1269,9904,2,14,22.0,51.0,HARD,0
1269,9904,2,27,37.0,51.0,MEDIUM,0
1269,9904,2,18,38.0,51.0,HARD,0
1268,9908,1,10,1.0,3.0,SOFT,0
1268,9908,1,43,1.0,3.0,SOFT,0
1268,9908,1,31,1.0,3.0,SOFT,0
1268,9908,1,16,1.0,3.0,SOFT,0
1268,9908,1,18,1.0,3.0,SOFT,0
1268,9908,1,14,1.0,3.0,SOFT,0
1268,9908,1,87,1.0,3.0,SOFT,0
1268,9908,1,44,1.0,3.0,SOFT,0
1268,9908,1,63,1.0,3.0,MEDIUM,0
1268,9908,1,27,1.0,3.0,SOFT,0
1268,9908,1,5,1.0,3.0,SOFT,0
1268,9908,1,55,1.0,3.0,SOFT,0
1268,9908,2,31,4.0,6.0,SOFT,0
1268,9908,2,87,4.0,6.0,SOFT,0
1268,9908,1,22,1.0,3.0,SOFT,0
1268,9908,1,1,1.0,3.0,SOFT,0
1268,9908,1,12,1.0,7.0,MEDIUM,0
1268,9908,1,30,1.0,3.0,SOFT,0
1268,9908,1,81,1.0,3.0,SOFT,0
1268,9908,1,4,1.0,3.0,SOFT,0
1268,9908,1,6,1.0,3.0,SOFT,0
1268,9908,2,55,4.0,6.0,SOFT,3
1268,9908,2,10,4.0,6.0,SOFT,0
1268,9908,1,23,1.0,4.0,SOFT,0
1268,9908,2,43,4.0,6.0,SOFT,0
1268,9908,2,18,4.0,6.0,SOFT,0
1268,9908,2,16,4.0,6.0,SOFT,3
1268,9908,2,44,4.0,6.0,SOFT,3
1268,9908,2,5,4.0,6.0,SOFT,3
1268,9908,2,27,4.0,6.0,SOFT,0
1268,9908,2,14,4.0,6.0,SOFT,0
1268,9908,2,30,4.0,5.0,SOFT,0
1268,9908,2,6,4.0,6.0,SOFT,0
1268,9908,3,10,7.0,9.0,SOFT,0
1268,9908,3,43,7.0,9.0,SOFT,0
1268,9908,3,18,7.0,9.0,SOFT,0
1268,9908,2,23,5.0,7.0,SOFT,4
1268,9908,3,55,7.0,10.0,SOFT,0
1268,9908,2,1,4.0,6.0,SOFT,3
1268,9908,3,31,7.0,9.0,SOFT,0
1268,9908,3,87,7.0,9.0,SOFT,0
1268,9908,2,63,4.0,6.0,MEDIUM,3
1268,9908,2,12,8.0,10.0,SOFT,0
1268,9908,2,22,4.0,6.0,SOFT,0
1268,9908,3,14,7.0,8.0,SOFT,0
1268,9908,3,16,7.0,8.0,SOFT,0
1268,9908,3,44,7.0,8.0,SOFT,0
1268,9908,3,5,7.0,9.0,SOFT,0
1268,9908,3,27,7.0,9.0,SOFT,0
1268,9908,2,4,4.0,7.0,SOFT,3
1268,9908,2,81,4.0,7.0,SOFT,3
1268,9908,3,23,8.0,10.0,SOFT,7
1268,9908,4,55,11.0,13.0,SOFT,4
1268,9908,3,4,8.0,9.0,SOFT,0
1268,9908,3,1,7.0,9.0,SOFT,0
1268,9908,3,22,7.0,9.0,SOFT,0
1268,9908,4,31,10.0,12.0,SOFT,3
1268,9908,3,12,11.0,13.0,SOFT,0
1268,9908,4,87,10.0,12.0,SOFT,3
1268,9908,4,14,9.0,11.0,SOFT,2
1268,9908,4,16,9.0,11.0,SOFT,0
1268,9908,4,5,10.0,12.0,SOFT,0
1268,9908,3,63,7.0,9.0,SOFT,0
1268,9908,3,81,8.0,10.0,SOFT,0
1268,9908,4,44,9.0,11.0,SOFT,2
1268,9908,4,27,10.0,12.0,SOFT,0
1268,9908,5,55,14.0,16.0,SOFT,0
1268,9908,4,23,11.0,13.0,SOFT,0
1268,9908,5,31,13.0,15.0,SOFT,0
1268,9908,5,87,13.0,15.0,SOFT,0
1268,9908,5,27,13.0,15.0,SOFT,0
1268,9908,6,55,17.0,19.0,SOFT,3
1268,9908,5,23,14.0,16.0,SOFT,0
1268,9908,4,4,10.0,15.0,SOFT,0
1268,9908,4,12,14.0,16.0,SOFT,0
1268,9908,4,81,11.0,13.0,SOFT,0
1268,9908,4,63,10.0,12.0,SOFT,0
1268,9908,5,16,12.0,14.0,SOFT,0
1268,9908,5,14,12.0,14.0,SOFT,0
1268,9908,5,44,12.0,14.0,SOFT,0
1268,9908,4,22,10.0,12.0,SOFT,0
1268,9908,5,5,13.0,15.0,SOFT,0
1268,9908,4,1,10.0,12.0,SOFT,3
1268,9908,5,22,13.0,15.0,SOFT,3
1268,9908,6,16,15.0,17.0,SOFT,0
1268,9908,6,44,15.0,17.0,SOFT,0
1268,9908,5,81,14.0,16.0,SOFT,0
1268,9908,5,4,16.0,18.0,SOFT,0
1268,9908,6,14,15.0,17.0,SOFT,0
1268,9908,5,1,13.0,15.0,SOFT,0
1268,9908,6,5,16.0,18.0,SOFT,3
1268,9908,5,12,17.0,19.0,SOFT,3
1268,9908,5,63,13.0,15.0,SOFT,0
1268,9908,6,22,16.0,18.0,SOFT,0
1268,9908,7,16,18.0,20.0,SOFT,0
1268,9908,7,44,18.0,20.0,SOFT,0
1268,9908,6,81,17.0,19.0,SOFT,0
1268,9908,6,4,19.0,21.0,SOFT,0
1268,9908,6,1,16.0,18.0,SOFT,0
1268,9908,7,14,18.0,20.0,SOFT,0
1268,9908,7,5,19.0,21.0,SOFT,0
1268,9908,6,12,20.0,22.0,SOFT,0
1268,9908,6,63,16.0,18.0,SOFT,0
1268,9912,1,27,1.0,1.0,MEDIUM,0
1268,9912,1,30,1.0,9.0,SOFT,0
1268,9912,1,87,1.0,18.0,MEDIUM,0
1268,9912,1,22,1.0,19.0,MEDIUM,0
1268,9912,1,5,1.0,20.0,MEDIUM,0
1268,9912,1,14,1.0,20.0,MEDIUM,1
1268,9912,2,14,21.0,24.0,HARD,1
1268,9912,1,63,1.0,27.0,MEDIUM,0
1268,9912,1,12,1.0,28.0,MEDIUM,0
1268,9912,1,55,1.0,30.0,MEDIUM,0
1268,9912,1,6,1.0,32.0,HARD,1
1268,9912,1,16,1.0,33.0,MEDIUM,0
1268,9912,1,43,1.0,33.0,MEDIUM,0
1268,9912,1,1,1.0,37.0,MEDIUM,0
1268,9912,1,44,1.0,38.0,MEDIUM,0
1268,9912,1,23,1.0,41.0,HARD,0
1268,9912,1,81,1.0,45.0,MEDIUM,0
1268,9912,1,4,1.0,46.0,MEDIUM,0
1268,9912,1,18,1.0,49.0,HARD,1
1268,9912,1,10,1.0,49.0,HARD,0
1268,9912,1,31,1.0,51.0,HARD,0
1268,9912,2,1,38.0,53.0,HARD,0
1268,9912,2,31,52.0,52.0,SOFT,0
1268,9912,2,10,50.0,52.0,SOFT,0
1268,9912,2,43,34.0,52.0,HARD,0
1268,9912,2,18,50.0,52.0,SOFT,0
1268,9912,2,4,47.0,53.0,SOFT,2
1268,9912,2,81,46.0,53.0,SOFT,3
1268,9912,2,16,34.0,53.0,HARD,0
1268,9912,2,63,28.0,53.0,HARD,0
1268,9912,2,44,39.0,53.0,HARD,0
1268,9912,2,23,42.0,53.0,MEDIUM,0
1268,9912,2,12,29.0,53.0,HARD,0
1268,9912,2,5,21.0,53.0,HARD,0
1268,9912,2,6,33.0,53.0,MEDIUM,0
1268,9912,2,55,31.0,53.0,HARD,0
1268,9912,2,87,19.0,53.0,HARD,0
1268,9912,2,22,20.0,53.0,HARD,0
1268,9912,2,30,10.0,53.0,HARD,0
1267,9916,1,22,1.0,3.0,SOFT,0
1267,9916,1,31,1.0,3.0,SOFT,0
1267,9916,1,10,1.0,3.0,SOFT,0
1267,9916,1,43,1.0,3.0,SOFT,0
1267,9916,1,87,1.0,3.0,SOFT,0
1267,9916,1,27,1.0,3.0,SOFT,0
1267,9916,1,16,1.0,3.0,SOFT,0
1267,9916,1,44,1.0,3.0,SOFT,0
1267,9916,1,18,1.0,2.0,SOFT,0
1267,9916,1,1,1.0,3.0,SOFT,0
1267,9916,1,63,1.0,3.0,SOFT,0
1267,9916,1,12,1.0,3.0,SOFT,0
1267,9916,1,4,1.0,3.0,SOFT,0
1267,9916,1,81,1.0,3.0,SOFT,0
1267,9916,1,14,1.0,3.0,SOFT,0
1267,9916,1,6,1.0,3.0,SOFT,0
1267,9916,1,30,1.0,3.0,SOFT,0
1267,9916,1,55,1.0,3.0,SOFT,0
1267,9916,1,23,1.0,3.0,SOFT,0
1267,9916,2,31,4.0,6.0,SOFT,0
1267,9916,2,87,4.0,6.0,SOFT,3
1267,9916,2,27,4.0,6.0,SOFT,0
1267,9916,1,5,1.0,3.0,SOFT,0
1267,9916,2,10,4.0,6.0,SOFT,0
1267,9916,2,43,4.0,6.0,SOFT,0
1267,9916,2,22,4.0,6.0,SOFT,3
1267,9916,2,16,4.0,6.0,SOFT,3
1267,9916,2,44,4.0,5.0,SOFT,3
1267,9916,2,4,4.0,6.0,SOFT,3
1267,9916,2,81,4.0,6.0,SOFT,3
1267,9916,2,63,4.0,6.0,SOFT,0
1267,9916,2,1,4.0,6.0,SOFT,3
1267,9916,2,12,4.0,6.0,SOFT,0
1267,9916,2,6,4.0,6.0,SOFT,0
1267,9916,3,87,7.0,9.0,SOFT,0
1267,9916,2,55,4.0,6.0,SOFT,0
1267,9916,2,23,4.0,6.0,SOFT,0
1267,9916,3,10,7.0,9.0,SOFT,0
1267,9916,3,44,6.0,8.0,SOFT,0
1267,9916,3,16,7.0,9.0,SOFT,0
1267,9916,2,5,4.0,6.0,SOFT,0
1267,9916,2,30,4.0,6.0,SOFT,0
1267,9916,3,31,7.0,9.0,SOFT,0
1267,9916,3,43,7.0,9.0,SOFT,0
1267,9916,3,22,7.0,9.0,SOFT,0
1267,9916,2,14,4.0,5.0,SOFT,0
1267,9916,3,27,7.0,9.0,SOFT,0
1267,9916,4,16,10.0,12.0,SOFT,3
1267,9916,4,44,9.0,11.0,SOFT,3
1267,9916,3,63,7.0,9.0,SOFT,3
1267,9916,3,1,7.0,9.0,SOFT,0
1267,9916,3,12,7.0,9.0,SOFT,0
1267,9916,4,22,10.0,12.0,SOFT,0
1267,9916,3,30,7.0,9.0,SOFT,0
1267,9916,4,10,10.0,12.0,SOFT,3
1267,9916,3,55,7.0,9.0,SOFT,0
1267,9916,3,23,7.0,9.0,SOFT,0
1267,9916,3,5,7.0,9.0,SOFT,0
1267,9916,3,4,7.0,9.0,SOFT,0
1267,9916,3,6,7.0,9.0,SOFT,0
1267,9916,3,14,6.0,8.0,SOFT,0
1267,9916,3,81,7.0,9.0,SOFT,0
1267,9916,5,16,13.0,15.0,SOFT,0
1267,9916,5,44,12.0,14.0,SOFT,0
1267,9916,4,4,10.0,12.0,SOFT,3
1267,9916,4,63,10.0,12.0,SOFT,0
1267,9916,4,12,10.0,12.0,SOFT,0
1267,9916,5,22,13.0,15.0,SOFT,0
1267,9916,4,1,10.0,12.0,SOFT,3
1267,9916,5,10,13.0,15.0,SOFT,0
1267,9916,4,55,10.0,12.0,SOFT,0
1267,9916,4,6,10.0,12.0,SOFT,0
1267,9916,4,23,10.0,12.0,SOFT,0
1267,9916,4,81,10.0,12.0,SOFT,0
1267,9916,4,5,10.0,12.0,SOFT,0
1267,9916,6,16,16.0,16.0,SOFT,0
1267,9916,4,30,10.0,12.0,SOFT,0
1267,9916,4,14,9.0,11.0,SOFT,0
1267,9916,6,44,15.0,15.0,SOFT,0
1267,9916,5,81,13.0,15.0,SOFT,0
1267,9916,5,4,13.0,15.0,SOFT,0
1267,9916,5,63,13.0,15.0,SOFT,0
1267,9916,5,55,13.0,15.0,SOFT,3
1267,9916,5,14,12.0,14.0,SOFT,3
1267,9916,5,6,13.0,15.0,SOFT,3
1267,9916,7,16,17.0,19.0,SOFT,1
1267,9916,7,44,16.0,18.0,SOFT,1
1267,9916,5,30,13.0,15.0,SOFT,3
1267,9916,5,1,13.0,15.0,SOFT,0
1267,9916,6,4,16.0,18.0,SOFT,0
1267,9916,6,81,16.0,18.0,SOFT,0
1267,9916,6,55,16.0,18.0,SOFT,0
1267,9916,8,16,20.0,22.0,SOFT,0
1267,9916,8,44,19.0,21.0,SOFT,0
1267,9916,6,30,16.0,18.0,SOFT,0
1267,9916,6,14,15.0,17.0,SOFT,0
1267,9916,6,63,16.0,18.0,SOFT,0
1267,9916,6,6,16.0,18.0,SOFT,0
1267,9916,6,1,16.0,18.0,SOFT,0
1267,9920,1,43,1.0,19.0,SOFT,0
1267,9920,1,14,1.0,18.0,MEDIUM,0
1267,9920,1,27,1.0,19.0,SOFT,0
1267,9920,1,18,1.0,8.0,MEDIUM,0
1267,9920,1,5,1.0,22.0,MEDIUM,0
1267,9920,1,30,1.0,23.0,MEDIUM,0
1267,9920,1,55,1.0,23.0,MEDIUM,0
1267,9920,1,6,1.0,23.0,MEDIUM,0
1267,9920,1,12,1.0,23.0,MEDIUM,0
1267,9920,1,23,1.0,23.0,MEDIUM,0
1267,9920,1,63,1.0,23.0,MEDIUM,0
1267,9920,1,10,1.0,23.0,MEDIUM,0
1267,9920,1,81,1.0,23.0,MEDIUM,0
1267,9920,1,87,1.0,53.0,HARD,0
1267,9920,1,4,1.0,23.0,MEDIUM,0
1267,9920,1,31,1.0,52.0,HARD,0
1267,9920,1,44,1.0,22.0,MEDIUM,0
1267,9920,1,16,1.0,22.0,MEDIUM,0
1267,9920,1,1,1.0,23.0,SOFT,0
1267,9920,1,22,1.0,19.0,SOFT,0
1267,9920,2,18,9.0,52.0,HARD,0
1267,9920,2,14,19.0,40.0,HARD,0
1267,9920,2,43,20.0,53.0,HARD,0
1267,9920,2,22,20.0,53.0,HARD,0
1267,9920,2,27,20.0,53.0,HARD,0
1267,9920,2,16,23.0,52.0,HARD,1
1267,9920,2,5,23.0,60.0,HARD,0
1267,9920,2,81,24.0,53.0,HARD,0
1267,9920,2,4,24.0,53.0,HARD,0
1267,9920,2,6,24.0,53.0,HARD,0
1267,9920,2,1,24.0,53.0,MEDIUM,0
1267,9920,2,63,24.0,53.0,HARD,0
1267,9920,2,30,24.0,27.0,HARD,0
1267,9920,2,55,24.0,27.0,HARD,0
1267,9920,2,12,24.0,51.0,HARD,0
1267,9920,2,23,24.0,53.0,HARD,0
1267,9920,2,10,24.0,72.0,HARD,0
1267,9920,3,30,28.0,52.0,SOFT,3
1267,9920,3,55,28.0,51.0,SOFT,3
1267,9920,3,14,41.0,72.0,HARD,0
1267,9920,3,12,52.0,53.0,SOFT,0
1267,9920,3,16,53.0,53.0,SOFT,3
1267,9920,3,18,53.0,72.0,HARD,0
1267,9920,4,55,52.0,65.0,SOFT,3
1267,9920,2,31,53.0,72.0,MEDIUM,0
1267,9920,3,81,54.0,72.0,HARD,0
1267,9920,3,4,54.0,64.0,HARD,1
1267,9920,3,1,54.0,72.0,SOFT,0
1267,9920,3,6,54.0,72.0,SOFT,2
1267,9920,3,23,54.0,72.0,SOFT,0
1267,9920,3,63,54.0,72.0,SOFT,3
1267,9920,4,30,53.0,72.0,SOFT,3
1267,9920,4,12,54.0,72.0,SOFT,0
1267,9920,3,22,54.0,72.0,SOFT,3
1267,9920,2,87,54.0,72.0,MEDIUM,0
1267,9920,3,43,54.0,65.0,MEDIUM,0
1267,9920,3,27,54.0,72.0,MEDIUM,0
1267,9920,3,5,61.0,72.0,SOFT,0
1267,9920,4,43,66.0,72.0,SOFT,0
1267,9920,5,55,66.0,72.0,SOFT,3
1266,9924,1,55,1.0,3.0,SOFT,0
1266,9924,1,23,1.0,3.0,SOFT,0
1266,9924,1,18,1.0,3.0,SOFT,0
1266,9924,1,14,1.0,3.0,SOFT,0
1266,9924,1,4,1.0,3.0,SOFT,0
1266,9924,1,81,1.0,3.0,SOFT,0
1266,9924,1,1,1.0,3.0,SOFT,0
1266,9924,1,22,1.0,3.0,SOFT,0
1266,9924,1,6,1.0,3.0,SOFT,0
1266,9924,1,27,1.0,3.0,SOFT,0
1266,9924,1,5,1.0,3.0,SOFT,0
1266,9924,2,55,4.0,6.0,SOFT,0
1266,9924,1,10,1.0,3.0,SOFT,0
1266,9924,1,43,1.0,3.0,SOFT,0
1266,9924,2,23,4.0,6.0,SOFT,0
1266,9924,1,31,1.0,3.0,SOFT,0
1266,9924,1,87,1.0,3.0,SOFT,0
1266,9924,1,44,1.0,3.0,SOFT,0
1266,9924,1,16,1.0,3.0,SOFT,0
1266,9924,1,30,1.0,3.0,SOFT,0
1266,9924,2,22,4.0,6.0,SOFT,0
1266,9924,2,27,4.0,6.0,SOFT,0
1266,9924,3,55,7.0,9.0,SOFT,0
1266,9924,2,10,4.0,6.0,SOFT,0
1266,9924,3,23,7.0,9.0,SOFT,0
1266,9924,2,31,4.0,6.0,SOFT,0
1266,9924,1,12,1.0,3.0,SOFT,0
1266,9924,1,63,1.0,3.0,SOFT,0
1266,9924,2,18,4.0,6.0,SOFT,0
1266,9924,2,14,4.0,6.0,SOFT,0
1266,9924,2,87,4.0,6.0,SOFT,0
1266,9924,2,5,4.0,6.0,SOFT,0
1266,9924,2,30,4.0,6.0,SOFT,0
1266,9924,2,6,4.0,6.0,SOFT,0
1266,9924,2,43,4.0,6.0,SOFT,0
1266,9924,2,1,4.0,6.0,SOFT,0
1266,9924,2,4,4.0,6.0,SOFT,3
1266,9924,2,44,4.0,6.0,SOFT,0
1266,9924,2,81,4.0,6.0,SOFT,3
1266,9924,2,16,4.0,6.0,SOFT,0
1266,9924,3,18,7.0,9.0,SOFT,0
1266,9924,3,87,7.0,9.0,SOFT,0
1266,9924,3,4,7.0,9.0,SOFT,0
1266,9924,3,16,7.0,9.0,SOFT,3
1266,9924,3,44,7.0,9.0,SOFT,3
1266,9924,3,30,7.0,9.0,SOFT,0
1266,9924,3,6,7.0,9.0,SOFT,0
1266,9924,2,12,4.0,6.0,SOFT,3
1266,9924,2,63,4.0,6.0,SOFT,3
1266,9924,3,1,7.0,9.0,SOFT,3
1266,9924,3,5,7.0,9.0,SOFT,3
1266,9924,3,81,7.0,9.0,SOFT,0
1266,9924,3,43,7.0,9.0,SOFT,3
1266,9924,4,55,10.0,12.0,SOFT,3
1266,9924,4,87,10.0,12.0,SOFT,0
1266,9924,4,44,10.0,12.0,SOFT,0
1266,9924,3,12,7.0,9.0,SOFT,0
1266,9924,4,43,10.0,12.0,SOFT,0
1266,9924,5,55,13.0,15.0,SOFT,0
1266,9924,4,18,10.0,12.0,SOFT,0
1266,9924,3,14,7.0,9.0,SOFT,0
1266,9924,4,30,10.0,12.0,SOFT,0
1266,9924,4,16,10.0,12.0,SOFT,0
1266,9924,4,4,10.0,12.0,SOFT,3
1266,9924,4,81,10.0,12.0,SOFT,3
1266,9924,4,5,10.0,12.0,SOFT,0
1266,9924,3,63,7.0,9.0,SOFT,0
1266,9924,4,1,10.0,12.0,SOFT,0
1266,9924,5,18,13.0,15.0,SOFT,3
1266,9924,4,14,10.0,12.0,SOFT,0
1266,9924,5,16,13.0,15.0,SOFT,3
1266,9924,4,6,10.0,12.0,SOFT,0
1266,9924,5,4,13.0,15.0,SOFT,0
1266,9924,5,81,13.0,15.0,SOFT,0
1266,9924,5,30,13.0,15.0,SOFT,3
1266,9924,6,18,16.0,18.0,SOFT,0
1266,9924,5,5,13.0,15.0,SOFT,3
1266,9924,5,14,13.0,15.0,SOFT,0
1266,9924,4,63,10.0,12.0,SOFT,0
1266,9924,5,1,13.0,15.0,SOFT,3
1266,9924,6,16,16.0,18.0,SOFT,0
1266,9924,5,6,13.0,15.0,SOFT,0
1266,9924,6,4,16.0,18.0,SOFT,0
1266,9924,6,81,16.0,18.0,SOFT,0
1266,9924,6,30,16.0,18.0,SOFT,0
1266,9924,6,5,16.0,18.0,SOFT,0
1266,9924,5,63,13.0,15.0,SOFT,0
1266,9924,6,1,16.0,18.0,SOFT,0
1266,9928,1,27,1.0,5.0,SOFT,0
1266,9928,1,43,1.0,13.0,MEDIUM,0
1266,9928,1,31,1.0,14.0,MEDIUM,0
1266,9928,1,23,1.0,14.0,SOFT,0
1266,9928,1,55,1.0,15.0,SOFT,0
1266,9928,1,1,1.0,17.0,MEDIUM,0
1266,9928,1,81,1.0,18.0,MEDIUM,0
1266,9928,1,16,1.0,19.0,MEDIUM,0
1266,9928,1,63,1.0,19.0,MEDIUM,0
1266,9928,1,22,1.0,20.0,MEDIUM,0
1266,9928,1,12,1.0,21.0,MEDIUM,0
1266,9928,1,87,1.0,30.0,MEDIUM,0
1266,9928,1,4,1.0,31.0,MEDIUM,0
1266,9928,1,10,1.0,32.0,HARD,0
1266,9928,1,6,1.0,33.0,MEDIUM,0
1266,9928,2,43,14.0,35.0,HARD,0
1266,9928,1,18,1.0,36.0,MEDIUM,1
1266,9928,2,22,21.0,37.0,SOFT,0
1266,9928,2,23,15.0,38.0,MEDIUM,0
1266,9928,1,14,1.0,39.0,MEDIUM,1
1266,9928,2,16,20.0,40.0,HARD,0
1266,9928,1,5,1.0,40.0,MEDIUM,0
1266,9928,1,30,1.0,40.0,MEDIUM,0
1266,9928,2,27,6.0,41.0,MEDIUM,0
1266,9928,1,44,1.0,42.0,HARD,0
1266,9928,2,63,20.0,43.0,HARD,0
1266,9928,2,81,19.0,45.0,HARD,1
1266,9928,2,1,18.0,48.0,HARD,0
1266,9928,2,87,31.0,48.0,HARD,0
1266,9928,2,55,16.0,51.0,HARD,0
1266,9928,2,4,32.0,70.0,HARD,0
1266,9928,3,81,46.0,70.0,HARD,0
1266,9928,2,12,22.0,69.0,HARD,0
1266,9928,2,6,34.0,69.0,HARD,0
1266,9928,2,44,43.0,69.0,MEDIUM,0
1266,9928,3,63,44.0,70.0,HARD,0
1266,9928,3,27,42.0,69.0,MEDIUM,0
1266,9928,3,55,52.0,69.0,MEDIUM,0
1266,9928,3,16,41.0,70.0,HARD,0
1266,9928,3,23,39.0,69.0,HARD,0
1266,9928,2,31,15.0,69.0,HARD,0
1266,9928,2,10,33.0,69.0,MEDIUM,0
1266,9928,3,22,38.0,69.0,HARD,0
1266,9928,3,43,36.0,69.0,HARD,0
1266,9928,2,14,40.0,70.0,HARD,1
1266,9928,2,5,41.0,70.0,HARD,0
1266,9928,2,18,37.0,70.0,HARD,1
1266,9928,2,30,41.0,70.0,HARD,0
1266,9928,3,1,49.0,70.0,HARD,0
1265,9930,1,1,1.0,3.0,MEDIUM,0
1265,9930,1,10,1.0,3.0,MEDIUM,0
1265,9930,1,31,1.0,3.0,MEDIUM,0
1265,9930,1,63,1.0,3.0,MEDIUM,0
1265,9930,1,6,1.0,3.0,MEDIUM,0
1265,9930,1,87,1.0,3.0,MEDIUM,0
1265,9930,1,30,1.0,3.0,MEDIUM,0
1265,9930,1,27,1.0,3.0,MEDIUM,0
1265,9930,1,5,1.0,3.0,MEDIUM,0
1265,9930,1,12,1.0,6.0,MEDIUM,0
1265,9930,1,43,1.0,6.0,MEDIUM,0
1265,9930,1,23,1.0,6.0,MEDIUM,0
1265,9930,2,27,4.0,6.0,MEDIUM,3
1265,9930,1,44,1.0,6.0,MEDIUM,0
1265,9930,1,4,1.0,3.0,MEDIUM,0
1265,9930,1,81,1.0,3.0,MEDIUM,0
1265,9930,1,16,1.0,6.0,MEDIUM,0
1265,9930,1,22,1.0,5.0,MEDIUM,0
1265,9930,2,63,4.0,5.0,MEDIUM,3
1265,9930,1,18,1.0,5.0,MEDIUM,0
1265,9930,2,6,4.0,5.0,MEDIUM,3
1265,9930,2,30,4.0,6.0,MEDIUM,3
1265,9930,1,14,1.0,4.0,MEDIUM,0
1265,9930,1,55,1.0,5.0,MEDIUM,0
1265,9930,2,31,4.0,6.0,MEDIUM,3
1265,9930,2,87,4.0,6.0,MEDIUM,3
1265,9930,2,5,4.0,6.0,MEDIUM,3
1265,9930,2,10,4.0,6.0,MEDIUM,3
1265,9930,3,63,6.0,8.0,MEDIUM,0
1265,9930,2,18,6.0,8.0,MEDIUM,0
1265,9930,3,30,7.0,9.0,MEDIUM,0
1265,9930,2,14,5.0,7.0,MEDIUM,0
1265,9930,2,22,6.0,9.0,MEDIUM,0
1265,9930,2,4,4.0,9.0,MEDIUM,0
1265,9930,2,1,4.0,6.0,MEDIUM,0
1265,9930,2,81,4.0,8.0,MEDIUM,0
1265,9930,2,16,7.0,9.0,MEDIUM,0
1265,9930,2,55,6.0,8.0,MEDIUM,0
1265,9930,3,31,7.0,9.0,MEDIUM,0
1265,9930,3,87,7.0,9.0,MEDIUM,0
1265,9930,3,10,7.0,9.0,MEDIUM,0
1265,9930,3,5,7.0,9.0,MEDIUM,0
1265,9930,3,6,6.0,8.0,MEDIUM,0
1265,9930,3,4,10.0,12.0,SOFT,0
1265,9930,3,1,7.0,9.0,SOFT,0
1265,9930,3,81,9.0,11.0,SOFT,0
1265,9930,3,16,10.0,12.0,SOFT,0
1265,9930,3,55,9.0,11.0,SOFT,0
1265,9930,4,31,10.0,12.0,SOFT,0
1265,9930,4,87,10.0,12.0,SOFT,0
1265,9930,4,10,10.0,12.0,SOFT,0
1265,9930,4,5,10.0,12.0,SOFT,0
1265,9930,4,6,9.0,11.0,SOFT,0
1265,9934,1,10,1.0,1.0,MEDIUM,0
1265,9934,2,10,2.0,12.0,MEDIUM,6
1265,9934,1,1,1.0,15.0,MEDIUM,3
1265,9934,1,81,1.0,15.0,MEDIUM,0
1265,9934,1,4,1.0,15.0,MEDIUM,0
1265,9934,1,16,1.0,15.0,MEDIUM,3
1265,9934,1,31,1.0,15.0,MEDIUM,3
1265,9934,1,55,1.0,15.0,MEDIUM,0
1265,9934,1,87,1.0,15.0,MEDIUM,3
1265,9934,1,6,1.0,15.0,MEDIUM,0
1265,9934,1,5,1.0,15.0,MEDIUM,0
1265,9934,1,30,1.0,15.0,MEDIUM,3
1265,9934,1,22,1.0,15.0,MEDIUM,5
1265,9934,1,63,1.0,15.0,MEDIUM,3
1265,9934,1,18,1.0,15.0,MEDIUM,3
1265,9934,1,14,1.0,15.0,MEDIUM,3
1265,9934,1,44,1.0,15.0,MEDIUM,0
1265,9934,1,23,1.0,15.0,MEDIUM,0
1265,9934,1,12,1.0,15.0,MEDIUM,3
1265,9934,1,27,1.0,15.0,MEDIUM,0
1265,9934,1,43,1.0,15.0,SOFT,0
1265,9935,1,30,1.0,2.0,SOFT,0
1265,9935,1,18,1.0,2.0,SOFT,4
1265,9935,1,87,1.0,2.0,SOFT,3
1265,9935,1,23,1.0,2.0,SOFT,7
1265,9935,1,55,1.0,2.0,SOFT,0
1265,9935,1,6,1.0,1.0,SOFT,3
1265,9935,1,14,1.0,2.0,SOFT,3
1265,9935,1,10,1.0,2.0,SOFT,0
1265,9935,1,16,1.0,2.0,SOFT,0
1265,9935,1,27,1.0,2.0,SOFT,0
1265,9935,1,31,1.0,2.0,SOFT,6
1265,9935,1,43,1.0,2.0,MEDIUM,0
1265,9935,1,44,1.0,2.0,SOFT,6
1265,9935,1,4,1.0,3.0,SOFT,3
1265,9935,1,81,1.0,3.0,SOFT,3
1265,9935,1,1,1.0,3.0,SOFT,0
1265,9935,1,12,1.0,3.0,SOFT,0
1265,9935,1,63,1.0,3.0,SOFT,0
1265,9935,2,18,3.0,5.0,SOFT,0
1265,9935,2,14,3.0,5.0,SOFT,0
1265,9935,2,30,3.0,5.0,SOFT,0
1265,9935,1,5,1.0,3.0,SOFT,0
1265,9935,2,6,2.0,4.0,SOFT,0
1265,9935,1,22,1.0,3.0,SOFT,0
1265,9935,2,87,3.0,5.0,SOFT,6
1265,9935,2,27,3.0,5.0,SOFT,0
1265,9935,2,23,3.0,5.0,SOFT,0
1265,9935,2,31,3.0,5.0,SOFT,3
1265,9935,2,16,3.0,5.0,SOFT,0
1265,9935,2,10,3.0,5.0,SOFT,0
1265,9935,2,55,3.0,5.0,SOFT,0
1265,9935,2,44,3.0,5.0,SOFT,0
1265,9935,2,43,3.0,5.0,SOFT,0
1265,9935,2,12,4.0,6.0,SOFT,0
1265,9935,3,18,6.0,8.0,SOFT,0
1265,9935,3,14,6.0,8.0,SOFT,0
1265,9935,3,44,6.0,8.0,SOFT,0
1265,9935,3,43,6.0,8.0,SOFT,0
1265,9935,2,1,4.0,6.0,SOFT,0
1265,9935,3,31,6.0,8.0,SOFT,0
1265,9935,2,22,4.0,6.0,SOFT,0
1265,9935,2,63,4.0,6.0,SOFT,0
1265,9935,3,55,6.0,7.0,SOFT,0
1265,9935,2,81,4.0,9.0,SOFT,0
1265,9935,2,4,4.0,8.0,SOFT,0
1265,9935,3,23,6.0,8.0,SOFT,0
1265,9935,3,30,6.0,8.0,SOFT,0
1265,9935,3,87,6.0,8.0,SOFT,0
1265,9935,3,16,6.0,7.0,SOFT,3
1265,9935,3,10,6.0,8.0,SOFT,0
1265,9935,3,6,5.0,7.0,SOFT,0
1265,9935,3,27,6.0,8.0,SOFT,0
1265,9935,2,5,4.0,6.0,SOFT,0
1265,9935,4,10,9.0,11.0,SOFT,0
1265,9935,4,27,9.0,11.0,SOFT,0
1265,9935,4,6,8.0,10.0,SOFT,0
1265,9935,3,5,7.0,9.0,SOFT,0
1265,9935,3,4,9.0,11.0,SOFT,0
1265,9935,3,63,7.0,9.0,SOFT,0
1265,9935,4,55,8.0,10.0,SOFT,0
1265,9935,3,81,10.0,12.0,SOFT,0
1265,9935,4,30,9.0,11.0,SOFT,0
1265,9935,4,23,9.0,11.0,SOFT,0
1265,9935,4,31,9.0,11.0,SOFT,0
1265,9935,4,16,8.0,10.0,SOFT,0
1265,9935,4,87,9.0,10.0,SOFT,0
1265,9935,3,22,7.0,9.0,SOFT,0
1265,9935,5,10,12.0,14.0,SOFT,0
1265,9935,5,27,12.0,14.0,SOFT,0
1265,9935,5,55,11.0,13.0,SOFT,0
1265,9935,5,31,12.0,14.0,SOFT,0
1265,9935,5,87,11.0,13.0,SOFT,0
1265,9935,4,63,10.0,12.0,SOFT,0
1265,9935,3,1,7.0,9.0,SOFT,0
1265,9935,5,16,11.0,12.0,SOFT,0
1265,9935,4,22,10.0,11.0,SOFT,0
1265,9935,4,81,13.0,15.0,SOFT,3
1265,9935,4,4,12.0,14.0,SOFT,3
1265,9935,5,30,12.0,14.0,SOFT,0
1265,9935,5,6,11.0,13.0,SOFT,0
1265,9935,4,5,10.0,12.0,SOFT,0
1265,9935,5,23,12.0,14.0,SOFT,0
1265,9935,4,1,10.0,12.0,SOFT,3
1265,9935,6,6,14.0,16.0,SOFT,3
1265,9935,5,4,15.0,17.0,SOFT,0
1265,9935,6,16,13.0,15.0,SOFT,0
1265,9935,5,81,16.0,18.0,SOFT,0
1265,9935,5,63,13.0,15.0,SOFT,0
1265,9935,5,5,13.0,15.0,SOFT,3
1265,9935,6,30,15.0,17.0,SOFT,2
1265,9935,5,22,12.0,14.0,SOFT,3
1265,9935,6,23,15.0,17.0,SOFT,3
1265,9935,5,1,13.0,15.0,SOFT,0
1265,9935,7,6,17.0,19.0,SOFT,0
1265,9935,6,4,18.0,20.0,SOFT,0
1265,9935,7,16,16.0,18.0,SOFT,0
1265,9935,6,81,19.0,21.0,SOFT,0
1265,9935,6,63,16.0,18.0,SOFT,0
1265,9935,6,5,16.0,18.0,SOFT,3
1265,9935,7,30,18.0,20.0,SOFT,0
1265,9935,6,22,15.0,17.0,SOFT,0
1265,9935,7,23,18.0,20.0,SOFT,0
1265,9939,1,44,1.0,1.0,INTERMEDIATE,0
1265,9939,1,14,1.0,1.0,INTERMEDIATE,0
1265,9939,1,4,1.0,1.0,INTERMEDIATE,0
1265,9939,1,55,1.0,1.0,INTERMEDIATE,0
1265,9939,1,30,1.0,1.0,INTERMEDIATE,0
1265,9939,1,10,1.0,1.0,INTERMEDIATE,0
1265,9939,1,81,1.0,1.0,INTERMEDIATE,0
1265,9939,1,5,1.0,1.0,INTERMEDIATE,0
1265,9939,1,31,1.0,1.0,INTERMEDIATE,0
1265,9939,1,6,1.0,1.0,INTERMEDIATE,0
1265,9939,1,1,1.0,1.0,INTERMEDIATE,0
1265,9939,1,27,1.0,1.0,INTERMEDIATE,0
1265,9939,1,16,1.0,1.0,INTERMEDIATE,0
1265,9939,1,22,1.0,1.0,INTERMEDIATE,0
1265,9939,1,23,1.0,1.0,INTERMEDIATE,0
1265,9939,1,63,1.0,1.0,INTERMEDIATE,0
1265,9939,1,12,1.0,1.0,INTERMEDIATE,0
1265,9939,1,18,1.0,1.0,INTERMEDIATE,0
1265,9939,1,43,1.0,1.0,INTERMEDIATE,0
1265,9939,1,87,1.0,1.0,INTERMEDIATE,0
1265,9939,2,1,2.0,12.0,MEDIUM,0
1265,9939,2,87,2.0,12.0,MEDIUM,0
1265,9939,2,4,2.0,13.0,HARD,0
1265,9939,2,5,2.0,12.0,MEDIUM,0
1265,9939,2,6,2.0,13.0,MEDIUM,0
1265,9939,2,10,2.0,11.0,MEDIUM,0
1265,9939,2,12,2.0,12.0,MEDIUM,0
1265,9939,2,14,2.0,11.0,MEDIUM,0
1265,9939,2,18,2.0,12.0,MEDIUM,0
1265,9939,2,22,2.0,13.0,MEDIUM,0
1265,9939,2,23,2.0,12.0,MEDIUM,0
1265,9939,2,27,2.0,11.0,MEDIUM,0
1265,9939,2,30,2.0,12.0,MEDIUM,0
1265,9939,2,31,2.0,13.0,MEDIUM,0
1265,9939,2,43,2.0,12.0,MEDIUM,0
1265,9939,2,55,2.0,12.0,MEDIUM,0
1265,9939,2,63,2.0,12.0,MEDIUM,0
1265,9939,2,81,2.0,12.0,MEDIUM,0
1265,9939,2,16,2.0,12.0,MEDIUM,0
1265,9939,2,44,2.0,11.0,MEDIUM,0
1265,9939,3,81,13.0,44.0,MEDIUM,0
1265,9939,3,4,14.0,44.0,HARD,0
1265,9939,3,6,14.0,43.0,HARD,3
1265,9939,3,16,13.0,44.0,MEDIUM,0
1265,9939,3,1,13.0,44.0,MEDIUM,0
1265,9939,3,63,13.0,44.0,MEDIUM,0
1265,9939,3,23,13.0,44.0,MEDIUM,0
1265,9939,3,44,12.0,44.0,MEDIUM,0
1265,9939,3,30,13.0,44.0,MEDIUM,0
1265,9939,3,5,13.0,44.0,MEDIUM,0
1265,9939,3,10,12.0,44.0,MEDIUM,0
1265,9939,3,87,13.0,44.0,MEDIUM,0
1265,9939,3,27,12.0,44.0,MEDIUM,0
1265,9939,3,22,14.0,44.0,MEDIUM,0
1265,9939,3,18,13.0,44.0,MEDIUM,0
1265,9939,3,31,14.0,44.0,MEDIUM,7
1265,9939,3,12,13.0,44.0,MEDIUM,0
1265,9939,3,14,12.0,44.0,MEDIUM,0
1265,9939,3,55,13.0,44.0,HARD,0
1265,9939,3,43,13.0,44.0,MEDIUM,0
1277,9943,1,18,1.0,3.0,SOFT,0
1277,9943,1,5,1.0,3.0,SOFT,0
1277,9943,1,27,1.0,3.0,SOFT,0
1277,9943,1,81,1.0,3.0,SOFT,0
1277,9943,1,43,1.0,6.0,SOFT,0
1277,9943,1,23,1.0,3.0,SOFT,0
1277,9943,2,81,4.0,5.0,SOFT,3
1277,9943,1,4,1.0,5.0,SOFT,0
1277,9943,2,23,4.0,4.0,SOFT,0
1277,9943,2,27,4.0,6.0,SOFT,3
1277,9943,1,1,1.0,3.0,SOFT,0
1277,9943,2,5,4.0,6.0,SOFT,3
1277,9943,1,44,1.0,4.0,SOFT,0
1277,9943,1,16,1.0,5.0,SOFT,0
1277,9943,2,18,4.0,6.0,SOFT,0
1277,9943,1,22,1.0,4.0,SOFT,0
1277,9943,1,31,1.0,3.0,SOFT,0
1277,9943,1,87,1.0,3.0,SOFT,0
1277,9943,1,12,1.0,3.0,SOFT,0
1277,9943,1,63,1.0,3.0,SOFT,0
1277,9943,1,6,1.0,3.0,SOFT,0
1277,9943,1,30,1.0,3.0,SOFT,0
1277,9943,3,27,7.0,9.0,SOFT,0
1277,9943,3,5,7.0,9.0,SOFT,0
1277,9943,1,55,1.0,3.0,SOFT,0
1277,9943,1,10,1.0,6.0,SOFT,0
1277,9943,3,18,7.0,9.0,SOFT,0
1277,9943,2,30,4.0,6.0,SOFT,0
1277,9943,2,1,4.0,6.0,SOFT,3
1277,9943,2,44,5.0,7.0,SOFT,4
1277,9943,2,16,6.0,9.0,SOFT,5
1277,9943,2,22,5.0,7.0,SOFT,0
1277,9943,3,81,6.0,9.0,SOFT,5
1277,9943,1,14,1.0,3.0,SOFT,0
1277,9943,2,55,4.0,6.0,SOFT,0
1277,9943,3,23,5.0,7.0,SOFT,0
1277,9943,2,6,4.0,6.0,SOFT,0
1277,9943,2,31,4.0,6.0,SOFT,0
1277,9943,2,87,4.0,6.0,SOFT,0
1277,9943,2,4,6.0,8.0,SOFT,5
1277,9943,2,10,7.0,9.0,SOFT,0
1277,9943,2,12,4.0,6.0,SOFT,0
1277,9943,2,63,4.0,7.0,SOFT,3
1277,9943,3,1,7.0,9.0,SOFT,0
1277,9943,4,23,8.0,10.0,SOFT,1
1277,9943,3,87,7.0,9.0,SOFT,3
1277,9943,3,4,9.0,11.0,SOFT,0
1277,9943,3,55,7.0,9.0,SOFT,0
1277,9943,3,16,10.0,12.0,SOFT,9
1277,9943,3,44,8.0,10.0,SOFT,7
1277,9943,2,14,4.0,6.0,SOFT,0
1277,9943,4,81,10.0,12.0,SOFT,0
1277,9943,3,22,8.0,10.0,SOFT,4
1277,9943,3,6,7.0,9.0,SOFT,0
1277,9943,3,31,7.0,9.0,SOFT,0
1277,9943,3,10,10.0,12.0,SOFT,3
1277,9943,3,12,7.0,9.0,SOFT,3
1277,9943,3,63,8.0,10.0,SOFT,0
1277,9943,5,23,11.0,13.0,SOFT,0
1277,9943,4,55,10.0,12.0,SOFT,0
1277,9943,4,22,11.0,13.0,SOFT,0
1277,9943,4,6,10.0,12.0,SOFT,0
1277,9943,4,31,10.0,12.0,SOFT,0
1277,9943,4,87,10.0,12.0,SOFT,0
1277,9943,4,1,10.0,12.0,SOFT,3
1277,9943,4,12,10.0,12.0,SOFT,0
1277,9943,5,81,13.0,15.0,SOFT,3
1277,9943,4,4,12.0,14.0,SOFT,3
1277,9943,4,63,11.0,13.0,SOFT,0
1277,9943,4,16,13.0,15.0,SOFT,0
1277,9943,4,44,11.0,13.0,SOFT,0
1277,9943,3,14,7.0,9.0,SOFT,0
1277,9943,4,10,13.0,15.0,SOFT,0
1277,9943,5,12,13.0,15.0,SOFT,0
1277,9943,5,63,14.0,16.0,SOFT,3
1277,9943,5,87,13.0,15.0,SOFT,0
1277,9943,5,4,15.0,17.0,SOFT,0
1277,9943,6,81,16.0,18.0,SOFT,0
1277,9943,5,16,16.0,18.0,SOFT,0
1277,9943,5,44,14.0,16.0,SOFT,0
1277,9943,4,14,10.0,12.0,SOFT,0
1277,9943,5,10,16.0,18.0,SOFT,3
1277,9943,5,1,13.0,15.0,SOFT,0
1277,9943,6,12,16.0,18.0,SOFT,0
1277,9943,6,63,17.0,19.0,SOFT,0
1277,9943,6,87,16.0,18.0,SOFT,0
1277,9943,6,4,18.0,20.0,SOFT,0
1277,9943,7,81,19.0,21.0,SOFT,0
1277,9943,6,16,19.0,21.0,SOFT,0
1277,9943,6,44,17.0,19.0,SOFT,0
1277,9943,5,14,13.0,15.0,SOFT,0
1277,9943,6,10,19.0,21.0,SOFT,0
1277,9943,6,1,16.0,18.0,SOFT,0
1277,9947,1,30,1.0,1.0,INTERMEDIATE,0
1277,9947,1,43,1.0,1.0,HARD,0
1277,9947,1,12,1.0,2.0,INTERMEDIATE,0
1277,9947,1,5,1.0,3.0,MEDIUM,0
1277,9947,1,18,1.0,6.0,INTERMEDIATE,0
1277,9947,1,27,1.0,9.0,INTERMEDIATE,0
1277,9947,2,12,3.0,9.0,HARD,0
1277,9947,2,18,7.0,10.0,SOFT,0
1277,9947,1,63,1.0,10.0,HARD,0
1277,9947,1,16,1.0,10.0,MEDIUM,0
1277,9947,1,6,1.0,10.0,MEDIUM,0
1277,9947,1,87,1.0,10.0,HARD,0
1277,9947,1,81,1.0,11.0,INTERMEDIATE,0
1277,9947,1,4,1.0,11.0,INTERMEDIATE,0
1277,9947,1,1,1.0,11.0,INTERMEDIATE,0
1277,9947,1,44,1.0,11.0,INTERMEDIATE,0
1277,9947,1,10,1.0,11.0,INTERMEDIATE,0
1277,9947,1,14,1.0,11.0,INTERMEDIATE,0
1277,9947,1,55,1.0,11.0,INTERMEDIATE,0
1277,9947,1,22,1.0,11.0,INTERMEDIATE,0
1277,9947,1,23,1.0,12.0,INTERMEDIATE,0
1277,9947,2,6,11.0,17.0,INTERMEDIATE,0
1277,9947,1,31,1.0,18.0,INTERMEDIATE,0
1277,9947,3,12,10.0,20.0,INTERMEDIATE,0
1277,9947,4,12,21.0,23.0,INTERMEDIATE,0
1277,9947,2,14,12.0,37.0,INTERMEDIATE,0
1277,9947,2,63,11.0,38.0,INTERMEDIATE,0
1277,9947,2,44,12.0,41.0,INTERMEDIATE,0
1277,9947,3,18,11.0,41.0,INTERMEDIATE,0
1277,9947,2,1,12.0,41.0,INTERMEDIATE,0
1277,9947,2,10,12.0,41.0,INTERMEDIATE,0
1277,9947,2,55,12.0,41.0,INTERMEDIATE,0
1277,9947,2,87,11.0,41.0,INTERMEDIATE,0
1277,9947,2,22,12.0,41.0,INTERMEDIATE,0
1277,9947,2,27,10.0,42.0,INTERMEDIATE,0
1277,9947,2,16,11.0,42.0,INTERMEDIATE,0
1277,9947,2,23,13.0,42.0,INTERMEDIATE,0
1277,9947,2,31,19.0,42.0,INTERMEDIATE,0
1277,9947,2,81,12.0,43.0,INTERMEDIATE,0
1277,9947,2,4,12.0,44.0,INTERMEDIATE,0
1277,9947,3,4,45.0,52.0,MEDIUM,0
1277,9947,3,81,44.0,52.0,MEDIUM,0
1277,9947,3,22,42.0,51.0,MEDIUM,0
1277,9947,3,27,43.0,52.0,MEDIUM,0
1277,9947,3,44,42.0,52.0,SOFT,3
1277,9947,3,1,42.0,52.0,MEDIUM,0
1277,9947,3,10,42.0,52.0,MEDIUM,0
1277,9947,4,18,42.0,52.0,SOFT,0
1277,9947,3,23,43.0,52.0,MEDIUM,0
1277,9947,3,14,38.0,52.0,MEDIUM,1
1277,9947,3,63,39.0,52.0,HARD,0
1277,9947,3,87,42.0,52.0,MEDIUM,0
1277,9947,3,55,42.0,52.0,MEDIUM,0
1277,9947,3,31,43.0,52.0,MEDIUM,0
1277,9947,3,16,43.0,52.0,SOFT,3
1264,9951,1,20,1.0,1.0,SOFT,2
1264,9951,1,15,1.0,1.0,SOFT,2
1264,9951,1,21,1.0,1.0,SOFT,2
1264,9951,1,2,1.0,1.0,SOFT,2
1264,9951,1,11,1.0,1.0,SOFT,0
1264,9951,1,17,1.0,1.0,SOFT,2
1264,9951,1,7,1.0,1.0,SOFT,1
1264,9951,1,8,1.0,1.0,SOFT,2
1264,9951,1,3,1.0,1.0,SOFT,2
1264,9951,1,9,1.0,1.0,SOFT,2
1264,9951,1,24,1.0,1.0,SOFT,2
1264,9951,1,25,1.0,1.0,SOFT,2
1264,9951,1,55,1.0,3.0,SOFT,0
1264,9951,1,23,1.0,3.0,SOFT,1
1264,9951,1,14,1.0,2.0,SOFT,2
1264,9951,1,31,1.0,3.0,SOFT,0
1264,9951,1,87,1.0,3.0,SOFT,0
1264,9951,1,18,1.0,3.0,SOFT,0
1264,9951,1,43,1.0,3.0,SOFT,0
1264,9951,1,10,1.0,3.0,SOFT,2
1264,9951,1,27,1.0,3.0,SOFT,0
1264,9951,1,5,1.0,3.0,SOFT,2
1264,9951,2,55,4.0,6.0,SOFT,3
1264,9951,2,23,4.0,6.0,SOFT,3
1264,9951,1,4,1.0,3.0,SOFT,1
1264,9951,1,30,1.0,3.0,SOFT,0
1264,9951,2,31,4.0,6.0,SOFT,3
1264,9951,1,81,1.0,5.0,SOFT,0
1264,9951,1,16,1.0,3.0,SOFT,2
1264,9951,1,44,1.0,3.0,SOFT,0
1264,9951,2,87,4.0,6.0,SOFT,0
1264,9951,2,18,4.0,6.0,SOFT,0
1264,9951,2,14,3.0,5.0,UNKNOWN,1
1264,9951,1,22,1.0,3.0,SOFT,1
1264,9951,1,1,1.0,3.0,SOFT,2
1264,9951,2,27,4.0,6.0,SOFT,3
1264,9951,2,10,4.0,6.0,UNKNOWN,1
1264,9951,2,43,4.0,6.0,SOFT,0
1264,9951,1,6,1.0,3.0,SOFT,2
1264,9951,2,5,4.0,6.0,UNKNOWN,3
1264,9951,1,12,1.0,3.0,SOFT,2
1264,9951,1,63,1.0,3.0,SOFT,0
1264,9951,3,55,7.0,9.0,SOFT,0
1264,9951,3,31,7.0,9.0,SOFT,0
1264,9951,3,23,7.0,9.0,UNKNOWN,1
1264,9951,3,18,7.0,9.0,SOFT,0
1264,9951,2,22,4.0,6.0,SOFT,0
1264,9951,3,27,7.0,9.0,SOFT,0
1264,9951,4,55,10.0,12.0,SOFT,0
1264,9951,2,16,4.0,6.0,UNKNOWN,3
1264,9951,2,44,4.0,6.0,SOFT,3
1264,9951,4,23,10.0,10.0,SOFT,3
1264,9951,2,6,4.0,6.0,UNKNOWN,1
1264,9951,2,30,4.0,6.0,SOFT,0
1264,9951,3,5,7.0,9.0,SOFT,0
1264,9951,3,87,7.0,9.0,SOFT,0
1264,9951,3,43,7.0,9.0,SOFT,0
1264,9951,3,10,7.0,9.0,SOFT,0
1264,9951,2,1,4.0,6.0,UNKNOWN,3
1264,9951,3,14,6.0,8.0,SOFT,0
1264,9951,2,12,4.0,6.0,UNKNOWN,1
1264,9951,2,63,4.0,6.0,SOFT,0
1264,9951,2,81,6.0,8.0,SOFT,5
1264,9951,2,4,4.0,6.0,SOFT,3
1264,9951,3,16,7.0,9.0,SOFT,0
1264,9951,3,44,7.0,9.0,SOFT,0
1264,9951,5,23,11.0,13.0,SOFT,0
1264,9951,3,6,7.0,9.0,SOFT,0
1264,9951,4,87,10.0,12.0,SOFT,3
1264,9951,4,5,10.0,12.0,SOFT,3
1264,9951,3,1,7.0,9.0,SOFT,0
1264,9951,3,4,7.0,9.0,SOFT,0
1264,9951,3,81,9.0,11.0,SOFT,0
1264,9951,3,30,7.0,9.0,SOFT,0
1264,9951,4,14,9.0,11.0,SOFT,2
1264,9951,3,12,7.0,9.0,SOFT,3
1264,9951,3,63,7.0,9.0,SOFT,3
1264,9951,4,16,10.0,12.0,SOFT,0
1264,9951,4,44,10.0,12.0,SOFT,0
1264,9951,4,10,10.0,12.0,SOFT,3
1264,9951,4,43,10.0,12.0,SOFT,3
1264,9951,6,23,14.0,15.0,SOFT,0
1264,9951,4,6,10.0,12.0,SOFT,0
1264,9951,5,87,13.0,15.0,SOFT,0
1264,9951,5,14,12.0,14.0,SOFT,0
1264,9951,5,43,13.0,15.0,SOFT,0
1264,9951,7,23,16.0,18.0,SOFT,2
1264,9951,5,10,13.0,15.0,SOFT,0
1264,9951,4,12,10.0,12.0,SOFT,0
1264,9951,4,81,12.0,14.0,SOFT,3
1264,9951,4,4,10.0,12.0,SOFT,0
1264,9951,4,1,10.0,12.0,SOFT,0
1264,9951,5,16,13.0,15.0,SOFT,3
1264,9951,5,5,13.0,15.0,SOFT,0
1264,9951,5,44,13.0,15.0,SOFT,3
1264,9951,4,63,10.0,12.0,SOFT,0
1264,9951,4,30,10.0,12.0,SOFT,0
1264,9951,6,10,16.0,18.0,SOFT,3
1264,9951,5,1,13.0,15.0,SOFT,3
1264,9951,5,30,13.0,14.0,SOFT,3
1264,9951,5,63,13.0,15.0,SOFT,3
1264,9951,6,16,16.0,18.0,SOFT,0
1264,9951,6,44,16.0,18.0,SOFT,0
1264,9951,5,4,13.0,15.0,SOFT,0
1264,9951,5,81,15.0,17.0,SOFT,0
1264,9951,6,5,16.0,18.0,SOFT,3
1264,9951,5,12,13.0,15.0,SOFT,3
1264,9951,7,10,19.0,21.0,SOFT,0
1264,9951,6,81,18.0,19.0,SOFT,0
1264,9951,6,1,16.0,18.0,SOFT,0
1264,9951,6,30,15.0,17.0,SOFT,0
1264,9951,6,12,16.0,17.0,SOFT,0
1264,9951,6,63,16.0,18.0,SOFT,0
1264,9951,7,16,19.0,21.0,SOFT,0
1264,9951,6,4,16.0,18.0,SOFT,0
1264,9951,7,44,19.0,21.0,SOFT,0
1264,9951,7,5,19.0,21.0,SOFT,0
1264,9955,1,12,1.0,1.0,MEDIUM,0
1264,9955,1,55,1.0,1.0,MEDIUM,0
1264,9955,1,1,1.0,1.0,MEDIUM,0
1264,9955,1,6,1.0,2.0,SOFT,0
1264,9955,1,87,1.0,11.0,SOFT,0
1264,9955,1,10,1.0,12.0,SOFT,3
1264,9955,1,27,1.0,12.0,SOFT,0
1264,9955,1,23,1.0,13.0,MEDIUM,0
1264,9955,1,43,1.0,13.0,SOFT,0
1264,9955,2,23,14.0,15.0,MEDIUM,0
1264,9955,1,63,1.0,18.0,MEDIUM,0
1264,9955,1,22,1.0,18.0,MEDIUM,0
1264,9955,1,31,1.0,19.0,MEDIUM,0
1264,9955,1,4,1.0,20.0,MEDIUM,0
1264,9955,1,5,1.0,21.0,MEDIUM,0
1264,9955,1,81,1.0,24.0,MEDIUM,0
1264,9955,1,16,1.0,25.0,MEDIUM,0
1264,9955,1,44,1.0,26.0,MEDIUM,0
1264,9955,1,18,1.0,26.0,MEDIUM,1
1264,9955,2,6,3.0,28.0,MEDIUM,0
1264,9955,2,22,19.0,30.0,HARD,0
1264,9955,1,30,1.0,32.0,MEDIUM,0
1264,9955,1,14,1.0,33.0,MEDIUM,1
1264,9955,2,10,13.0,38.0,HARD,0
1264,9955,2,87,12.0,39.0,HARD,0
1264,9955,2,43,14.0,39.0,MEDIUM,0
1264,9955,2,27,13.0,42.0,MEDIUM,0
1264,9955,2,63,19.0,45.0,MEDIUM,0
1264,9955,2,16,26.0,49.0,HARD,0
1264,9955,2,5,22.0,49.0,MEDIUM,0
1264,9955,2,44,27.0,50.0,HARD,0
1264,9955,2,31,20.0,50.0,HARD,0
1264,9955,2,4,21.0,52.0,HARD,0
1264,9955,2,81,25.0,53.0,HARD,0
1264,9955,2,18,27.0,53.0,HARD,1
1264,9955,3,22,31.0,60.0,MEDIUM,0
1264,9955,3,4,53.0,70.0,MEDIUM,0
1264,9955,2,14,34.0,69.0,HARD,1
1264,9955,3,5,50.0,69.0,HARD,0
1264,9955,3,81,54.0,70.0,MEDIUM,0
1264,9955,4,22,61.0,68.0,SOFT,0
1264,9955,3,27,43.0,69.0,MEDIUM,0
1264,9955,3,31,51.0,69.0,HARD,0
1264,9955,3,16,50.0,70.0,MEDIUM,0
1264,9955,3,87,40.0,69.0,MEDIUM,0
1264,9955,3,6,29.0,69.0,HARD,0
1264,9955,3,44,51.0,70.0,MEDIUM,0
1264,9955,3,10,39.0,69.0,MEDIUM,0
1264,9955,3,18,54.0,69.0,SOFT,0
1264,9955,3,43,40.0,69.0,HARD,0
1264,9955,3,63,46.0,70.0,HARD,0
1264,9955,2,30,33.0,70.0,HARD,0
1263,9959,1,12,1.0,3.0,MEDIUM,0
1263,9959,1,63,1.0,3.0,SOFT,0
1263,9959,1,27,1.0,4.0,SOFT,0
1263,9959,1,5,1.0,4.0,SOFT,0
1263,9959,1,22,1.0,3.0,SOFT,0
1263,9959,1,23,1.0,6.0,SOFT,0
1263,9959,1,18,1.0,5.0,SOFT,0
1263,9959,1,55,1.0,6.0,SOFT,0
1263,9959,1,31,1.0,6.0,SOFT,0
1263,9959,1,87,1.0,6.0,SOFT,0
1263,9959,1,43,1.0,5.0,MEDIUM,0
1263,9959,1,10,1.0,5.0,MEDIUM,0
1263,9959,2,43,6.0,7.0,SOFT,0
1263,9959,1,81,1.0,4.0,SOFT,0
1263,9959,1,4,1.0,5.0,SOFT,0
1263,9959,1,16,1.0,7.0,SOFT,0
1263,9959,1,44,1.0,7.0,SOFT,0
1263,9959,2,10,6.0,7.0,SOFT,0
1263,9959,1,14,1.0,7.0,MEDIUM,0
1263,9959,2,18,6.0,8.0,MEDIUM,0
1263,9959,2,87,7.0,9.0,SOFT,0
1263,9959,2,27,5.0,6.0,SOFT,0
1263,9959,2,31,7.0,9.0,SOFT,0
1263,9959,2,55,7.0,9.0,SOFT,19
1263,9959,2,5,5.0,7.0,SOFT,4
1263,9959,1,6,1.0,6.0,SOFT,0
1263,9959,2,22,4.0,6.0,SOFT,3
1263,9959,2,12,4.0,6.0,MEDIUM,3
1263,9959,2,63,4.0,6.0,SOFT,3
1263,9959,1,30,1.0,7.0,SOFT,0
1263,9959,2,23,7.0,9.0,SOFT,0
1263,9959,1,1,1.0,3.0,SOFT,0
1263,9959,3,18,9.0,12.0,MEDIUM,3
1263,9959,2,30,8.0,10.0,SOFT,0
1263,9959,3,55,10.0,13.0,SOFT,3
1263,9959,3,5,8.0,11.0,SOFT,0
1263,9959,3,10,8.0,12.0,SOFT,0
1263,9959,2,1,4.0,6.0,SOFT,3
1263,9959,2,4,6.0,8.0,SOFT,0
1263,9959,2,81,5.0,9.0,SOFT,4
1263,9959,3,43,8.0,11.0,SOFT,0
1263,9959,2,14,8.0,11.0,MEDIUM,7
1263,9959,3,87,10.0,13.0,SOFT,0
1263,9959,3,31,10.0,13.0,SOFT,0
1263,9959,2,16,8.0,12.0,SOFT,7
1263,9959,2,44,8.0,11.0,SOFT,0
1263,9959,3,23,10.0,12.0,SOFT,0
1263,9959,3,27,7.0,10.0,SOFT,0
1263,9959,3,22,7.0,9.0,SOFT,0
1263,9959,2,6,7.0,9.0,SOFT,0
1263,9959,3,12,7.0,9.0,SOFT,0
1263,9959,3,63,7.0,9.0,SOFT,0
1263,9959,4,23,13.0,15.0,SOFT,6
1263,9959,3,16,13.0,15.0,SOFT,12
1263,9959,4,43,12.0,16.0,SOFT,4
1263,9959,3,1,7.0,11.0,MEDIUM,0
1263,9959,4,31,14.0,17.0,SOFT,4
1263,9959,4,87,14.0,16.0,SOFT,4
1263,9959,3,14,12.0,15.0,SOFT,0
1263,9959,4,27,11.0,14.0,SOFT,4
1263,9959,4,22,10.0,12.0,SOFT,0
1263,9959,4,63,10.0,12.0,SOFT,3
1263,9959,4,12,10.0,12.0,SOFT,3
1263,9959,3,4,9.0,11.0,SOFT,3
1263,9959,3,81,10.0,12.0,SOFT,0
1263,9959,3,44,12.0,17.0,SOFT,4
1263,9959,3,6,10.0,12.0,SOFT,0
1263,9959,5,87,17.0,19.0,SOFT,3
1263,9959,5,43,17.0,20.0,MEDIUM,0
1263,9959,5,22,13.0,15.0,SOFT,0
1263,9959,5,31,18.0,21.0,SOFT,3
1263,9959,5,27,15.0,18.0,SOFT,0
1263,9959,4,16,16.0,20.0,SOFT,0
1263,9959,4,44,18.0,19.0,SOFT,0
1263,9959,4,4,12.0,14.0,SOFT,6
1263,9959,4,81,13.0,15.0,SOFT,3
1263,9959,4,14,16.0,19.0,MEDIUM,0
1263,9959,5,23,16.0,22.0,MEDIUM,0
1263,9959,4,1,12.0,14.0,SOFT,0
1263,9959,4,6,13.0,15.0,SOFT,0
1263,9959,6,23,23.0,23.0,SOFT,0
1263,9959,5,63,13.0,15.0,MEDIUM,0
1263,9959,5,12,13.0,15.0,MEDIUM,0
1263,9959,5,14,20.0,22.0,SOFT,0
1263,9959,5,44,20.0,23.0,SOFT,2
1263,9959,5,16,21.0,25.0,SOFT,0
1263,9959,5,81,16.0,20.0,SOFT,0
1263,9959,5,4,15.0,19.0,SOFT,0
1263,9959,5,1,15.0,17.0,SOFT,0
1263,9959,6,12,16.0,18.0,SOFT,0
1263,9959,6,63,16.0,18.0,SOFT,0
1263,9959,7,23,24.0,27.0,MEDIUM,0
1263,9959,5,6,16.0,18.0,SOFT,3
1263,9959,6,16,26.0,27.0,SOFT,0
1263,9959,6,44,24.0,27.0,SOFT,0
1263,9959,6,81,21.0,23.0,SOFT,0
1263,9959,6,4,20.0,22.0,SOFT,0
1263,9959,6,1,18.0,20.0,MEDIUM,0
1263,9959,7,63,19.0,21.0,MEDIUM,0
1263,9959,7,12,19.0,21.0,MEDIUM,0
1263,9959,6,14,23.0,27.0,MEDIUM,0
1263,9959,8,23,28.0,30.0,SOFT,0
1263,9959,6,6,19.0,21.0,SOFT,0
1263,9963,1,1,1.0,11.0,MEDIUM,3
1263,9963,1,63,1.0,12.0,MEDIUM,3
1263,9963,1,6,1.0,12.0,MEDIUM,0
1263,9963,1,12,1.0,13.0,MEDIUM,6
1263,9963,1,43,1.0,13.0,MEDIUM,5
1263,9963,1,44,1.0,14.0,MEDIUM,0
1263,9963,1,14,1.0,14.0,MEDIUM,4
1263,9963,1,81,1.0,15.0,MEDIUM,0
1263,9963,1,87,1.0,17.0,MEDIUM,0
1263,9963,1,27,1.0,18.0,MEDIUM,0
1263,9963,1,23,1.0,22.0,MEDIUM,4
1263,9963,1,18,1.0,23.0,HARD,1
1263,9963,1,16,1.0,27.0,HARD,0
1263,9963,1,4,1.0,28.0,HARD,0
1263,9963,2,1,12.0,36.0,HARD,0
1263,9963,2,12,14.0,37.0,HARD,1
1263,9963,1,30,1.0,37.0,HARD,1
1263,9963,2,63,13.0,41.0,HARD,1
1263,9963,2,81,16.0,44.0,HARD,0
1263,9963,2,44,15.0,44.0,HARD,0
1263,9963,2,23,23.0,46.0,HARD,0
1263,9963,2,4,29.0,46.0,MEDIUM,0
1263,9963,1,5,1.0,48.0,HARD,0
1263,9963,2,14,15.0,49.0,HARD,1
1263,9963,2,18,24.0,50.0,HARD,1
1263,9963,2,16,28.0,52.0,HARD,0
1263,9963,1,10,1.0,52.0,HARD,0
1263,9963,2,30,38.0,53.0,MEDIUM,0
1263,9963,1,22,1.0,55.0,HARD,0
1263,9963,1,31,1.0,56.0,HARD,0
1263,9963,1,55,1.0,56.0,HARD,0
1263,9963,3,4,47.0,66.0,HARD,0
1263,9963,3,14,50.0,65.0,HARD,1
1263,9963,3,63,42.0,66.0,HARD,0
1263,9963,2,27,19.0,65.0,HARD,0
1263,9963,3,1,37.0,66.0,HARD,0
1263,9963,3,12,38.0,66.0,HARD,0
1263,9963,2,55,57.0,65.0,MEDIUM,0
1263,9963,2,31,57.0,65.0,MEDIUM,0
1263,9963,3,81,45.0,66.0,HARD,0
1263,9963,3,16,53.0,66.0,MEDIUM,0
1263,9963,2,87,18.0,65.0,HARD,0
1263,9963,2,22,56.0,65.0,MEDIUM,0
1263,9963,2,10,53.0,65.0,MEDIUM,0
1263,9963,2,43,14.0,65.0,HARD,0
1263,9963,2,5,49.0,65.0,MEDIUM,0
1263,9963,3,18,51.0,65.0,MEDIUM,0
1263,9963,2,6,13.0,65.0,HARD,1
1263,9963,3,44,45.0,66.0,HARD,0
1263,9963,3,27,66.0,66.0,HARD,47
1263,9963,4,14,66.0,66.0,HARD,17
1263,9963,4,1,67.0,67.0,HARD,0
1263,9963,4,63,67.0,67.0,HARD,25
1263,9963,4,12,67.0,67.0,HARD,29
1263,9963,4,81,67.0,67.0,SOFT,0
1263,9963,3,55,66.0,66.0,MEDIUM,9
1263,9963,3,31,66.0,66.0,MEDIUM,9
1263,9963,4,16,67.0,67.0,MEDIUM,14
1263,9963,3,22,66.0,66.0,MEDIUM,10
1263,9963,3,87,66.0,66.0,SOFT,0
1263,9963,3,5,66.0,66.0,MEDIUM,0
1263,9963,3,43,66.0,66.0,HARD,52
1263,9963,3,10,66.0,66.0,MEDIUM,13
1263,9963,3,6,66.0,66.0,SOFT,3
1263,9963,4,18,66.0,66.0,SOFT,0
1263,9963,4,44,67.0,67.0,HARD,22
1263,9963,4,27,67.0,67.0,HARD,0
1263,9963,5,14,67.0,67.0,HARD,18
1263,9963,5,1,68.0,68.0,HARD,0
1263,9963,4,31,67.0,67.0,MEDIUM,10
1263,9963,4,55,67.0,67.0,MEDIUM,10
1263,9963,5,12,68.0,68.0,HARD,30
1263,9963,5,63,68.0,68.0,HARD,26
1263,9963,5,16,68.0,68.0,MEDIUM,15
1263,9963,5,81,68.0,68.0,SOFT,0
1263,9963,4,87,67.0,67.0,SOFT,1
1263,9963,4,43,67.0,67.0,HARD,53
1263,9963,4,5,67.0,67.0,MEDIUM,0
1263,9963,4,22,67.0,67.0,MEDIUM,0
1263,9963,4,6,67.0,67.0,SOFT,0
1263,9963,4,10,67.0,67.0,MEDIUM,14
1263,9963,5,44,68.0,68.0,HARD,0
1263,9963,5,18,67.0,67.0,SOFT,1
1263,9963,5,27,68.0,68.0,HARD,0
1263,9963,6,14,68.0,68.0,HARD,19
1263,9963,6,63,69.0,70.0,HARD,27
1263,9963,6,1,69.0,70.0,HARD,32
1263,9963,6,12,69.0,70.0,HARD,31
1263,9963,5,31,68.0,69.0,MEDIUM,11
1263,9963,5,55,68.0,69.0,MEDIUM,0
1263,9963,6,81,69.0,70.0,SOFT,5
1263,9963,6,16,69.0,70.0,MEDIUM,16
1263,9963,5,87,68.0,69.0,SOFT,2
1263,9963,5,22,68.0,69.0,MEDIUM,12
1263,9963,5,43,68.0,69.0,HARD,54
1263,9963,5,5,68.0,69.0,MEDIUM,0
1263,9963,5,10,68.0,69.0,MEDIUM,15
1263,9963,5,6,68.0,69.0,SOFT,0
1263,9963,6,18,68.0,69.0,SOFT,2
1263,9963,6,44,69.0,70.0,HARD,24
1263,9963,7,14,69.0,70.0,HARD,20
1263,9963,6,27,69.0,70.0,HARD,0
1262,9967,1,23,1.0,3.0,SOFT,0
1262,9967,1,43,1.0,3.0,SOFT,0
1262,9967,1,31,1.0,3.0,SOFT,0
1262,9967,1,87,1.0,3.0,SOFT,0
1262,9967,1,18,1.0,3.0,SOFT,0
1262,9967,1,27,1.0,3.0,SOFT,0
1262,9967,1,4,1.0,3.0,SOFT,0
1262,9967,1,5,1.0,3.0,SOFT,0
1262,9967,1,12,1.0,3.0,SOFT,0
1262,9967,1,81,1.0,3.0,SOFT,0
1262,9967,1,6,1.0,3.0,SOFT,0
1262,9967,1,10,1.0,3.0,SOFT,0
1262,9967,1,55,1.0,3.0,SOFT,0
1262,9967,1,44,1.0,3.0,SOFT,0
1262,9967,2,23,4.0,6.0,SOFT,3
1262,9967,1,30,1.0,3.0,SOFT,0
1262,9967,2,87,4.0,6.0,SOFT,0
1262,9967,2,31,4.0,6.0,SOFT,0
1262,9967,1,14,1.0,3.0,SOFT,0
1262,9967,3,43,7.0,7.0,SOFT,0
1262,9967,2,43,4.0,6.0,SOFT,0
1262,9967,1,16,1.0,3.0,SOFT,0
1262,9967,2,18,4.0,6.0,SOFT,0
1262,9967,1,22,1.0,3.0,SOFT,0
1262,9967,2,27,4.0,6.0,SOFT,0
1262,9967,2,55,4.0,6.0,SOFT,0
1262,9967,3,31,7.0,9.0,SOFT,0
1262,9967,2,22,4.0,6.0,SOFT,0
1262,9967,3,23,7.0,8.0,SOFT,0
1262,9967,2,14,4.0,5.0,SOFT,0
1262,9967,3,87,7.0,9.0,SOFT,0
1262,9967,1,1,1.0,3.0,SOFT,0
1262,9967,3,18,7.0,9.0,SOFT,0
1262,9967,2,30,4.0,6.0,SOFT,0
1262,9967,2,5,4.0,6.0,SOFT,0
1262,9967,2,10,4.0,6.0,SOFT,0
1262,9967,2,6,4.0,6.0,SOFT,0
1262,9967,2,4,4.0,6.0,SOFT,3
1262,9967,3,14,6.0,6.0,SOFT,2
1262,9967,2,16,4.0,4.0,SOFT,0
1262,9967,2,44,4.0,6.0,SOFT,0
1262,9967,2,81,4.0,5.0,SOFT,3
1262,9967,2,12,4.0,6.0,SOFT,0
1262,9967,1,63,1.0,3.0,SOFT,0
1262,9967,3,12,7.0,9.0,SOFT,0
1262,9967,4,18,10.0,12.0,SOFT,0
1262,9967,3,10,7.0,9.0,SOFT,0
1262,9967,4,23,9.0,11.0,SOFT,2
1262,9967,3,5,7.0,9.0,SOFT,0
1262,9967,3,6,7.0,9.0,SOFT,0
1262,9967,3,30,7.0,9.0,SOFT,0
1262,9967,4,14,7.0,9.0,SOFT,0
1262,9967,4,87,10.0,12.0,SOFT,3
1262,9967,3,16,5.0,7.0,SOFT,0
1262,9967,5,18,13.0,15.0,SOFT,0
1262,9967,5,23,12.0,14.0,SOFT,0
1262,9967,4,5,10.0,12.0,SOFT,0
1262,9967,4,30,10.0,12.0,SOFT,0
1262,9967,5,87,13.0,15.0,SOFT,3
1262,9967,3,81,6.0,8.0,SOFT,0
1262,9967,4,12,10.0,12.0,SOFT,0
1262,9967,2,63,4.0,6.0,SOFT,0
1262,9967,2,1,4.0,6.0,SOFT,0
1262,9967,4,10,10.0,12.0,SOFT,0
1262,9967,3,44,7.0,9.0,SOFT,0
1262,9967,3,4,7.0,9.0,SOFT,0
1262,9967,4,16,8.0,9.0,SOFT,0
1262,9967,5,14,10.0,11.0,SOFT,0
1262,9967,5,16,10.0,12.0,SOFT,0
1262,9967,6,14,12.0,14.0,SOFT,0
1262,9967,4,6,10.0,12.0,SOFT,0
1262,9967,5,10,13.0,15.0,SOFT,3
1262,9967,4,4,10.0,12.0,SOFT,0
1262,9967,5,12,13.0,15.0,SOFT,0
1262,9967,4,81,9.0,11.0,SOFT,0
1262,9967,4,44,10.0,12.0,SOFT,0
1262,9967,3,1,7.0,9.0,SOFT,0
1262,9967,3,63,7.0,9.0,SOFT,0
1262,9967,5,6,13.0,15.0,SOFT,0
1262,9967,6,10,16.0,18.0,SOFT,0
1262,9967,5,4,13.0,15.0,SOFT,0
1262,9967,5,81,12.0,14.0,SOFT,0
1262,9967,6,12,16.0,18.0,SOFT,0
1262,9967,5,44,13.0,15.0,SOFT,0
1262,9967,4,1,10.0,12.0,SOFT,0
1262,9967,4,63,10.0,12.0,SOFT,3
1262,9971,1,23,1.0,6.0,SOFT,3
1262,9971,1,87,1.0,8.0,SOFT,0
1262,9971,1,22,1.0,8.0,MEDIUM,0
1262,9971,1,27,1.0,9.0,SOFT,0
1262,9971,1,55,1.0,9.0,SOFT,0
1262,9971,1,10,1.0,10.0,SOFT,2
1262,9971,1,1,1.0,13.0,SOFT,3
1262,9971,1,43,1.0,14.0,SOFT,0
1262,9971,1,14,1.0,15.0,SOFT,2
1262,9971,1,44,1.0,16.0,SOFT,3
1262,9971,1,16,1.0,17.0,SOFT,1
1262,9971,1,30,1.0,18.0,SOFT,0
1262,9971,1,6,1.0,19.0,SOFT,3
1262,9971,1,5,1.0,19.0,SOFT,3
1262,9971,1,63,1.0,20.0,SOFT,3
1262,9971,1,31,1.0,20.0,SOFT,0
1262,9971,1,4,1.0,21.0,SOFT,0
1262,9971,1,12,1.0,21.0,SOFT,3
1262,9971,1,81,1.0,22.0,SOFT,0
1262,9971,2,22,9.0,24.0,SOFT,0
1262,9971,2,23,7.0,26.0,SOFT,0
1262,9971,3,23,27.0,27.0,SOFT,20
1262,9971,2,1,14.0,29.0,SOFT,0
1262,9971,2,10,11.0,31.0,SOFT,3
1262,9971,2,55,10.0,34.0,SOFT,0
1262,9971,2,87,9.0,35.0,MEDIUM,0
1262,9971,2,16,18.0,40.0,MEDIUM,0
1262,9971,2,43,15.0,39.0,MEDIUM,0
1262,9971,2,63,21.0,41.0,MEDIUM,0
1262,9971,2,14,16.0,42.0,MEDIUM,1
1262,9971,2,31,21.0,43.0,MEDIUM,0
1262,9971,2,30,19.0,44.0,MEDIUM,0
1262,9971,3,22,25.0,44.0,SOFT,0
1262,9971,2,27,10.0,45.0,MEDIUM,0
1262,9971,2,44,17.0,46.0,MEDIUM,0
1262,9971,3,1,30.0,47.0,MEDIUM,0
1262,9971,2,4,22.0,48.0,MEDIUM,0
1262,9971,2,6,20.0,48.0,MEDIUM,0
1262,9971,2,81,23.0,49.0,MEDIUM,0
1262,9971,2,12,22.0,49.0,MEDIUM,0
1262,9971,2,5,20.0,49.0,MEDIUM,0
1262,9971,3,12,50.0,53.0,SOFT,3
1262,9971,3,81,50.0,55.0,SOFT,3
1262,9971,3,4,49.0,55.0,SOFT,3
1262,9971,4,1,48.0,55.0,SOFT,3
1262,9971,3,14,43.0,54.0,SOFT,3
1262,9971,3,87,36.0,54.0,MEDIUM,0
1262,9971,4,22,45.0,54.0,SOFT,0
1262,9971,3,16,41.0,55.0,MEDIUM,0
1262,9971,3,63,42.0,55.0,SOFT,0
1262,9971,3,44,47.0,55.0,SOFT,3
1262,9971,3,43,40.0,54.0,SOFT,0
1262,9971,3,6,49.0,55.0,SOFT,0
1262,9971,3,10,32.0,55.0,MEDIUM,0
1262,9971,3,55,35.0,55.0,MEDIUM,0
1262,9971,3,27,46.0,56.0,SOFT,0
1262,9971,4,81,56.0,66.0,SOFT,3
1262,9971,4,4,56.0,66.0,SOFT,3
1262,9971,4,16,56.0,66.0,SOFT,3
1262,9971,4,63,56.0,66.0,SOFT,0
1262,9971,5,1,56.0,66.0,HARD,0
1262,9971,4,27,57.0,66.0,SOFT,0
1262,9971,4,44,56.0,66.0,SOFT,3
1262,9971,4,6,56.0,66.0,SOFT,3
1262,9971,4,10,56.0,66.0,SOFT,3
1262,9971,4,14,55.0,66.0,SOFT,3
1262,9971,3,30,45.0,66.0,SOFT,0
1262,9971,3,5,50.0,66.0,SOFT,0
1262,9971,4,87,55.0,66.0,SOFT,6
1262,9971,5,22,55.0,66.0,SOFT,3
1262,9971,4,55,56.0,66.0,SOFT,0
1262,9971,4,43,55.0,66.0,SOFT,1
1262,9971,3,31,44.0,66.0,MEDIUM,0
1261,9975,1,23,1.0,8.0,SOFT,0
1261,9975,1,55,1.0,8.0,SOFT,0
1261,9975,1,31,1.0,7.0,SOFT,0
1261,9975,1,87,1.0,7.0,SOFT,0
1261,9975,1,10,1.0,6.0,MEDIUM,0
1261,9975,1,43,1.0,7.0,MEDIUM,0
1261,9975,1,27,1.0,7.0,SOFT,0
1261,9975,1,30,1.0,6.0,SOFT,0
1261,9975,1,5,1.0,7.0,SOFT,0
1261,9975,1,6,1.0,6.0,SOFT,0
1261,9975,1,14,1.0,7.0,SOFT,0
1261,9975,1,18,1.0,7.0,SOFT,0
1261,9975,1,16,1.0,12.0,SOFT,0
1261,9975,1,44,1.0,9.0,SOFT,0
1261,9975,1,22,1.0,6.0,SOFT,0
1261,9975,1,12,1.0,6.0,SOFT,0
1261,9975,1,63,1.0,11.0,SOFT,0
1261,9975,1,4,1.0,7.0,SOFT,0
1261,9975,1,81,1.0,7.0,SOFT,0
1261,9975,1,1,1.0,5.0,SOFT,0
1261,9975,2,31,8.0,13.0,SOFT,0
1261,9975,2,87,8.0,13.0,SOFT,0
1261,9975,2,27,8.0,13.0,SOFT,0
1261,9975,2,5,8.0,13.0,SOFT,0
1261,9975,2,6,7.0,12.0,SOFT,0
1261,9975,2,12,7.0,11.0,SOFT,0
1261,9975,2,23,9.0,13.0,SOFT,0
1261,9975,2,55,9.0,13.0,SOFT,0
1261,9975,2,10,7.0,11.0,SOFT,0
1261,9975,2,43,8.0,12.0,SOFT,0
1261,9975,2,30,7.0,11.0,SOFT,0
1261,9975,2,14,8.0,12.0,SOFT,0
1261,9975,2,22,7.0,11.0,SOFT,0
1261,9975,2,18,8.0,11.0,SOFT,0
1261,9975,2,1,6.0,9.0,SOFT,0
1261,9975,2,4,8.0,11.0,SOFT,7
1261,9975,2,81,8.0,10.0,SOFT,7
1261,9975,2,44,10.0,12.0,SOFT,0
1261,9975,3,27,14.0,17.0,SOFT,0
1261,9975,3,23,14.0,17.0,MEDIUM,0
1261,9975,3,55,14.0,17.0,MEDIUM,0
1261,9975,3,31,14.0,17.0,SOFT,6
1261,9975,3,14,13.0,16.0,SOFT,0
1261,9975,3,30,12.0,14.0,SOFT,0
1261,9975,2,16,13.0,15.0,MEDIUM,0
1261,9975,3,44,13.0,15.0,MEDIUM,0
1261,9975,3,6,13.0,15.0,SOFT,0
1261,9975,3,4,12.0,14.0,SOFT,0
1261,9975,3,81,11.0,13.0,SOFT,0
1261,9975,3,22,12.0,14.0,SOFT,0
1261,9975,3,1,10.0,12.0,SOFT,0
1261,9975,2,63,12.0,13.0,MEDIUM,0
1261,9975,4,27,18.0,20.0,SOFT,3
1261,9975,4,23,18.0,21.0,MEDIUM,4
1261,9975,4,55,18.0,21.0,MEDIUM,4
1261,9975,4,6,16.0,18.0,SOFT,3
1261,9975,4,31,18.0,20.0,SOFT,10
1261,9975,3,16,16.0,21.0,SOFT,0
1261,9975,4,44,16.0,22.0,SOFT,0
1261,9975,4,14,17.0,22.0,MEDIUM,1
1261,9975,4,81,14.0,21.0,SOFT,3
1261,9975,4,4,15.0,19.0,SOFT,3
1261,9975,4,30,15.0,20.0,SOFT,0
1261,9975,4,22,15.0,20.0,SOFT,0
1261,9975,4,1,13.0,15.0,SOFT,3
1261,9975,5,31,21.0,24.0,SOFT,0
1261,9975,5,23,22.0,25.0,SOFT,0
1261,9975,5,55,22.0,25.0,SOFT,0
1261,9975,5,27,21.0,23.0,SOFT,0
1261,9975,5,6,19.0,21.0,SOFT,0
1261,9975,6,23,26.0,26.0,SOFT,4
1261,9975,6,31,25.0,28.0,MEDIUM,0
1261,9975,5,14,23.0,26.0,SOFT,4
1261,9975,5,81,22.0,24.0,SOFT,0
1261,9975,5,4,20.0,22.0,SOFT,0
1261,9975,5,44,23.0,25.0,SOFT,3
1261,9975,4,16,22.0,24.0,SOFT,0
1261,9975,6,6,22.0,24.0,SOFT,6
1261,9975,5,30,21.0,23.0,SOFT,3
1261,9975,7,23,27.0,30.0,MEDIUM,0
1261,9975,5,1,16.0,18.0,SOFT,0
1261,9975,6,81,25.0,29.0,SOFT,0
1261,9975,6,4,23.0,27.0,SOFT,0
1261,9975,7,31,29.0,32.0,SOFT,0
1261,9975,6,14,27.0,30.0,SOFT,0
1261,9975,8,23,31.0,34.0,SOFT,0
1261,9975,6,30,24.0,26.0,SOFT,0
1261,9975,7,6,25.0,27.0,SOFT,0
1261,9975,6,44,26.0,28.0,SOFT,0
1261,9975,5,16,25.0,27.0,SOFT,0
1261,9975,6,1,19.0,21.0,SOFT,0
1261,9979,2,10,1.0,7.0,MEDIUM,0
1261,9979,1,27,1.0,11.0,MEDIUM,0
1261,9979,1,43,1.0,12.0,HARD,0
1261,9979,1,6,1.0,13.0,MEDIUM,0
1261,9979,1,14,1.0,15.0,HARD,1
1261,9979,1,31,1.0,15.0,MEDIUM,0
1261,9979,1,18,1.0,16.0,HARD,1
1261,9979,2,87,1.0,16.0,HARD,0
1261,9979,1,44,1.0,17.0,HARD,0
1261,9979,1,4,1.0,18.0,MEDIUM,0
1261,9979,2,6,14.0,18.0,SOFT,3
1261,9979,1,81,1.0,19.0,MEDIUM,0
1261,9979,1,16,1.0,21.0,MEDIUM,0
1261,9979,2,43,13.0,25.0,MEDIUM,7
1261,9979,2,5,1.0,25.0,HARD,0
1261,9979,1,1,1.0,27.0,HARD,0
1261,9979,2,31,16.0,27.0,MEDIUM,4
1261,9979,1,30,1.0,30.0,MEDIUM,6
1261,9979,1,23,1.0,31.0,MEDIUM,4
1261,9979,2,14,16.0,36.0,HARD,1
1261,9979,3,5,26.0,34.0,SOFT,0
1261,9979,2,23,32.0,39.0,MEDIUM,8
1261,9979,2,30,31.0,39.0,SOFT,3
1261,9979,2,27,12.0,43.0,HARD,0
1261,9979,2,81,20.0,47.0,HARD,0
1261,9979,2,16,22.0,48.0,HARD,0
1261,9979,1,55,1.0,47.0,HARD,0
1261,9979,2,4,19.0,49.0,HARD,0
1261,9979,2,55,48.0,52.0,MEDIUM,0
1261,9979,1,63,1.0,52.0,HARD,0
1261,9979,2,44,18.0,55.0,HARD,1
1261,9979,2,18,17.0,63.0,HARD,1
1261,9979,2,63,53.0,67.0,MEDIUM,53
1261,9979,1,12,1.0,68.0,HARD,0
1261,9979,2,12,69.0,70.0,MEDIUM,0
1261,9979,2,22,1.0,72.0,HARD,0
1261,9979,2,1,28.0,76.0,MEDIUM,0
1261,9979,3,4,50.0,78.0,HARD,0
1261,9979,3,16,49.0,78.0,MEDIUM,0
1261,9979,3,81,48.0,78.0,HARD,0
1261,9979,3,12,71.0,75.0,HARD,0
1261,9979,3,23,40.0,76.0,HARD,0
1261,9979,3,55,53.0,76.0,MEDIUM,8
1261,9979,3,1,77.0,78.0,SOFT,3
1261,9979,3,63,68.0,76.0,HARD,0
1261,9979,3,44,56.0,78.0,MEDIUM,0
1261,9979,3,87,17.0,76.0,MEDIUM,0
1261,9979,3,43,26.0,76.0,MEDIUM,0
1261,9979,3,6,19.0,77.0,HARD,1
1261,9979,3,31,28.0,77.0,HARD,0
1261,9979,3,30,40.0,77.0,HARD,1
1261,9979,4,5,35.0,76.0,MEDIUM,0
1261,9979,3,18,64.0,76.0,MEDIUM,1
1261,9979,3,27,44.0,76.0,SOFT,0
1261,9979,3,22,73.0,76.0,MEDIUM,0
1260,9983,1,27,1.0,3.0,SOFT,0
1260,9983,1,5,1.0,3.0,SOFT,0
1260,9983,1,31,1.0,3.0,SOFT,0
1260,9983,1,87,1.0,3.0,SOFT,0
1260,9983,1,18,1.0,3.0,SOFT,0
1260,9983,1,14,1.0,3.0,SOFT,0
1260,9983,1,55,1.0,3.0,SOFT,0
1260,9983,1,44,1.0,3.0,SOFT,0
1260,9983,1,23,1.0,3.0,SOFT,0
1260,9983,1,16,1.0,3.0,SOFT,0
1260,9983,1,1,1.0,2.0,SOFT,0
1260,9983,1,22,1.0,2.0,SOFT,0
1260,9983,1,12,1.0,1.0,SOFT,0
1260,9983,1,63,1.0,1.0,SOFT,0
1260,9983,1,4,1.0,1.0,SOFT,0
1260,9983,1,6,1.0,1.0,SOFT,0
1260,9983,1,81,1.0,1.0,SOFT,0
1260,9983,1,30,1.0,1.0,SOFT,0
1260,9983,1,43,1.0,3.0,SOFT,0
1260,9983,2,27,4.0,6.0,SOFT,0
1260,9983,2,5,4.0,6.0,SOFT,3
1260,9983,2,30,2.0,4.0,SOFT,1
1260,9983,2,6,2.0,4.0,SOFT,0
1260,9983,2,55,4.0,6.0,SOFT,3
1260,9983,2,23,4.0,6.0,SOFT,3
1260,9983,2,31,4.0,6.0,SOFT,3
1260,9983,2,87,4.0,6.0,SOFT,3
1260,9983,1,10,1.0,3.0,SOFT,0
1260,9983,2,18,4.0,6.0,SOFT,0
1260,9983,2,14,4.0,6.0,SOFT,0
1260,9983,2,12,2.0,4.0,SOFT,1
1260,9983,2,63,2.0,4.0,SOFT,0
1260,9983,2,1,3.0,5.0,SOFT,2
1260,9983,2,16,4.0,6.0,SOFT,3
1260,9983,2,44,4.0,6.0,SOFT,3
1260,9983,2,4,2.0,4.0,SOFT,1
1260,9983,2,81,2.0,6.0,SOFT,1
1260,9983,3,4,5.0,7.0,SOFT,4
1260,9983,3,5,7.0,9.0,SOFT,0
1260,9983,3,27,7.0,9.0,SOFT,0
1260,9983,3,12,5.0,7.0,SOFT,0
1260,9983,3,55,7.0,9.0,SOFT,0
1260,9983,3,31,7.0,9.0,SOFT,0
1260,9983,3,18,7.0,9.0,MEDIUM,0
1260,9983,3,87,7.0,8.0,SOFT,0
1260,9983,2,10,4.0,5.0,SOFT,0
1260,9983,2,43,4.0,5.0,SOFT,0
1260,9983,3,30,5.0,6.0,SOFT,0
1260,9983,3,6,5.0,6.0,SOFT,0
1260,9983,3,14,7.0,7.0,MEDIUM,0
1260,9983,3,16,7.0,8.0,SOFT,0
1260,9983,3,63,5.0,5.0,SOFT,0
1260,9983,3,23,7.0,8.0,SOFT,0
1260,9983,3,44,7.0,8.0,SOFT,0
1260,9983,4,5,10.0,12.0,SOFT,3
1260,9983,3,1,6.0,8.0,SOFT,0
1260,9983,4,18,10.0,12.0,SOFT,0
1260,9983,4,14,8.0,10.0,SOFT,0
1260,9983,4,16,9.0,11.0,SOFT,2
1260,9983,4,44,9.0,11.0,SOFT,2
1260,9983,4,6,7.0,9.0,SOFT,0
1260,9983,4,12,8.0,10.0,SOFT,4
1260,9983,4,63,6.0,8.0,SOFT,1
1260,9983,4,4,8.0,10.0,SOFT,0
1260,9983,4,23,9.0,11.0,SOFT,2
1260,9983,3,10,6.0,8.0,SOFT,3
1260,9983,3,81,7.0,9.0,SOFT,0
1260,9983,4,55,10.0,12.0,SOFT,3
1260,9983,5,5,13.0,15.0,SOFT,0
1260,9983,5,6,10.0,12.0,SOFT,0
1260,9983,5,12,11.0,13.0,SOFT,0
1260,9983,5,44,12.0,14.0,SOFT,0
1260,9983,5,16,12.0,14.0,SOFT,0
1260,9983,5,63,9.0,11.0,SOFT,0
1260,9983,4,1,9.0,11.0,SOFT,3
1260,9983,5,55,13.0,15.0,SOFT,0
1260,9983,5,23,12.0,14.0,SOFT,0
1260,9983,4,10,9.0,11.0,SOFT,0
1260,9983,5,18,13.0,15.0,MEDIUM,0
1260,9983,5,14,11.0,13.0,MEDIUM,0
1260,9983,4,81,10.0,12.0,SOFT,3
1260,9983,5,4,11.0,13.0,SOFT,3
1260,9983,6,18,16.0,18.0,SOFT,0
1260,9983,6,14,14.0,16.0,SOFT,0
1260,9983,6,6,13.0,15.0,SOFT,3
1260,9983,6,4,14.0,16.0,SOFT,0
1260,9983,5,81,13.0,15.0,SOFT,0
1260,9983,5,1,12.0,14.0,SOFT,0
1260,9983,6,63,12.0,14.0,SOFT,0
1260,9983,5,10,12.0,14.0,SOFT,2
1260,9983,6,23,15.0,17.0,SOFT,3
1260,9983,6,55,16.0,18.0,SOFT,3
1260,9983,6,81,16.0,18.0,SOFT,0
1260,9983,7,18,19.0,21.0,MEDIUM,3
1260,9983,7,23,18.0,20.0,SOFT,0
1260,9983,7,6,16.0,17.0,SOFT,0
1260,9983,7,4,17.0,19.0,SOFT,0
1260,9983,6,1,15.0,17.0,SOFT,0
1260,9983,7,14,17.0,19.0,MEDIUM,1
1260,9983,7,63,15.0,17.0,MEDIUM,0
1260,9983,7,55,19.0,21.0,SOFT,0
1260,9983,6,10,15.0,17.0,SOFT,0
1260,9987,1,31,1.0,1.0,MEDIUM,0
1260,9987,1,10,1.0,9.0,MEDIUM,0
1260,9987,1,16,1.0,10.0,MEDIUM,0
1260,9987,1,30,1.0,10.0,MEDIUM,0
1260,9987,1,63,1.0,11.0,MEDIUM,3
1260,9987,1,55,1.0,11.0,MEDIUM,0
1260,9987,1,14,1.0,12.0,MEDIUM,3
1260,9987,1,5,1.0,12.0,MEDIUM,0
1260,9987,1,81,1.0,13.0,MEDIUM,0
1260,9987,1,18,1.0,14.0,MEDIUM,3
1260,9987,1,43,1.0,22.0,MEDIUM,0
1260,9987,2,31,2.0,27.0,HARD,0
1260,9987,1,4,1.0,28.0,MEDIUM,0
1260,9987,1,1,1.0,29.0,MEDIUM,0
1260,9987,1,23,1.0,29.0,MEDIUM,0
1260,9987,1,6,1.0,29.0,MEDIUM,0
1260,9987,1,12,1.0,29.0,HARD,0
1260,9987,1,44,1.0,29.0,HARD,0
1260,9987,2,16,11.0,29.0,HARD,0
1260,9987,1,27,1.0,29.0,HARD,0
1260,9987,1,87,1.0,29.0,HARD,0
1260,9987,2,63,12.0,29.0,HARD,0
1260,9987,1,22,1.0,29.0,HARD,0
1260,9987,2,55,12.0,29.0,HARD,0
1260,9987,2,10,10.0,29.0,HARD,0
1260,9987,2,30,11.0,29.0,HARD,0
1260,9987,2,5,13.0,29.0,HARD,0
1260,9987,2,81,14.0,30.0,HARD,0
1260,9987,2,87,30.0,31.0,MEDIUM,0
1260,9987,2,12,30.0,44.0,MEDIUM,0
1260,9987,2,1,30.0,46.0,HARD,0
1260,9987,2,4,29.0,46.0,HARD,0
1260,9987,2,44,30.0,46.0,MEDIUM,0
1260,9987,2,6,30.0,46.0,HARD,0
1260,9987,2,14,13.0,46.0,HARD,1
1260,9987,2,18,15.0,46.0,HARD,1
1260,9987,2,43,23.0,46.0,HARD,0
1260,9987,3,5,30.0,46.0,HARD,0
1260,9987,2,23,30.0,47.0,HARD,0
1260,9987,3,1,47.0,63.0,HARD,0
1260,9987,3,4,47.0,63.0,HARD,1
1260,9987,3,81,31.0,63.0,HARD,0
1260,9987,3,44,47.0,63.0,HARD,0
1260,9987,3,23,48.0,63.0,HARD,0
1260,9987,3,16,30.0,63.0,HARD,0
1260,9987,3,63,30.0,63.0,HARD,0
1260,9987,3,55,30.0,63.0,HARD,0
1260,9987,3,6,47.0,63.0,HARD,0
1260,9987,2,22,30.0,63.0,MEDIUM,0
1260,9987,3,14,47.0,63.0,MEDIUM,4
1260,9987,2,27,30.0,63.0,MEDIUM,0
1260,9987,3,10,30.0,63.0,HARD,0
1260,9987,3,30,30.0,63.0,HARD,0
1260,9987,3,18,47.0,63.0,MEDIUM,6
1260,9987,3,43,47.0,63.0,HARD,0
1260,9987,3,87,32.0,63.0,HARD,0
1260,9987,4,5,47.0,63.0,MEDIUM,12
1255,9989,1,12,1.0,5.0,MEDIUM,0
1255,9989,1,63,1.0,9.0,MEDIUM,0
1255,9989,1,5,1.0,4.0,MEDIUM,0
1255,9989,1,22,1.0,4.0,MEDIUM,0
1255,9989,1,1,1.0,4.0,MEDIUM,0
1255,9989,1,6,1.0,4.0,MEDIUM,0
1255,9989,1,10,1.0,6.0,MEDIUM,0
1255,9989,1,7,1.0,6.0,MEDIUM,0
1255,9989,1,87,1.0,4.0,MEDIUM,0
1255,9989,1,31,1.0,4.0,MEDIUM,0
1255,9989,1,44,1.0,4.0,MEDIUM,0
1255,9989,1,16,1.0,4.0,MEDIUM,0
1255,9989,1,55,1.0,4.0,MEDIUM,0
1255,9989,1,30,1.0,5.0,MEDIUM,0
1255,9989,1,23,1.0,7.0,MEDIUM,0
1255,9989,1,4,1.0,7.0,MEDIUM,0
1255,9989,1,81,1.0,5.0,MEDIUM,0
1255,9989,1,18,1.0,7.0,MEDIUM,0
1255,9989,1,14,1.0,6.0,MEDIUM,0
1255,9989,1,27,1.0,4.0,MEDIUM,0
1255,9989,2,12,5.0,8.0,MEDIUM,4
1255,9989,2,55,4.0,7.0,MEDIUM,3
1255,9989,2,6,4.0,7.0,MEDIUM,0
1255,9989,2,22,4.0,7.0,MEDIUM,3
1255,9989,2,5,4.0,7.0,MEDIUM,0
1255,9989,2,16,4.0,7.0,MEDIUM,3
1255,9989,2,1,4.0,7.0,MEDIUM,3
1255,9989,2,87,4.0,7.0,MEDIUM,3
1255,9989,2,44,4.0,7.0,MEDIUM,3
1255,9989,2,31,4.0,6.0,MEDIUM,3
1255,9989,2,27,4.0,6.0,MEDIUM,3
1255,9989,3,12,8.0,15.0,MEDIUM,0
1255,9989,2,63,9.0,16.0,MEDIUM,0
1255,9989,3,5,7.0,10.0,MEDIUM,0
1255,9989,3,1,7.0,10.0,MEDIUM,0
1255,9989,2,4,7.0,10.0,MEDIUM,0
1255,9989,2,81,5.0,9.0,MEDIUM,0
1255,9989,3,44,7.0,13.0,MEDIUM,0
1255,9989,3,16,7.0,13.0,MEDIUM,0
1255,9989,3,55,7.0,10.0,MEDIUM,0
1255,9989,2,23,7.0,11.0,MEDIUM,0
1255,9989,3,6,7.0,8.0,MEDIUM,0
1255,9989,3,22,7.0,10.0,MEDIUM,0
1255,9989,2,18,7.0,10.0,MEDIUM,0
1255,9989,2,14,6.0,8.0,MEDIUM,0
1255,9989,3,87,7.0,9.0,MEDIUM,0
1255,9989,4,5,10.0,12.0,MEDIUM,3
1255,9989,3,81,9.0,13.0,SOFT,0
1255,9989,3,4,10.0,13.0,SOFT,0
1255,9989,4,12,15.0,17.0,SOFT,0
1255,9989,3,63,16.0,18.0,SOFT,0
1255,9989,3,23,11.0,14.0,SOFT,0
1255,9989,4,44,13.0,15.0,SOFT,0
1255,9989,4,16,13.0,15.0,SOFT,0
1255,9989,3,18,10.0,12.0,SOFT,4
1255,9989,4,1,10.0,12.0,SOFT,0
1255,9989,4,22,10.0,12.0,SOFT,0
1255,9993,1,63,1.0,19.0,MEDIUM,8
1255,9993,1,5,1.0,19.0,MEDIUM,6
1255,9993,1,16,1.0,19.0,MEDIUM,6
1255,9993,1,81,1.0,19.0,MEDIUM,4
1255,9993,1,23,1.0,19.0,MEDIUM,4
1255,9993,1,14,1.0,19.0,MEDIUM,3
1255,9993,1,22,1.0,19.0,MEDIUM,3
1255,9993,1,18,1.0,19.0,MEDIUM,3
1255,9993,1,27,1.0,19.0,MEDIUM,6
1255,9993,1,44,1.0,19.0,MEDIUM,6
1255,9993,1,4,1.0,19.0,MEDIUM,3
1255,9993,1,1,1.0,19.0,MEDIUM,3
1255,9993,1,55,1.0,11.0,MEDIUM,4
1255,9993,1,6,1.0,19.0,MEDIUM,2
1255,9993,1,30,1.0,19.0,MEDIUM,5
1255,9993,1,12,1.0,19.0,MEDIUM,7
1255,9993,1,31,1.0,19.0,MEDIUM,6
1255,9993,1,10,1.0,19.0,MEDIUM,6
1255,9993,1,7,1.0,19.0,MEDIUM,6
1255,9993,1,87,1.0,19.0,MEDIUM,3
1255,9993,2,55,12.0,19.0,MEDIUM,0
1255,9994,1,18,1.0,4.0,SOFT,7
1255,9994,1,27,1.0,4.0,SOFT,0
1255,9994,1,5,1.0,4.0,SOFT,0
1255,9994,1,14,1.0,4.0,SOFT,3
1255,9994,1,22,1.0,3.0,SOFT,5
1255,9994,1,55,1.0,4.0,SOFT,3
1255,9994,1,87,1.0,4.0,SOFT,0
1255,9994,1,6,1.0,3.0,SOFT,0
1255,9994,1,31,1.0,4.0,SOFT,0
1255,9994,1,10,1.0,4.0,SOFT,3
1255,9994,1,7,1.0,3.0,SOFT,0
1255,9994,1,30,1.0,3.0,SOFT,6
1255,9994,1,4,1.0,4.0,SOFT,4
1255,9994,1,16,1.0,4.0,SOFT,0
1255,9994,1,44,1.0,4.0,SOFT,3
1255,9994,1,81,1.0,4.0,SOFT,5
1255,9994,1,23,1.0,3.0,SOFT,3
1255,9994,1,12,1.0,4.0,SOFT,3
1255,9994,1,63,1.0,4.0,SOFT,3
1255,9994,1,1,1.0,4.0,SOFT,2
1255,9994,2,18,4.0,7.0,SOFT,0
1255,9994,2,6,3.0,6.0,SOFT,0
1255,9994,2,14,4.0,7.0,SOFT,0
1255,9994,2,22,3.0,6.0,SOFT,3
1255,9994,2,5,4.0,7.0,SOFT,0
1255,9994,2,7,3.0,6.0,SOFT,0
1255,9994,2,55,4.0,7.0,SOFT,0
1255,9994,2,23,3.0,6.0,SOFT,0
1255,9994,2,30,3.0,6.0,SOFT,0
1255,9994,2,10,4.0,7.0,SOFT,0
1255,9994,2,27,4.0,7.0,SOFT,0
1255,9994,2,31,4.0,7.0,SOFT,0
1255,9994,2,87,4.0,7.0,SOFT,0
1255,9994,2,44,4.0,10.0,SOFT,0
1255,9994,2,16,4.0,10.0,SOFT,0
1255,9994,2,63,4.0,10.0,SOFT,0
1255,9994,2,81,4.0,9.0,SOFT,0
1255,9994,2,4,4.0,10.0,SOFT,0
1255,9994,2,12,4.0,10.0,SOFT,0
1255,9994,3,27,7.0,10.0,SOFT,0
1255,9994,3,14,7.0,10.0,SOFT,0
1255,9994,3,18,7.0,10.0,SOFT,0
1255,9994,3,5,7.0,9.0,SOFT,0
1255,9994,3,22,6.0,9.0,SOFT,0
1255,9994,3,6,6.0,9.0,SOFT,0
1255,9994,3,55,7.0,10.0,SOFT,0
1255,9994,3,23,6.0,9.0,SOFT,0
1255,9994,3,30,6.0,8.0,SOFT,0
1255,9994,3,10,7.0,9.0,SOFT,0
1255,9994,3,7,6.0,8.0,SOFT,0
1255,9994,3,31,7.0,10.0,SOFT,0
1255,9994,3,87,7.0,8.0,SOFT,0
1255,9994,4,31,10.0,13.0,SOFT,0
1255,9994,3,12,10.0,13.0,SOFT,3
1255,9994,3,63,10.0,13.0,SOFT,3
1255,9994,4,55,10.0,13.0,SOFT,0
1255,9994,4,6,9.0,12.0,SOFT,0
1255,9994,4,18,10.0,13.0,SOFT,0
1255,9994,4,22,9.0,12.0,SOFT,0
1255,9994,4,14,10.0,13.0,SOFT,0
1255,9994,3,81,9.0,12.0,SOFT,0
1255,9994,3,4,10.0,13.0,SOFT,0
1255,9994,3,44,10.0,13.0,SOFT,6
1255,9994,3,16,10.0,13.0,SOFT,6
1255,9994,2,1,4.0,7.0,SOFT,0
1255,9994,4,23,9.0,12.0,SOFT,0
1255,9994,4,27,10.0,13.0,SOFT,0
1255,9994,4,12,13.0,17.0,SOFT,0
1255,9994,4,63,13.0,16.0,SOFT,0
1255,9994,3,1,7.0,10.0,SOFT,0
1255,9994,5,27,13.0,15.0,SOFT,0
1255,9994,4,81,12.0,15.0,SOFT,3
1255,9994,4,44,13.0,16.0,SOFT,0
1255,9994,4,16,13.0,16.0,SOFT,0
1255,9994,5,31,13.0,15.0,SOFT,0
1255,9994,5,6,12.0,15.0,SOFT,0
1255,9994,5,22,12.0,15.0,SOFT,0
1255,9994,5,18,13.0,15.0,SOFT,0
1255,9994,5,14,13.0,15.0,SOFT,0
1255,9994,5,23,12.0,15.0,SOFT,0
1255,9994,5,55,13.0,15.0,SOFT,0
1255,9994,5,63,16.0,20.0,SOFT,0
1255,9994,4,1,10.0,13.0,SOFT,0
1255,9994,5,12,17.0,20.0,SOFT,0
1255,9994,6,6,15.0,18.0,SOFT,3
1255,9994,6,22,15.0,18.0,SOFT,3
1255,9994,6,23,15.0,18.0,SOFT,3
1255,9994,5,81,15.0,18.0,SOFT,0
1255,9994,5,44,16.0,19.0,SOFT,0
1255,9994,5,16,16.0,19.0,SOFT,0
1255,9994,4,4,13.0,16.0,SOFT,0
1255,9994,6,12,20.0,22.0,SOFT,0
1255,9994,7,23,18.0,20.0,SOFT,3
1255,9994,7,6,18.0,20.0,SOFT,0
1255,9994,5,1,13.0,15.0,SOFT,0
1255,9994,5,4,16.0,17.0,SOFT,0
1255,9994,6,44,19.0,21.0,SOFT,0
1255,9994,6,81,18.0,20.0,SOFT,0
1255,9994,7,22,18.0,19.0,SOFT,0
1255,9994,6,16,19.0,21.0,SOFT,0
1255,9994,6,63,20.0,22.0,SOFT,0
1255,9998,1,23,1.0,20.0,MEDIUM,0
1255,9998,1,14,1.0,4.0,MEDIUM,5
1255,9998,1,16,1.0,15.0,MEDIUM,0
1255,9998,1,27,1.0,20.0,MEDIUM,0
1255,9998,1,18,1.0,36.0,HARD,0
1255,9998,1,7,1.0,11.0,MEDIUM,0
1255,9998,1,44,1.0,13.0,MEDIUM,0
1255,9998,1,55,1.0,17.0,MEDIUM,0
1255,9998,1,22,1.0,11.0,MEDIUM,0
1255,9998,1,30,1.0,18.0,HARD,0
1255,9998,1,1,1.0,13.0,MEDIUM,0
1255,9998,1,6,1.0,12.0,MEDIUM,0
1255,9998,1,63,1.0,14.0,MEDIUM,0
1255,9998,1,10,1.0,10.0,MEDIUM,0
1255,9998,1,5,1.0,1.0,MEDIUM,0
1255,9998,1,12,1.0,12.0,MEDIUM,0
1255,9998,1,31,1.0,11.0,MEDIUM,0
1255,9998,1,81,1.0,14.0,MEDIUM,0
1255,9998,1,87,1.0,26.0,HARD,0
1255,9998,1,4,1.0,15.0,MEDIUM,0
1255,9998,2,5,2.0,26.0,HARD,0
1255,9998,2,10,11.0,56.0,HARD,0
1255,9998,2,22,12.0,35.0,HARD,0
1255,9998,2,31,12.0,56.0,HARD,0
1255,9998,2,7,12.0,56.0,HARD,0
1255,9998,2,6,13.0,33.0,HARD,0
1255,9998,2,12,13.0,56.0,HARD,0
1255,9998,2,44,14.0,37.0,HARD,0
1255,9998,2,1,14.0,56.0,HARD,0
1255,9998,2,81,15.0,56.0,HARD,0
1255,9998,2,63,15.0,56.0,HARD,0
1255,9998,2,4,16.0,56.0,HARD,0
1255,9998,2,16,16.0,56.0,HARD,0
1255,9998,2,55,18.0,56.0,HARD,0
1255,9998,2,30,19.0,30.0,MEDIUM,0
1255,9998,2,23,21.0,56.0,HARD,0
1255,9998,2,27,21.0,55.0,HARD,0
1255,9998,2,87,27.0,56.0,MEDIUM,0
1255,9998,3,5,27.0,55.0,HARD,0
1255,9998,3,30,31.0,56.0,HARD,0
1255,9998,3,6,34.0,56.0,HARD,0
1255,9998,3,22,36.0,46.0,HARD,0
1255,9998,2,18,37.0,56.0,MEDIUM,0
1255,9998,3,44,38.0,56.0,HARD,0
1255,9998,4,22,47.0,55.0,MEDIUM,6
1279,11230,1,77,1.0,3.0,SOFT,0
1279,11230,1,63,1.0,3.0,SOFT,0
1279,11230,1,11,1.0,3.0,SOFT,0
1279,11230,1,23,1.0,5.0,SOFT,0
1279,11230,1,3,1.0,2.0,SOFT,0
1279,11230,1,1,1.0,6.0,SOFT,0
1279,11230,1,41,1.0,6.0,SOFT,0
1279,11230,1,30,1.0,5.0,SOFT,0
1279,11230,1,81,1.0,6.0,SOFT,0
1279,11230,2,63,4.0,4.0,SOFT,3
1279,11230,1,31,1.0,5.0,SOFT,0
1279,11230,1,87,1.0,5.0,SOFT,0
1279,11230,2,23,6.0,6.0,SOFT,0
1279,11230,1,14,1.0,5.0,SOFT,0
1279,11230,1,44,1.0,6.0,MEDIUM,0
1279,11230,1,16,1.0,5.0,MEDIUM,0
1279,11230,1,27,1.0,6.0,SOFT,0
1279,11230,1,10,1.0,6.0,SOFT,0
1279,11230,1,43,1.0,6.0,SOFT,0
1279,11230,1,6,1.0,3.0,SOFT,0
1279,11230,2,77,4.0,5.0,SOFT,0
1279,11230,2,11,4.0,4.0,SOFT,0
1279,11230,2,14,6.0,10.0,SOFT,0
1279,11230,3,77,6.0,8.0,SOFT,0
1279,11230,3,11,5.0,7.0,SOFT,0
1279,11230,2,44,7.0,9.0,MEDIUM,6
1279,11230,2,16,6.0,7.0,MEDIUM,5
1279,11230,2,31,6.0,10.0,SOFT,0
1279,11230,2,87,6.0,10.0,SOFT,0
1279,11230,3,23,7.0,11.0,SOFT,1
1279,11230,2,1,7.0,11.0,SOFT,6
1279,11230,2,41,7.0,11.0,SOFT,0
1279,11230,2,30,6.0,10.0,SOFT,0
1279,11230,2,10,7.0,10.0,SOFT,0
1279,11230,2,43,7.0,10.0,SOFT,0
1279,11230,2,81,7.0,10.0,SOFT,6
1279,11230,1,5,1.0,6.0,SOFT,0
1279,11230,1,12,1.0,5.0,SOFT,0
1279,11230,2,27,7.0,10.0,SOFT,0
1279,11230,3,63,5.0,8.0,SOFT,0
1279,11230,2,6,4.0,6.0,SOFT,0
1279,11230,4,23,12.0,14.0,SOFT,5
1279,11230,3,27,11.0,13.0,SOFT,4
1279,11230,3,44,10.0,13.0,SOFT,0
1279,11230,2,12,6.0,8.0,SOFT,0
1279,11230,4,63,9.0,11.0,SOFT,0
1279,11230,3,81,11.0,14.0,SOFT,0
1279,11230,3,1,12.0,15.0,SOFT,0
1279,11230,3,31,11.0,14.0,SOFT,0
1279,11230,3,87,11.0,14.0,SOFT,0
1279,11230,2,5,7.0,10.0,SOFT,0
1279,11230,3,43,11.0,14.0,SOFT,0
1279,11230,3,30,11.0,14.0,SOFT,0
1279,11230,3,41,12.0,15.0,SOFT,0
1279,11230,3,10,11.0,14.0,SOFT,0
1279,11230,3,16,8.0,13.0,SOFT,0
1279,11230,5,23,15.0,17.0,SOFT,0
1279,11230,3,6,7.0,9.0,SOFT,0
1279,11230,6,23,18.0,19.0,SOFT,0
1279,11230,4,31,15.0,18.0,SOFT,0
1279,11230,4,87,15.0,18.0,SOFT,0
1279,11230,3,5,11.0,14.0,SOFT,0
1279,11230,4,43,15.0,18.0,SOFT,0
1279,11230,4,27,14.0,18.0,SOFT,0
1279,11230,4,10,15.0,18.0,SOFT,0
1279,11230,4,81,15.0,17.0,SOFT,4
1279,11230,4,30,15.0,18.0,SOFT,0
1279,11230,4,41,16.0,19.0,SOFT,0
1279,11230,4,44,14.0,17.0,SOFT,0
1279,11230,4,16,14.0,16.0,SOFT,0
1279,11230,3,12,9.0,11.0,SOFT,0
1279,11230,5,63,12.0,14.0,SOFT,3
1279,11230,4,1,16.0,18.0,SOFT,4
1279,11230,4,6,10.0,12.0,SOFT,3
1279,11230,4,12,12.0,13.0,SOFT,0
1279,11230,6,63,15.0,16.0,SOFT,0
1279,11230,5,6,13.0,13.0,SOFT,0
1279,11230,5,81,18.0,20.0,SOFT,0
1279,11230,5,16,17.0,18.0,SOFT,0
1279,11230,5,44,18.0,19.0,SOFT,0
1279,11230,5,1,19.0,20.0,SOFT,0
1279,11230,5,12,14.0,15.0,SOFT,1
1279,11230,5,41,20.0,21.0,SOFT,4
1279,11230,5,30,19.0,20.0,SOFT,4
1279,11230,7,63,17.0,19.0,SOFT,1
1279,11230,6,81,21.0,23.0,SOFT,0
1279,11230,6,16,19.0,21.0,SOFT,2
1279,11230,6,6,14.0,16.0,SOFT,0
1279,11230,6,1,21.0,23.0,SOFT,0
1279,11230,6,44,20.0,22.0,SOFT,2
1279,11230,6,12,16.0,18.0,SOFT,0
1279,11230,8,63,20.0,22.0,SOFT,0
1279,11230,7,81,24.0,26.0,SOFT,0
1279,11230,7,16,22.0,24.0,SOFT,0
1279,11230,7,6,17.0,19.0,SOFT,0
1279,11230,7,1,24.0,26.0,SOFT,0
1279,11230,7,44,23.0,25.0,SOFT,0
1279,11230,6,41,22.0,25.0,SOFT,0
1279,11230,6,30,21.0,24.0,SOFT,0
1279,11234,1,27,1.0,1.0,HARD,0
1279,11234,1,43,1.0,8.0,HARD,0
1279,11234,1,6,1.0,10.0,MEDIUM,0
1279,11234,1,1,1.0,10.0,MEDIUM,0
1279,11234,1,31,1.0,10.0,UNKNOWN,2
1279,11234,1,10,1.0,10.0,UNKNOWN,2
1279,11234,1,55,1.0,10.0,SOFT,0
1279,11234,1,30,1.0,10.0,UNKNOWN,2
1279,11234,1,14,1.0,10.0,SOFT,0
1279,11234,1,18,1.0,10.0,MEDIUM,0
1279,11234,1,63,1.0,11.0,UNKNOWN,2
1279,11234,1,12,1.0,11.0,MEDIUM,0
1279,11234,1,23,1.0,11.0,UNKNOWN,2
1279,11234,1,77,1.0,11.0,HARD,0
1279,11234,2,77,12.0,15.0,HARD,12
1279,11234,1,41,1.0,17.0,MEDIUM,0
1279,11234,1,87,1.0,17.0,MEDIUM,0
1279,11234,1,3,1.0,17.0,HARD,0
1279,11234,1,5,1.0,17.0,MEDIUM,0
1279,11234,1,11,1.0,17.0,UNKNOWN,2
1279,11234,2,14,11.0,12.0,SOFT,0
1279,11234,1,16,1.0,24.0,MEDIUM,0
1279,11234,2,18,11.0,25.0,HARD,0
1279,11234,1,44,1.0,27.0,MEDIUM,0
1279,11234,3,14,13.0,21.0,SOFT,2
1279,11234,2,5,18.0,32.0,HARD,0
1279,11234,2,23,12.0,32.0,HARD,0
1279,11234,2,30,11.0,32.0,HARD,0
1279,11234,2,55,11.0,32.0,HARD,0
1279,11234,2,1,11.0,33.0,HARD,0
1279,11234,2,3,18.0,40.0,MEDIUM,0
1279,11234,2,11,18.0,42.0,HARD,0
1279,11234,3,55,33.0,44.0,MEDIUM,0
1279,11234,2,43,9.0,45.0,HARD,9
1279,11234,3,18,26.0,33.0,SOFT,0
1279,11234,4,18,34.0,38.0,SOFT,0
1279,11234,2,63,12.0,58.0,HARD,0
1279,11234,2,12,12.0,58.0,HARD,0
1279,11234,2,87,18.0,57.0,HARD,0
1279,11234,3,11,43.0,55.0,SOFT,0
1279,11234,3,43,46.0,56.0,SOFT,0
1279,11234,2,41,18.0,57.0,HARD,0
1279,11234,3,5,33.0,57.0,HARD,0
1279,11234,2,16,25.0,58.0,HARD,0
1279,11234,2,44,28.0,58.0,HARD,0
1279,11234,2,10,11.0,57.0,HARD,0
1279,11234,2,31,11.0,57.0,HARD,0
1279,11234,4,55,45.0,56.0,SOFT,0
1279,11234,3,1,34.0,58.0,MEDIUM,0
1279,11234,3,3,41.0,58.0,HARD,0
1279,11234,3,23,33.0,57.0,SOFT,0
1279,11234,3,30,33.0,57.0,SOFT,0
1279,11234,5,18,39.0,43.0,SOFT,0
1280,11236,1,77,1.0,8.0,MEDIUM,0
1280,11236,3,6,13.0,15.0,SOFT,0
1280,11236,3,3,13.0,17.0,SOFT,0
1280,11236,2,27,9.0,14.0,MEDIUM,0
1280,11236,2,5,9.0,14.0,MEDIUM,0
1280,11236,2,31,8.0,13.0,MEDIUM,0
1280,11236,3,87,14.0,16.0,SOFT,7
1280,11236,1,18,1.0,7.0,MEDIUM,0
1280,11236,2,30,8.0,13.0,MEDIUM,0
1280,11236,2,41,8.0,13.0,MEDIUM,0
1280,11236,4,16,12.0,16.0,SOFT,0
1280,11236,3,44,11.0,15.0,SOFT,0
1280,11236,3,81,11.0,13.0,SOFT,0
1280,11236,3,1,11.0,13.0,SOFT,0
1280,11236,3,10,13.0,15.0,SOFT,0
1280,11236,1,10,1.0,6.0,MEDIUM,0
1280,11236,2,43,7.0,12.0,MEDIUM,0
1280,11236,1,43,1.0,6.0,MEDIUM,0
1280,11236,1,55,1.0,6.0,MEDIUM,0
1280,11236,1,23,1.0,6.0,MEDIUM,0
1280,11236,3,12,9.0,13.0,SOFT,0
1280,11236,3,63,9.0,13.0,SOFT,0
1280,11236,1,14,1.0,5.0,MEDIUM,0
1280,11236,2,10,7.0,12.0,MEDIUM,0
1280,11240,1,55,1.0,19.0,HARD,0
1280,11240,2,63,14.0,19.0,SOFT,0
1280,11240,2,44,14.0,19.0,SOFT,5
1280,11240,2,16,14.0,19.0,SOFT,0
1280,11240,2,1,14.0,19.0,SOFT,3
1280,11240,2,81,14.0,19.0,SOFT,0
1280,11240,1,10,1.0,19.0,MEDIUM,6
1280,11240,1,87,1.0,19.0,MEDIUM,6
1280,11240,2,12,14.0,19.0,SOFT,5
1280,11240,2,6,14.0,19.0,SOFT,7
1280,11240,1,30,1.0,19.0,HARD,0
1280,11240,1,31,1.0,19.0,MEDIUM,7
1280,11240,2,43,14.0,19.0,SOFT,0
1280,11240,1,5,1.0,19.0,MEDIUM,6
1280,11240,2,3,14.0,19.0,SOFT,8
1280,11240,2,18,14.0,19.0,MEDIUM,0
1280,11240,2,23,14.0,19.0,SOFT,0
1280,11240,2,11,14.0,19.0,SOFT,0
1280,11240,1,14,1.0,19.0,HARD,0
1280,11240,1,27,1.0,12.0,MEDIUM,6
1280,11240,1,77,1.0,12.0,MEDIUM,0
1280,11240,1,41,1.0,11.0,MEDIUM,6
1280,11245,1,6,1.0,1.0,SOFT,3
1280,11245,1,3,1.0,9.0,SOFT,3
1280,11245,1,55,1.0,9.0,MEDIUM,0
1280,11245,1,11,1.0,11.0,MEDIUM,0
1280,11245,1,77,1.0,10.0,MEDIUM,0
1280,11245,1,81,1.0,1.0,MEDIUM,0
1280,11245,1,23,1.0,1.0,HARD,0
1280,11245,1,14,1.0,31.0,HARD,0
1280,11245,1,41,1.0,42.0,HARD,0
1280,11245,1,12,1.0,10.0,MEDIUM,0
1280,11245,1,63,1.0,10.0,MEDIUM,0
1280,11245,1,87,1.0,10.0,MEDIUM,0
1280,11245,1,18,1.0,9.0,HARD,0
1280,11245,1,31,1.0,29.0,HARD,0
1280,11245,1,30,1.0,9.0,MEDIUM,0
1280,11245,1,10,1.0,10.0,MEDIUM,0
1280,11245,1,1,1.0,1.0,HARD,0
1280,11245,1,43,1.0,32.0,HARD,0
1280,11245,1,5,1.0,1.0,HARD,0
1280,11245,1,16,1.0,10.0,MEDIUM,0
1280,11245,1,27,1.0,35.0,HARD,0
1280,11245,1,44,1.0,10.0,MEDIUM,0
1280,11245,2,6,2.0,10.0,HARD,0
1280,11245,2,30,10.0,56.0,HARD,0
1280,11245,2,55,10.0,55.0,HARD,0
1280,11245,2,3,10.0,45.0,HARD,0
1280,11245,2,12,11.0,56.0,HARD,0
1280,11245,2,44,11.0,56.0,HARD,0
1280,11245,2,63,11.0,56.0,HARD,0
1280,11245,2,16,11.0,56.0,HARD,0
1280,11245,2,10,11.0,56.0,HARD,0
1280,11245,2,87,11.0,56.0,HARD,0
1280,11245,2,77,11.0,55.0,HARD,0
1280,11245,3,6,11.0,56.0,HARD,0
1280,11245,2,11,12.0,55.0,HARD,0
1280,11245,2,31,30.0,46.0,MEDIUM,0
1280,11245,2,14,32.0,32.0,MEDIUM,0
1280,11245,2,43,33.0,55.0,MEDIUM,0
1280,11245,2,27,36.0,55.0,MEDIUM,0
1280,11245,2,41,43.0,55.0,MEDIUM,0
1280,11245,3,31,47.0,55.0,SOFT,0
1281,11249,1,55,1.0,3.0,SOFT,0
1281,11249,1,23,1.0,3.0,SOFT,0
1281,11249,1,18,1.0,3.0,SOFT,0
1281,11249,1,14,1.0,3.0,SOFT,0
1281,11249,1,77,1.0,3.0,SOFT,0
1281,11249,1,3,1.0,3.0,SOFT,0
1281,11249,1,6,1.0,3.0,SOFT,0
1281,11249,1,63,1.0,3.0,SOFT,0
1281,11249,1,31,1.0,6.0,SOFT,0
1281,11249,1,87,1.0,6.0,SOFT,0
1281,11249,1,11,1.0,3.0,SOFT,0
1281,11249,2,55,4.0,6.0,SOFT,0
1281,11249,1,41,1.0,6.0,SOFT,0
1281,11249,2,23,4.0,6.0,SOFT,0
1281,11249,1,30,1.0,6.0,SOFT,0
1281,11249,2,18,4.0,6.0,SOFT,0
1281,11249,2,14,4.0,6.0,SOFT,0
1281,11249,1,27,1.0,5.0,SOFT,0
1281,11249,1,5,1.0,5.0,SOFT,0
1281,11249,1,1,1.0,5.0,SOFT,0
1281,11249,1,10,1.0,3.0,SOFT,0
1281,11249,1,43,1.0,3.0,SOFT,0
1281,11249,2,77,4.0,6.0,SOFT,0
1281,11249,1,81,1.0,5.0,SOFT,0
1281,11249,2,87,7.0,9.0,SOFT,0
1281,11249,2,11,4.0,6.0,SOFT,0
1281,11249,3,23,7.0,9.0,SOFT,0
1281,11249,3,18,7.0,9.0,SOFT,0
1281,11249,3,14,7.0,9.0,SOFT,0
1281,11249,3,77,7.0,9.0,SOFT,0
1281,11249,1,12,1.0,3.0,SOFT,0
1281,11249,2,63,4.0,6.0,SOFT,0
1281,11249,1,44,1.0,6.0,SOFT,0
1281,11249,1,16,1.0,6.0,SOFT,0
1281,11249,2,3,4.0,6.0,SOFT,3
1281,11249,2,6,4.0,6.0,SOFT,3
1281,11249,2,41,7.0,9.0,SOFT,0
1281,11249,2,27,6.0,8.0,SOFT,0
1281,11249,2,30,7.0,9.0,SOFT,0
1281,11249,2,5,6.0,8.0,SOFT,0
1281,11249,3,55,7.0,9.0,SOFT,0
1281,11249,2,43,4.0,6.0,SOFT,0
1281,11249,2,10,4.0,6.0,SOFT,0
1281,11249,2,31,7.0,9.0,SOFT,0
1281,11249,2,81,6.0,8.0,SOFT,5
1281,11249,2,1,6.0,8.0,SOFT,5
1281,11249,3,63,7.0,9.0,SOFT,6
1281,11249,2,44,7.0,9.0,SOFT,6
1281,11249,2,16,7.0,9.0,SOFT,6
1281,11249,3,3,7.0,9.0,SOFT,0
1281,11249,3,6,7.0,9.0,SOFT,0
1281,11249,3,1,9.0,11.0,SOFT,0
1281,11249,3,81,9.0,11.0,SOFT,0
1281,11249,3,31,10.0,12.0,SOFT,0
1281,11249,3,10,7.0,9.0,SOFT,0
1281,11249,3,27,9.0,11.0,SOFT,0
1281,11249,3,43,7.0,9.0,SOFT,0
1281,11249,3,5,9.0,11.0,SOFT,0
1281,11249,3,41,10.0,12.0,SOFT,0
1281,11249,4,55,10.0,12.0,SOFT,3
1281,11249,3,30,10.0,12.0,SOFT,0
1281,11249,2,12,4.0,6.0,SOFT,3
1281,11249,4,3,10.0,12.0,SOFT,0
1281,11249,4,31,13.0,15.0,SOFT,0
1281,11249,4,27,12.0,14.0,SOFT,0
1281,11249,4,43,10.0,12.0,SOFT,0
1281,11249,5,55,13.0,15.0,SOFT,0
1281,11249,4,30,13.0,15.0,SOFT,0
1281,11249,3,12,7.0,9.0,SOFT,0
1281,11249,4,63,10.0,15.0,SOFT,0
1281,11249,4,5,12.0,14.0,SOFT,0
1281,11249,4,10,10.0,12.0,SOFT,0
1281,11249,4,41,13.0,15.0,SOFT,0
1281,11249,4,1,12.0,14.0,SOFT,0
1281,11249,4,81,12.0,14.0,SOFT,3
1281,11249,3,44,10.0,14.0,SOFT,0
1281,11249,3,16,10.0,12.0,SOFT,0
1281,11249,4,6,10.0,12.0,SOFT,0
1281,11249,4,12,10.0,12.0,SOFT,0
1281,11249,5,63,16.0,18.0,SOFT,0
1281,11249,5,1,15.0,17.0,SOFT,0
1281,11249,5,81,15.0,17.0,SOFT,0
1281,11249,5,6,13.0,15.0,SOFT,0
1281,11249,4,44,15.0,17.0,SOFT,0
1281,11249,5,5,15.0,17.0,SOFT,3
1281,11249,5,41,16.0,18.0,SOFT,3
1281,11249,5,10,13.0,15.0,SOFT,3
1281,11249,4,16,13.0,15.0,SOFT,0
1281,11249,6,6,16.0,17.0,SOFT,0
1281,11249,5,12,13.0,15.0,SOFT,0
1281,11249,6,63,19.0,21.0,SOFT,0
1281,11249,6,1,18.0,20.0,SOFT,0
1281,11249,6,81,18.0,20.0,SOFT,0
1281,11249,5,44,18.0,20.0,SOFT,0
1281,11249,6,5,18.0,20.0,SOFT,0
1281,11249,6,41,19.0,21.0,SOFT,0
1281,11249,6,10,16.0,18.0,SOFT,0
1281,11249,5,16,16.0,18.0,SOFT,0
1281,11253,1,1,1.0,16.0,MEDIUM,0
1281,11253,1,87,1.0,16.0,MEDIUM,0
1281,11253,1,16,1.0,17.0,MEDIUM,0
1281,11253,1,43,1.0,17.0,MEDIUM,0
1281,11253,1,81,1.0,18.0,MEDIUM,0
1281,11253,1,41,1.0,18.0,MEDIUM,0
1281,11253,1,31,1.0,19.0,MEDIUM,0
1281,11253,1,6,1.0,19.0,MEDIUM,0
1281,11253,1,77,1.0,19.0,HARD,0
1281,11253,2,87,17.0,20.0,HARD,0
1281,11253,1,63,1.0,21.0,MEDIUM,0
1281,11253,1,11,1.0,21.0,MEDIUM,0
1281,11253,1,18,1.0,21.0,MEDIUM,0
1281,11253,1,14,1.0,21.0,MEDIUM,0
1281,11253,1,12,1.0,22.0,MEDIUM,0
1281,11253,1,44,1.0,22.0,MEDIUM,0
1281,11253,1,10,1.0,22.0,MEDIUM,0
1281,11253,1,3,1.0,22.0,MEDIUM,0
1281,11253,1,30,1.0,22.0,MEDIUM,0
1281,11253,1,5,1.0,22.0,MEDIUM,0
1281,11253,1,55,1.0,22.0,MEDIUM,0
1281,11253,1,23,1.0,22.0,MEDIUM,0
1281,11253,1,27,1.0,23.0,MEDIUM,0
1281,11253,2,14,22.0,23.0,HARD,0
1281,11253,2,18,22.0,24.0,HARD,0
1281,11253,3,18,25.0,30.0,MEDIUM,0
1281,11253,2,23,23.0,45.0,HARD,0
1281,11253,3,23,46.0,46.0,SOFT,0
1281,11253,4,23,47.0,47.0,SOFT,1
1281,11253,5,23,48.0,48.0,SOFT,2
1281,11253,6,23,49.0,49.0,SOFT,3
1281,11253,2,12,23.0,53.0,HARD,0
1281,11253,7,23,50.0,51.0,MEDIUM,0
1281,11253,2,81,19.0,53.0,HARD,0
1281,11253,2,16,18.0,53.0,HARD,0
1281,11253,2,63,22.0,53.0,HARD,0
1281,11253,2,1,17.0,53.0,HARD,0
1281,11253,2,44,23.0,53.0,HARD,0
1281,11253,3,14,24.0,52.0,MEDIUM,0
1281,11253,2,10,23.0,53.0,HARD,0
1281,11253,2,3,23.0,53.0,HARD,0
1281,11253,2,77,20.0,52.0,MEDIUM,0
1281,11253,2,30,23.0,53.0,HARD,0
1281,11253,2,31,20.0,53.0,HARD,0
1281,11253,2,27,24.0,53.0,HARD,0
1281,11253,2,6,20.0,53.0,HARD,0
1281,11253,2,5,23.0,53.0,HARD,0
1281,11253,2,41,19.0,53.0,HARD,0
1281,11253,2,55,23.0,53.0,HARD,0
1281,11253,2,43,18.0,53.0,HARD,0
1281,11253,2,11,22.0,53.0,HARD,0
1284,11271,1,18,1.0,3.0,MEDIUM,0
1284,11271,1,11,1.0,3.0,MEDIUM,0
1284,11271,1,30,1.0,2.0,MEDIUM,0
1284,11271,1,41,1.0,3.0,MEDIUM,0
1284,11271,1,31,1.0,3.0,MEDIUM,0
1284,11271,1,87,1.0,3.0,MEDIUM,0
1284,11271,1,63,1.0,3.0,MEDIUM,0
1284,11271,1,12,1.0,3.0,MEDIUM,0
1284,11271,1,77,1.0,3.0,MEDIUM,0
1284,11271,1,14,1.0,6.0,MEDIUM,0
1284,11271,2,30,3.0,5.0,MEDIUM,0
1284,11271,2,31,4.0,6.0,MEDIUM,3
1284,11271,2,77,4.0,6.0,MEDIUM,3
1284,11271,2,12,4.0,5.0,MEDIUM,2
1284,11271,2,63,4.0,6.0,MEDIUM,0
1284,11271,1,27,1.0,6.0,MEDIUM,0
1284,11271,1,5,1.0,6.0,MEDIUM,0
1284,11271,1,23,1.0,6.0,MEDIUM,0
1284,11271,1,6,1.0,6.0,MEDIUM,0
1284,11271,1,3,1.0,3.0,MEDIUM,0
1284,11271,1,10,1.0,6.0,MEDIUM,0
1284,11271,1,16,1.0,6.0,MEDIUM,0
1284,11271,1,44,1.0,6.0,MEDIUM,0
1284,11271,1,43,1.0,6.0,MEDIUM,0
1284,11271,1,55,1.0,6.0,MEDIUM,0
1284,11271,1,81,1.0,5.0,MEDIUM,0
1284,11271,1,1,1.0,7.0,MEDIUM,0
1284,11271,2,41,4.0,6.0,MEDIUM,0
1284,11271,2,87,4.0,6.0,MEDIUM,2
1284,11271,3,12,6.0,8.0,MEDIUM,0
1284,11271,2,27,7.0,9.0,MEDIUM,0
1284,11271,3,63,7.0,9.0,MEDIUM,0
1284,11271,2,5,7.0,9.0,MEDIUM,0
1284,11271,2,23,7.0,12.0,MEDIUM,0
1284,11271,3,41,7.0,9.0,MEDIUM,0
1284,11271,3,87,7.0,9.0,MEDIUM,0
1284,11271,2,55,7.0,12.0,MEDIUM,0
1284,11271,3,27,10.0,12.0,MEDIUM,3
1284,11271,3,5,10.0,12.0,MEDIUM,3
1284,11271,4,63,10.0,12.0,MEDIUM,3
1284,11271,2,44,7.0,12.0,MEDIUM,0
1284,11271,2,1,8.0,12.0,MEDIUM,0
1284,11271,2,16,7.0,12.0,MEDIUM,0
1284,11271,2,10,7.0,12.0,MEDIUM,0
1284,11271,2,43,7.0,12.0,MEDIUM,0
1284,11271,2,6,7.0,12.0,MEDIUM,0
1284,11271,2,3,4.0,9.0,MEDIUM,0
1284,11271,2,81,6.0,8.0,MEDIUM,0
1284,11271,4,12,9.0,11.0,MEDIUM,3
1284,11271,5,63,13.0,15.0,SOFT,0
1284,11271,3,44,13.0,15.0,SOFT,0
1284,11271,3,1,13.0,15.0,SOFT,0
1284,11271,3,16,13.0,15.0,SOFT,0
1284,11271,3,10,13.0,15.0,SOFT,6
1284,11271,3,43,13.0,15.0,SOFT,5
1284,11271,3,6,13.0,15.0,SOFT,0
1284,11271,3,3,10.0,12.0,SOFT,0
1284,11271,3,81,9.0,11.0,SOFT,0
1284,11271,5,12,12.0,14.0,SOFT,0
1284,11275,1,41,1.0,1.0,MEDIUM,3
1284,11275,1,27,1.0,1.0,MEDIUM,6
1284,11275,1,23,1.0,13.0,MEDIUM,6
1284,11275,1,1,1.0,19.0,MEDIUM,0
1284,11275,1,81,1.0,19.0,MEDIUM,0
1284,11275,1,16,1.0,19.0,MEDIUM,0
1284,11275,1,12,1.0,19.0,MEDIUM,0
1284,11275,1,63,1.0,19.0,MEDIUM,0
1284,11275,1,3,1.0,19.0,MEDIUM,3
1284,11275,1,44,1.0,19.0,MEDIUM,0
1284,11275,1,10,1.0,19.0,MEDIUM,0
1284,11275,1,6,1.0,19.0,MEDIUM,6
1284,11275,1,43,1.0,19.0,MEDIUM,0
1284,11275,1,5,1.0,19.0,MEDIUM,6
1284,11275,1,31,1.0,19.0,MEDIUM,3
1284,11275,1,87,1.0,19.0,MEDIUM,3
1284,11275,1,55,1.0,19.0,MEDIUM,6
1284,11275,1,30,1.0,19.0,MEDIUM,0
1284,11275,1,14,1.0,19.0,SOFT,0
1284,11275,1,11,1.0,19.0,HARD,0
1284,11275,1,18,1.0,19.0,SOFT,0
1284,11275,2,23,14.0,19.0,MEDIUM,6
1284,11275,1,77,1.0,19.0,HARD,0
1284,11276,1,41,1.0,3.0,SOFT,0
1284,11276,1,30,1.0,2.0,SOFT,0
1284,11276,1,23,1.0,3.0,SOFT,0
1284,11276,1,31,1.0,3.0,SOFT,0
1284,11276,1,55,1.0,3.0,SOFT,0
1284,11276,1,87,1.0,3.0,SOFT,0
1284,11276,1,18,1.0,3.0,SOFT,0
1284,11276,1,27,1.0,3.0,MEDIUM,6
1284,11276,1,14,1.0,3.0,SOFT,0
1284,11276,1,11,1.0,3.0,SOFT,0
1284,11276,1,77,1.0,3.0,SOFT,0
1284,11276,1,10,1.0,2.0,SOFT,9
1284,11276,1,43,1.0,2.0,SOFT,0
1284,11276,1,6,1.0,3.0,SOFT,3
1284,11276,1,16,1.0,3.0,SOFT,3
1284,11276,1,44,1.0,3.0,SOFT,3
1284,11276,1,1,1.0,3.0,SOFT,3
1284,11276,1,81,1.0,3.0,SOFT,3
1284,11276,1,63,1.0,3.0,SOFT,3
1284,11276,1,12,1.0,3.0,SOFT,3
1284,11276,2,23,4.0,6.0,SOFT,0
1284,11276,2,30,3.0,5.0,SOFT,0
1284,11276,2,55,4.0,6.0,SOFT,0
1284,11276,2,31,4.0,6.0,SOFT,0
1284,11276,2,18,4.0,6.0,SOFT,0
1284,11276,2,41,4.0,6.0,SOFT,0
1284,11276,2,14,4.0,6.0,SOFT,0
1284,11276,2,11,4.0,6.0,SOFT,0
1284,11276,2,27,4.0,6.0,SOFT,0
1284,11276,2,77,4.0,6.0,SOFT,0
1284,11276,3,14,7.0,8.0,SOFT,0
1284,11276,1,5,1.0,3.0,SOFT,0
1284,11276,3,41,7.0,9.0,SOFT,0
1284,11276,3,18,7.0,9.0,SOFT,0
1284,11276,3,11,7.0,9.0,SOFT,0
1284,11276,3,77,7.0,9.0,SOFT,0
1284,11276,2,6,4.0,9.0,SOFT,0
1284,11276,1,3,1.0,3.0,SOFT,3
1284,11276,3,27,7.0,8.0,SOFT,0
1284,11276,3,55,7.0,9.0,SOFT,0
1284,11276,3,23,7.0,9.0,SOFT,0
1284,11276,2,16,4.0,9.0,SOFT,6
1284,11276,2,44,4.0,9.0,SOFT,6
1284,11276,3,31,7.0,9.0,SOFT,0
1284,11276,2,87,4.0,6.0,SOFT,0
1284,11276,2,10,3.0,8.0,SOFT,0
1284,11276,2,1,4.0,6.0,SOFT,6
1284,11276,2,43,3.0,8.0,SOFT,0
1284,11276,3,30,6.0,8.0,SOFT,0
1284,11276,2,81,4.0,8.0,SOFT,6
1284,11276,2,12,4.0,6.0,SOFT,0
1284,11276,2,63,4.0,6.0,SOFT,0
1284,11276,3,1,7.0,8.0,SOFT,0
1284,11276,3,12,7.0,9.0,SOFT,0
1284,11276,3,63,7.0,9.0,SOFT,0
1284,11276,3,10,9.0,11.0,SOFT,0
1284,11276,3,43,9.0,11.0,SOFT,0
1284,11276,4,55,10.0,12.0,SOFT,0
1284,11276,3,6,10.0,12.0,SOFT,0
1284,11276,2,3,4.0,6.0,SOFT,0
1284,11276,3,16,10.0,12.0,SOFT,0
1284,11276,4,27,9.0,11.0,SOFT,0
1284,11276,4,30,9.0,11.0,SOFT,0
1284,11276,3,81,9.0,11.0,SOFT,0
1284,11276,3,44,10.0,12.0,SOFT,0
1284,11276,4,31,10.0,12.0,SOFT,0
1284,11276,3,87,7.0,9.0,SOFT,0
1284,11276,4,23,10.0,12.0,SOFT,0
1284,11276,5,55,13.0,15.0,SOFT,0
1284,11276,5,27,12.0,14.0,SOFT,0
1284,11276,5,30,12.0,14.0,SOFT,0
1284,11276,5,31,13.0,15.0,SOFT,0
1284,11276,4,87,10.0,12.0,SOFT,0
1284,11276,5,23,13.0,15.0,SOFT,0
1284,11276,4,81,12.0,14.0,SOFT,0
1284,11276,4,1,9.0,14.0,SOFT,0
1284,11276,4,6,13.0,15.0,SOFT,0
1284,11276,3,3,7.0,9.0,SOFT,0
1284,11276,4,16,13.0,15.0,SOFT,0
1284,11276,4,44,13.0,15.0,SOFT,0
1284,11276,4,10,12.0,14.0,SOFT,0
1284,11276,4,43,12.0,14.0,SOFT,0
1284,11276,4,12,10.0,12.0,SOFT,0
1284,11276,4,63,10.0,12.0,SOFT,0
1284,11276,5,12,13.0,15.0,SOFT,0
1284,11276,5,63,13.0,15.0,SOFT,0
1284,11276,5,81,15.0,17.0,SOFT,0
1284,11276,5,1,15.0,17.0,SOFT,0
1284,11276,5,16,16.0,18.0,SOFT,0
1284,11276,5,44,16.0,18.0,SOFT,0
1284,11276,5,10,15.0,17.0,SOFT,0
1284,11276,5,43,15.0,17.0,SOFT,0
1284,11276,5,6,16.0,18.0,SOFT,0
1284,11276,4,3,10.0,12.0,SOFT,0
1284,11276,6,12,16.0,17.0,SOFT,0
1284,11276,6,43,18.0,19.0,SOFT,0
1284,11276,6,63,16.0,18.0,SOFT,0
1284,11276,6,81,18.0,20.0,SOFT,0
1284,11276,6,1,18.0,20.0,SOFT,0
1284,11276,6,16,19.0,21.0,SOFT,0
1284,11276,6,44,19.0,21.0,SOFT,0
1284,11276,6,10,18.0,20.0,SOFT,0
1284,11276,6,6,19.0,21.0,SOFT,0
1284,11276,5,3,13.0,15.0,SOFT,0
1284,11280,1,16,1.0,21.0,MEDIUM,0
1284,11280,1,3,1.0,6.0,MEDIUM,0
1284,11280,1,55,1.0,28.0,MEDIUM,0
1284,11280,1,44,1.0,27.0,MEDIUM,0
1284,11280,1,30,1.0,6.0,MEDIUM,0
1284,11280,1,41,1.0,28.0,MEDIUM,0
1284,11280,1,63,1.0,20.0,MEDIUM,0
1284,11280,1,12,1.0,26.0,MEDIUM,0
1284,11280,1,23,1.0,27.0,MEDIUM,3
1284,11280,1,14,1.0,41.0,MEDIUM,0
1284,11280,1,5,1.0,32.0,MEDIUM,0
1284,11280,1,27,1.0,1.0,MEDIUM,0
1284,11280,1,87,1.0,26.0,MEDIUM,0
1284,11280,1,11,1.0,29.0,MEDIUM,0
1284,11280,1,18,1.0,21.0,MEDIUM,0
1284,11280,1,31,1.0,31.0,MEDIUM,0
1284,11280,1,43,1.0,31.0,MEDIUM,0
1284,11280,1,1,1.0,27.0,MEDIUM,0
1284,11280,1,6,1.0,4.0,HARD,0
1284,11280,1,77,1.0,6.0,MEDIUM,0
1284,11280,1,10,1.0,4.0,MEDIUM,0
1284,11280,1,81,1.0,28.0,MEDIUM,0
1284,11280,2,27,2.0,7.0,MEDIUM,0
1284,11280,2,3,7.0,57.0,HARD,0
1284,11280,2,77,7.0,21.0,SOFT,0
1284,11280,2,63,21.0,57.0,HARD,0
1284,11280,2,16,22.0,57.0,HARD,0
1284,11280,2,18,22.0,37.0,SOFT,3
1284,11280,3,77,22.0,30.0,MEDIUM,0
1284,11280,2,12,27.0,57.0,HARD,0
1284,11280,2,87,27.0,56.0,HARD,0
1284,11280,2,1,28.0,57.0,HARD,0
1284,11280,2,44,28.0,57.0,HARD,0
1284,11280,2,23,28.0,57.0,HARD,0
1284,11280,2,81,29.0,57.0,HARD,0
1284,11280,2,55,29.0,57.0,HARD,0
1284,11280,2,41,29.0,56.0,HARD,0
1284,11280,2,11,30.0,56.0,HARD,0
1284,11280,4,77,31.0,55.0,MEDIUM,9
1284,11280,2,43,32.0,57.0,HARD,0
1284,11280,2,31,32.0,56.0,HARD,0
1284,11280,2,5,33.0,56.0,HARD,0
1284,11280,3,18,38.0,56.0,SOFT,0
1284,11280,2,14,42.0,56.0,SOFT,0
